BP,No. VP,Nombre Proyecto,Departamento,Municipio,Total beneficiarios,Hombres,Mujeres,Total Víctimas,Valor cofinanciado ADR,Valor encargo fiduciario,Valor total cofinanciación ADR,Valor Contrapartida,Valor total proyecto,Hectáreas,Resolución,Fecha resolución,Vigencia,Lineamiento de consejo directivo
1,1,"Implementar un sistema de ganadería silvopastoril, doble propósito con la compra de 60 hembras preñadas (girolando 5/8H 3/8G), mejoramiento de praderas, elaboración de silo y mejoramiento genético mediante inseminación artificial, en la inspección de Guayabal en el municipio de San Vicente del Caguán",CAQUETA,SAN VICENTE DEL CAGUÁN,46,26,20,0,534000000,N/A,534000000,115640000,649640000,40,1220,06/29/2018 12:00:00 AM,2017,N/A
2,2,"Fortalecimiento del cultivo de arroz y caña panelera, con la implementación de tecnologías a partir de la dotación de maquinaria agrícola en el corregimento de Llorente en el municipio de Tumaco - Nariño",NARIÑO,SAN ANDRÉS DE TUMACO,19,7,12,0,185000000,N/A,185000000,265082460,450082460,64,1234,07/06/2017 12:00:00 AM,2017,N/A
3,3,Implementar un modelo piscícola para la producción de tilapia roja bajo el sistema de BIOFLOC en la vereda Miravalle en el municipio de San Vicente del Caguán,CAQUETA,SAN VICENTE DEL CAGUÁN,52,36,16,31,905900513,N/A,905900513,104748820,1010649333,1,1322,08/15/2017 12:00:00 AM,2017,N/A
4,4,Mejorar las capacidades productivas para la agregación de valor mediante el mejoramiento de la infraestructura de riego y la asesoría técnica a pequeños y medianos productores en el municipio de Zona Bananera del Departamento de Magdalena,MAGDALENA,ZONA BANANERA,150,121,29,0,2948347650,N/A,2948347650,665760350,3614108000,411,1307,08/04/2017 12:00:00 AM,2017,N/A
5,5,Mejorar las capacidades productivas de 97 familias caficultoras mediante la dotación de equipos para el beneficio de café de los resguardos La Paila y Pueblo Nuevo en Buenos Aires Cauca,CAUCA,BUENOS AIRES,97,76,21,0,500000000,N/A,500000000,581106000,1081106000,98,1215,06/29/2017 12:00:00 AM,2017,N/A
6,6,"Mejorar las capacidades técnicas de adecuación, siembra y sostenimiento de plátano para la construcción de paz, beneficiando 35 familias en el municipio de Carmen del Darién - Chocó",CHOCO,CARMEN DEL DARIÉN,35,30,5,0,250000000,N/A,250000000,513500000,763500000,100,1219,06/29/2017 12:00:00 AM,2017,N/A
7,7,"Dotar de uno (1) tractor 80-90 HP 4WD para el fortalecimiento de la producción del cultivo de la yuca a través de la implementación de tecnología a la asociación La Esperanza KM 52 ubicada en las veredas El Gualtal, La Variante y el Pulgan del municipio de Tumaco Departamento de Nariño",NARIÑO,SAN ANDRÉS DE TUMACO,27,16,11,0,175000000,N/A,175000000,131854753,306854753,27,1216,06/29/2017 12:00:00 AM,2017,N/A
8,8,"Fortalecer la producción piscícola de acuicultores de recursos limitados (AREL), mediante el suministro de insumos y equipos básicos para incrementar el rendimiento y la comercialización en vivo de cachama blanca, en el municipio de Tumaco, Nariño",NARIÑO,SAN ANDRÉS DE TUMACO,25,21,4,16,180000000,N/A,180000000,33075000,213075000,19,1267,07/19/2017 12:00:00 AM,2017,N/A
9,9,"Mejoramiento socioeconómico para la construcción de paz en las comunidades del municipio de Riosucio Chocó a través del apoyo a la línea productiva de plátano con la compra de camiones, herramientas y equipos especializados para el transporte de fruta de primera",CHOCO,RIOSUCIO,30,18,12,0,278000000,N/A,278000000,163200000,441200000,150,1300,08/04/2017 12:00:00 AM,2017,N/A
10,10,"Fortalecimiento de la capacidad productiva de 77 pequeños productores de leche ubicados en la Zona La Plancha, del municipio de Anorí - Antioquia",ANTIOQUIA,ANORÍ,77,67,10,40,300533500,N/A,300533500,1314390000,1614923500,77,1305,08/04/2017 12:00:00 AM,2017,N/A
11,11,"Fortalecer el sector ganadero en el municipio de Tibú, mediante la compra de un banco de maquinaria agropecuaria (un tractor con sus respectivos implementos, máquinas pica pastos) con el propósito de realizar la renovación de 495 hectáreas de praderas de 27 productores pertenecientes a la Asociación de Ganaderos del Catatumbo ASOPROGAC",N_DE_SANTANDER,TIBÚ,27,21,6,9,251600000,N/A,251600000,481257000,732857000,495,1306,08/04/2017 12:00:00 AM,2017,N/A
12,12,"Fortalecer la línea productiva ganadería doble propósito, mediante el mejoramiento tecnológico y productivo de praderas para beneficiar pequeños y medianos ganaderos en las veredas de Aguazul, San José, Santa Teresa, La Esperanza, Altamira, Palestina y Los Medios en el municipio La Macarena Departamento del Meta",META,LA MACARENA,32,16,16,0,250000000,N/A,250000000,90480000,340480000,128,1218,06/29/2017 12:00:00 AM,2017,N/A
13,13,"Mejoramiento de las capacidades de comercialización de plátano, arroz, carne de cerdo y pollo, mediante la dotación de 1 equipo de secado y 1 para empacado de arroz, 7 embarcaciones, 8 motores fuera de borda, 6 plantas eléctricas y 6 congeladores, para el beneficio de 60 familias de pequeños productores en el municipio de Vigía del Fuerte, departamento de Antioquia",ANTIOQUIA,VIGÍA DEL FUERTE,60,29,31,0,459683250,N/A,459683250,105160125,564843375,1210,1299,08/04/2017 12:00:00 AM,2017,N/A
14,14,"Fortalecimiento de las capacidades productivas de 49 pequeños productores ganaderos de leche del municipio de Anorí, Antioquia; mediante la dotación de equipos para la transformación de leche en queso tipo mozarella",ANTIOQUIA,ANORÍ,49,47,2,20,176999998,N/A,176999998,1197250347,1374250345,2897,1268,07/19/2017 12:00:00 AM,2017,N/A
15,15,"Fortalecimiento al centro de acopio lechero en beneficio de la Asociación de Ganaderos Ecológicos del Guaviare ""ASOGEG"" en el municipio de San José del Guaviare",GUAVIARE,SAN JOSÉ DEL GUAVIARE,30,23,7,0,145372000,N/A,145372000,19515000,164887000,0,1221,06/29/2017 12:00:00 AM,2017,N/A
16,16,"Fortalecer el sistema productivo de café variedad Castillo Tambo en asocio con aguacate Hass y manejo de post-cosecha en 46 unidades productivas de las veredas Nacederos, El Cerro, Buenavista, Sión y Buena Esperanza del municipio de Policarpa - Departamento de Nariño.",NARIÑO,POLICARPA,46,32,14,36,534212400,N/A,534212400,131501500,665713900,60,1491,10/30/2017 12:00:00 AM,2017,N/A
17,17,"Fortalecer la capacidad productiva y manejo de poscosecha mediante el establecimiento de 20 ha variedad resistente a roya, sostenimiento de 20 has de café variedad Colombia, adquisición de cuarenta beneficiaderos ecológicos y la dotación de dos equipos de laboratorio para la Asociación de Caficultores de la Macarena y Sumapaz para el año 2017 en el municipio de Mesetas - Meta.",META,MESETAS,40,31,9,0,500000000,N/A,500000000,106600000,606600000,40,1250,07/12/2017 12:00:00 AM,2017,N/A
18,18,"Dotación de banco de maquinaria y elementos para el establecimiento de un sistema silvopastoril para el mejoramiento de la cadena productiva de leche, para medianos y pequeños ganaderos de las veredas de Charras, Charrasquera, Unión de buenos aires, Caño negro, Caño danta ubicadas en el municipio de San José del Guaviare - departamento del Guaviare",GUAVIARE,SAN JOSÉ DEL GUAVIARE,42,33,9,30,546720000,N/A,546720000,640278000,1186998000,42,1254,07/13/2017 12:00:00 AM,2017,N/A
19,19,"Fortalecer la cadena productiva de cacao en el Distrito Comunal de Filipinas, municipio de Arauquita - departamento de Arauca.",ARAUCA,ARAUQUITA,40,25,15,11,499970760,N/A,499970760,291424000,791394760,64,1304,08/04/2017 12:00:00 AM,2017,N/A
20,20,"Fortalecer la productividad y competitividad de 46 cacaoteros de las asociaciones ASOCADELCAT, ASOCOMMULCAT y ASOPROCAP, del muncipio de Tibú - departamento de Norte de Santander",N_DE_SANTANDER,TIBÚ,46,31,15,21,252785478,N/A,252785478,351466000,604251478,92,1453,10/12/2017 12:00:00 AM,2017,N/A
21,21,Fortalecimiento de la cadena productiva de cachama blanca para la asociación de mujeres cabeza de familia del corregimiento la Carmelita - AMCAR del municipio de Puerto Asís - Putumayo,PUTUMAYO,PUERTO ASÍS,45,31,14,6,191473000,N/A,191473000,47327000,238800000,7,1256,07/13/2017 12:00:00 AM,2017,N/A
22,22,Mejorar la productividad lechera de pequeños y medianos productores ganaderos de la vereda Pondores en el municipio de Fonseca - Departamento de la Guajira,LA_GUAJIRA,FONSECA,25,17,8,0,90958625,N/A,90958625,27375000,118333625,500,1217,06/29/2017 12:00:00 AM,2017,N/A
23,23,"Fortalecer la cadena productiva de café y plátano, a través del suministro de insumos y asistencia técnica en la vereda Llano Grande de Chimiadó del municipio de Dabeiba, Antioquia",ANTIOQUIA,DABEIBA,25,20,5,23,401373250,N/A,401373250,355140000,756513250,69,1351,08/28/2017 12:00:00 AM,2017,N/A
24,24,"Fortalecimiento al proceso de beneficio de café a pequeños productores en las veredas de Santa Lucía, Quindío, Quebrada del medio y Santa Bárbara y sostenimiento de una hectárea de café para cada uno de los 23 beneficiarios de APROCANT, en el municipio de Ituango, Antioquia",ANTIOQUIA,ITUANGO,23,20,3,19,239748000,N/A,239748000,52729500,292477500,23,1261,07/17/2017 12:00:00 AM,2017,N/A
25,25,"Fortalecimiento de la productividad del cultivo de caucho con la implementación de tecnologías a partir de la dotación de maquinaria e insumos agrícolas en las veredas Las Delicias, Aguazul, Buenos Aires, Altamira, Santa Teresa, Los Medios y El Billar del municipio de la Macarena - Meta",META,LA MACARENA,28,16,12,10,255000000,N/A,255000000,41570000,296570000,93,1401,09/19/2017 12:00:00 AM,2017,N/A
26,26,Fortalecer la competitividad de pequeños y medianos productores de ganadería doble propósito de la vereda El Cedrito mediante la implementación de dos tanques de frío de leche,CAQUETA,LA MONTAÑITA,20,12,8,0,125000000,N/A,125000000,33667500,158667500,350,1264,07/18/2017 12:00:00 AM,2017,N/A
27,27,"Implementar la infraestructura para el acopio de café a 62 pequeños caficultores del municipio de Miranda, departamento del Cauca",CAUCA,MIRANDA,62,45,17,41,709887870,N/A,709887870,564126400,1274014270,99,105,02/15/2018 12:00:00 AM,2017,N/A
28,28,"Implementación de un modelo piscícola para la producción de trucha arco iris en la vereda Caserío Balsillas, Municipio de San Vicente del Caguán",CAQUETA,SAN VICENTE DEL CAGUÁN,49,19,30,14,528075000,N/A,528075000,63450000,591525000,1,1406,09/22/2017 12:00:00 AM,2017,N/A
29,29,"Dotar a través de la construcción de un centro de acopio lechero equipado con dos tanques de frío de 1000 litros cada uno, a 22 pequeños y medianos productores de la Asociación de Ganaderos del Sector la Cooperativa AGACOOP, del municipio de Vista Hermosa Meta",META,VISTAHERMOSA,22,15,7,5,677924000,N/A,677924000,93828000,771752000,776,836,10/08/2018 12:00:00 AM,2017,N/A
30,30,"Implementar y fortalecer la cadena productiva de la Asociación Agropecuaria de productos alternativos del Cuembí - AGROPAL del corredor Puerto Vega - Teteye en el municipio de Puerto Asís, Departamento del Putumayo, mediante la implementación de 100 ha de arroz, adecuación de infraestructura y dotación de equipos",PUTUMAYO,PUERTO ASÍS,100,69,31,23,190833000,N/A,190833000,232601600,423434600,100,1255,07/13/2017 12:00:00 AM,2017,N/A
31,31,"Mejorar las capacidades productivas del cultivo de café y su proceso post cosecha, dirigido a la población indígena y campesina del municipio de Caldono - departamento del Cauca.",CAUCA,CALDONO,51,40,11,6,501204000,N/A,501204000,99735000,600939000,51,1438,10/06/2017 12:00:00 AM,2017,N/A
32,32,"Fortalecimiento de la actividad productiva porcícola, ubicada en diecisieta (17) municipios del departamento del Cauca, contribuyendo a la generación de ingresos económicos para doscientos noventa (290) familias del sector rural",CAUCA,"CALDONO, POPAYÁN, CAJIBIO, EL TAMBO, LA SIERRA, MORALES, PIENDAMÓ, SOTARÁ, TIMBÍO, BOLÍVAR, MERCADERES, PATÍA, SUAREZ, SILVIA, ROSAS, FLORENCIA, ARGELIA",290,117,173,84,1544000000,N/A,1544000000,333500000,1877500000,0,1468,10/17/2017 12:00:00 AM,2016,N/A
33,33,Fortalecer la cadena productiva de la caña panelera y la actividad de transformación de los productores paneleros ASOPADI del municipio de Ituango - Antioquia,ANTIOQUIA,ITUANGO,12,11,1,0,199200000,N/A,199200000,85226996,284426996,24,1251,07/12/2017 12:00:00 AM,2017,N/A
34,34,"Fortalecimiento del sistema productivo de pequeños caficultores mediante la dotación de maquinaria e insumos agrícolas para familias cafeteras de las veredas El Oso, La Unión, Puerto Limón, Alto Santo y Jordán del municipio de Planadas Tolima",TOLIMA,PLANADAS,104,75,29,27,480584000,N/A,480584000,295360000,775944000,104,1303,08/04/2017 12:00:00 AM,2017,N/A
36,36,"Fortalecimiento tecnológico y productivo de la cadena frutícola, en las veredas de la Fila, La Georgina, Balconcitos, La Laja, San José de Guatimbol y Alto de Icononzo, zona de influencia de la ZVTN de Icononzo Tolima",TOLIMA,ICONONZO,99,71,28,25,288986400,N/A,288986400,340244960,629231360,99,1490,10/30/2017 12:00:00 AM,2017,N/A
37,37,"Mejoramiento de las capacidades productivas de pequeños y medianos productores cacaoteros, pertenecientes a la Asociación productiva Bajo Guejar - ASPROBAGUEJAR, y a la Asociación de cacaoteros del Bajo Guaimaral mediante el establecimiento por beneficiario de 1 Ha de cacao en asocio con plátano, entrega de insumospara el establecimiento del cultivo y dotación de equipos para su sostenimiento",META,"VISTAHERMOSA, PUERTO RICO",23,14,9,8,252400000,N/A,252400000,61640000,314040000,24,1301,08/04/2017 12:00:00 AM,2017,N/A
38,38,Fortalecer la competitividad de pequeños y medianos productores de ganadería doble propósito de la vereda El Cedro mediante la implementación de dos tanques de frío de leche,CAQUETA,LA MONTAÑITA,21,11,10,0,125000000,N/A,125000000,33667500,158667500,410,1263,07/18/2017 12:00:00 AM,2017,N/A
39,39,"Producción de miel mediante la implementación de un proyecto apícola para ejecutar en la vereda Chibogadó Alto, ubicada cerca al punto transitorio de normalización, municipio de Tierralta, departamento de Córdoba",CORDOBA,TIERRALTA,41,34,7,19,164891998,N/A,164891998,30665320,195557318,5,1440,10/06/2017 12:00:00 AM,2017,N/A
40,40,"Producción de miel mediante la implementación de un proyecto apícola para ejecutar en la vereda El Limón, ubicada cerca al punto transitorio de normalización, municipio de Tierralta, departamento de Córdoba.",CORDOBA,TIERRALTA,28,22,6,11,114792000,N/A,114792000,26120100,140912100,4,1441,10/06/2017 12:00:00 AM,2017,N/A
41,41,"Producción de miel mediante la implementación de un proyecto apícola para ejecutar en la vereda Gallo, ubicada cerca al punto transitorio de normalización, municipio de Tierralta, departamento de Córdoba.",CORDOBA,TIERRALTA,31,30,1,9,124970398,N/A,124970398,26370100,151340498,4,1447,10/10/2017 12:00:00 AM,2017,N/A
42,42,"Renovar, sostener, fortalecer y mejorar el sistema productivo de café, para 50 pequeños caficultores del corregimiento de San José de Oriente, municipio de la Paz - Cesár, a través de la dotación de maquinaria e insumos agrícolas, que permita optimizar sus ingresos.",CESAR,LA PAZ,50,10,40,33,501238122,N/A,501238122,388283500,889521622,50,1587,12/01/2017 12:00:00 AM,2017,N/A
43,43,"Dotación de maquinaria agrícola y elementos para la implementación de sistemas silvopastoriles y mejoramiento de la cadena productiva de leche de la Asociación Comité de Ganaderos del Capricho en el corregimiento el Capricho del municipio de San José del Guaviare, Zona Veredal Transitoria de Normalización Colinas, departamento del Guaviare, Zona Oeste",GUAVIARE,SAN JOSÉ DEL GUAVIARE,31,26,5,12,360960000,N/A,360960000,502649200,863609200,31,1302,08/04/2017 12:00:00 AM,2017,N/A
44,44,"Siembra, producción y sostenimiento de cultivos de cacao, maíz y plátano para las Comunidades Indígenas Alto Palmira, Esperanza y Santa Isabel, de la zona Nro. 3 del resguardo indígena Embera Katío del Alto Andágueda",CHOCO,BAGADÓ,73,52,21,48,346452142,N/A,346452142,524040000,870492142,73,1452,10/12/2017 12:00:00 AM,2017,N/A
45,45,Adquisición de Banco básico de maquinaria agrícola como herramienta de optimización de los recursos naturales y apoyo a la prestación de servicios que mejoren la productividad de los predios ganaderos y agrícolas de los pequeños y medianos productores de las veredas Agua Bonita.,CAQUETA,LA MONTAÑITA,20,5,15,12,237085000,N/A,237085000,88040000,325125000,200,1290,08/03/2017 12:00:00 AM,2017,N/A
46,46,Mejoramiento de la producción ganadera de doble propósito en el área de influencia de la ZVTN de Icononzo Tolima,TOLIMA,ICONONZO,40,30,10,5,272690500,N/A,272690500,88800000,361490500,80,1340,08/23/2017 12:00:00 AM,2017,N/A
47,47,Adquisición de banco básico de maquinaria agrícola para la inserción de tecnología aplicada a la ganadería en las áreas de intervención de cooperativa multiactiva de productores agropecuarios de Campo Hermoso y la Amazonía COOPROCAM,CAQUETA,SAN VICENTE DEL CAGUÁN,21,16,5,3,160000000,N/A,160000000,239757322,399757322,168,155,03/07/2018 12:00:00 AM,2016,N/A
48,48,"Mejoramiento de las capacidades productivas de 20 familias que forman parte del Resguardo Toribío, mediante la implementación de los cultivos de Mango Tommy, piña y construcción de 14 invernaderos metálicos para la siembra de tomate de mesa en el municipio de Toribío.",CAUCA,TORIBÍO,20,17,3,9,197000000,N/A,197000000,71010000,268010000,5,1522,11/08/2017 12:00:00 AM,2016,N/A
49,49,"Establecimiento de 140 hectáreas de mango de hilaza en los municipios de Luruaco y Ponedera, departamento del Atlántico",ATLANTICO,"LURUACO, PONEDERA",140,103,37,15,1505613100,N/A,1505613100,350547400,1856160500,140,104,02/15/2018 12:00:00 AM,2017,N/A
50,50,"Fortalecimiento del grupo asociativo y comunitario de trabajo ""Sembradores de vida"", en productividad ganadera doble propósito en el municipio de Colombia, departamento del Huila",HUILA,COLOMBIA,50,26,24,45,499318000,N/A,499318000,145671342,644989342,250,107,02/15/2018 12:00:00 AM,2016,N/A
51,51,"Fortalecimiento productivo piscícola y generación de ingresos de tres asociaciones de pescadores en las ciénagas Carate y Boca de la quebrada ubicadas en el municipio de San Marcos, departamento de Sucre",SUCRE,SAN MARCOS,75,47,28,6,1000000000,N/A,1000000000,425600000,1425600000,46,117,02/21/2018 12:00:00 AM,2016,N/A
53,53,"Dotación de maquinaria y equipos para procesamiento de cafés, Grupo asociativo San Isidro, municipio de Acevedo Huila",HUILA,ACEVEDO,53,44,9,1,532000000,N/A,532000000,120727869,652727869,0,1439,10/06/2017 12:00:00 AM,2016,N/A
54,54,"Mejorar las capacidades productivas de 298 familias pequeñas productoras ganaderas, mediante el suministro de insumos, herramientas y compra de 596 novillas de vientre para explotación de ganadería doble propósito en 13 municipios del Departamento del Cauca",CAUCA,"Caldono, Cajibio, Corinto, Mercaderes, Morales, Patía, Piendamó, Popayán, La Sierra, Silvia, Sotará, El Tambo Y Timbío",298,190,108,93,1998477000,N/A,1998477000,351250732,2349727732,595,1474,10/19/2017 12:00:00 AM,2016,N/A
56,56,"Construcción e implementación de sistema de secado solar para el manejo de café especial de 41 pequeños productores pertenecientes a la Asociación de Organizaciones cafeteras de alta calidad, ubicados en veredas varias del municipio de Teruel, departamento del Huila",HUILA,TERUEL,41,36,5,1,458236500,N/A,458236500,158719522,616956022,120,1598,12/06/2017 12:00:00 AM,2016,N/A
57,57,Mejorar la productividad apícola de 4 asociaciones de mujeres del Corregimiento las Hermosas del municipio de Chaparral a través de la formación y la diversificación de productos derivados de la miel.,TOLIMA,CHAPARRAL,44,3,41,7,99999998,N/A,99999998,47290000,147289998,1,1578,11/29/2017 12:00:00 AM,2016,N/A
58,58,Alianzas afroproductivas para la Paz,CAUCA,SANTANDER DE QUILICHAO,180,79,101,36,2840000000,N/A,2840000000,612594821,3452594821,166,1556,11/23/2017 12:00:00 AM,2016,N/A
59,59,"Adquisición de dos bancos de maquinaria agrícola que permitan la optimización y renovación de 306 Ha de praderas, a fin de aumentar la producción ganadera de 102 productores pertenecientes al Comité de Ganaderos de Cartagena del Chairá en el departamento del Caquetá",CAQUETA,CARTAGENA DEL CHAIRA,102,88,14,22,360000000,N/A,360000000,372301100,732301100,306,198,03/23/2018 12:00:00 AM,2016,N/A
60,60,"Adecuación de beneficiaderos, adquisición de equipos de laboratorio y tostión para mejorar la calidad de la taza de cafés especiales en los municipios de Ataco, Chaparral y Planadas - Tolima, con productores de las Asociaciones ASOPEP y la Asociación ASOCAFE ALTA CALIDAD LA ORQUIDEA DE PLANADAS; y la Asociación Agropecuaria Ambiental de Chaparral - UNICHAPARRAL DE CHAPARRAL.",TOLIMA,"CHAPARRAL, ATACO Y  PLANADAS",159,131,28,31,299914172,N/A,299914172,3324575960,3624490132,478,123,02/21/2018 12:00:00 AM,2016,N/A
61,61,"Fortalecimiento técnico y comercial al Comité de Cultivadores de Cacao en sistemas agroforestales del municipio de San Vicente del Caguán ""COMICACAO""",CAQUETA,SAN VICENTE DEL CAGUAN,79,56,23,25,165000000,N/A,165000000,302158000,467158000,80,124,02/21/2018 12:00:00 AM,2016,N/A
62,62,Implementar una cadena de producción pecuaria en el municipio de Medio Baudó - Chocó,CHOCO,MEDIO BAUDÓ,180,112,68,138,1171326500,N/A,1171326500,180180000,1351506500,0,118,02/21/2018 12:00:00 AM,2016,N/A
63,63,Mejoramiento de los ingresos rurales a través del establecimiento de nuevas hectáreas de cultivo de cítricos para los pequeños productores de ASPROCUM del municipio de Uribe - Meta,META,URIBE,40,31,9,12,199970000,N/A,199970000,194000000,393970000,80,122,02/21/2018 12:00:00 AM,2016,N/A
64,64,"Mejoramiento de la capacidad productiva acuícola mediante la producción superintensiva de carne de tilapia roja (Oreochromis sp) con sistema Ras y Biofloc en tanques de geomembrana, en el corregimiento de Playa Las Flores, municipio de Magangue, Bolívar",BOLIVAR,MAGANGUÉ,50,38,12,12,550000000,N/A,550000000,93798000,643798000,0,137,02/28/2018 12:00:00 AM,2016,N/A
66,66,"Mejoramiento de las capacidades productivas de 16 familias que forman parte del Resguardo de Tacueyó, mediante la implementación de cultivos de Pitahaya, Mora, Aguacate hass, Café, Tomate bajo invernadero y explotación de ganadería de leche, en los municipios de Toribío y Santander de Quilichao.",CAUCA,"SANTANDER DE QUILICHAO, TORIBÍO",16,13,3,13,410400000,N/A,410400000,189208102,599608102,51,1546,11/20/2017 12:00:00 AM,2016,N/A
67,67,"Restablecimiento de las actividades agropecuarias por parte de la comunidad campesina de la vereda Carrizal del municipio de Remedios hoy Zona Veredal Transitoria de Normalización, a través de la implementación de un proyecto productivo en horticultura, gallinas ponedoras y en el perfeccionamiento de la cadena productiva del arroz",ANTIOQUIA,REMEDIOS,51,20,31,24,269932220,N/A,269932220,558387768,828319988,55,156,03/07/2018 12:00:00 AM,2017,N/A
68,68,Más cacao más paz,CHOCO,"ALTO BAUDÓ, MEDIO BAUDÓ Y TADO",300,180,120,241,1500000000,N/A,1500000000,1632000000,3132000000,300,271,04/16/2018 12:00:00 AM,2017,N/A
69,69,"Fortalecer la productividad de 7 organizaciones lecheras en los municipios Cogua, Suesca, Lenguazaque, Guatavita, Ubaté, Silvania, San Francisco y 2 organizaciones de caña panelera de los municipios de Ninaima y Villeta en el departamento de Cundinamarca, mediante la adquisición de maquinaria agrícola y capacitaciones",CUNDINAMARCA,"COGUA, GUATAVITA, LENGUAZAQUE, NINAIMA, SAN FRANCISCO, SILVANIA, SUESCA, UBATÉ, VILLETA",227,172,55,8,1000000000,N/A,1000000000,3837098400,4837098400,246,244,04/11/2018 12:00:00 AM,2016,N/A
70,70,"Mejoramiento de la capacidad productiva acuícola mediante la producción superintensiva de carne de tilapia roja (Oreochromis sp) con sistema Ras y Biofloc en tanques de geomembrana, en el corregimiento de San Sebastián, municipio de Magangue, Bolívar",BOLIVAR,MAGANGUÉ,50,31,19,2,550000000,N/A,550000000,93798000,643798000,0,135,02/28/2018 12:00:00 AM,2016,N/A
72,72,Fortalecimiento de los sistemas productivos agropecuarios en los predios de los pequeños productores de ACAPRADIV como apoyo al proceso de sustitución de cultivos ilícitos en el municipio de Uribe Meta,META,URIBE,40,31,9,10,199980000,N/A,199980000,169528000,369508000,40,134,02/28/2018 12:00:00 AM,2016,N/A
73,73,"Fortalecimiento del sistema de ganadería doble propósito en familias pertenecientes a la Asociación ASOPROGUAVIARE, mediante la implementación de un modelo de ganadería sostenible en los municipios de San José del Guaviare, El Retorno y Calamar del departamento del Guaviare",GUAVIARE,"SAN JOSÉ DEL GUAVIARE, EL RETORNO, CALAMAR",152,53,99,48,1999872000,N/A,1999872000,402984199,2402856199,456,1540,11/17/2017 12:00:00 AM,2017,N/A
75,75,"Mejoramiento de las condiciones socioeconómicas de los comuneros pertenecientes a la Asociación de cabildos NASA CXHA CXHA, mediante el establecimiento de 17 sistemas ganaderos doble propósito y ceba.",CAUCA,"PÁEZ, BELALCÁZAR",86,67,19,7,1000000000,N/A,1000000000,322550000,1322550000,921,1542,11/17/2017 12:00:00 AM,2016,N/A
76,76,"Construcción e implementación de sistema de secado solar para el manejo de café especial de 41 pequeños productores pertenecientes a la Vereda la Bernarda del municipio de Guadalupe , departamento del Huila",HUILA,GUADALUPE,41,34,7,7,458236500,N/A,458236500,154319522,612556022,130,1601,12/06/2017 12:00:00 AM,2016,N/A
77,77,Siembra y producción y sostenimiento de cultivos de maíz y plátano para las comunidades indígenas de Quebrada Monte y El Salto y la producción de cerdos de ceba en la comunidad de Iguanero de la Zona No. 2 del resguardo Indígena Embera Katío del Alto Andágueda,CHOCO,BAGADÓ,72,55,17,12,278014950,N/A,278014950,134900000,412914950,55,212,03/23/2018 12:00:00 AM,2017,N/A
78,78,Desarrollo Agroindustrial Sostenible para el municipio de Angelópolis Antioquia - primera etapa,ANTIOQUIA,ANGELÓPOLIS,77,58,19,17,1383896258,N/A,1383896258,438574500,1822470758,44,204,03/23/2018 12:00:00 AM,2016,N/A
79,79,"Mejoramiento de las capacidades productivas mediante asistencia técnica específica, el establecimiento de 180 hectáreas de plátano y la dotación de insumos y herramientas a las asociaciones AGROBARCE, ASPROVIB, AGRIMAN, ASUCGUA y ASUCVICONT",CORDOBA,"LOS CÓRDOBAS, SAN BERNARDO, MOÑITOS",180,98,82,34,2000000000,N/A,2000000000,480800000,2480800000,180,203,03/23/2018 12:00:00 AM,2016,N/A
80,80,"Fortalecer la capacidad productiva y la generación de ingresos de (50) cincuenta pequeños productores del municipio de Aranzazu - Caldas, a través del establecimiento de 25 nuevas hectáreas de café, sembrado con el sistema de asocio de cultivos y el fortalecimiento de 25 hectáreas de café , para un total de 50 hectáreas intervenidas",CALDAS,ARANZÁZU,50,37,13,0,500000000,N/A,500000000,130250000,630250000,50,141,02/28/2018 12:00:00 AM,2016,N/A
81,81,"Fortalecer la capacidad productiva y la generación de ingresos de (50) cincuenta pequeños productores del municipio de Risaralda - Caldas, através del establecimiento de 25 nuevas hectáreas de café, sembrado con el sistema de asocio de cultivos y el fortalecimiento de 25 hectáreas de café, para un total de 50 hectáreas intervenidas",CALDAS,RISARALDA,50,41,9,10,500000000,N/A,500000000,130250000,630250000,50,206,03/23/2018 12:00:00 AM,2016,N/A
83,83,"Fortalecimiento de las capacidades productivas de 145 pequeños ganaderos, mediante un programa de mejoramiento genético de ganado bovino en los municipios de San Carlos y Ciénaga de Oro del departamento de Córdoba",CORDOBA,"SAN CARLOS, CIÉNAGA DE ORO",145,93,52,3,2000000000,N/A,2000000000,848811000,2848811000,508,241,04/11/2018 12:00:00 AM,2016,N/A
84,84,"Fortalecer las capacidades y los sistemas productivos de las familias pertenecientes a la asociación ACIESCA, mediante el establecimiento y comercialización de productos cultivados en la región costa pacífica municipio Timbiquí Cauca",CAUCA,TIMBIQUÍ,42,36,6,42,390000000,N/A,390000000,140300000,530300000,61,1586,12/01/2017 12:00:00 AM,2016,N/A
87,87,Apoyo integral para la generación de ingresos y el fortalecimiento organizacional de pequeños productores mediante el establecimiento de un galpón asociativo de gallinas de postura en el municipio de San Bernardo - Nariño,NARIÑO,SAN BERNARDO,35,0,35,9,532492961,N/A,532492961,70077400,602570361,0,110,02/15/2018 12:00:00 AM,2016,N/A
88,88,"Establecer, sostener y fortalecer las capacidades y sistemas productivos de 116 pequeños productores de cultivos de aguacate Hass, ají, granadilla, gulupa y maracuyá en 18 veredas del municipio de Pradera, departamento del Valle del Cauca",VALLE_DEL_CAUCA,PRADERA,116,75,41,33,1399982156,N/A,1399982156,270600000,1670582156,58,120,02/21/2018 12:00:00 AM,2016,N/A
89,89,"Una hectárea para la vida, una hectárea para la paz",ANTIOQUIA,ANDES,100,78,22,13,308754500,N/A,308754500,567300000,876054500,100,208,03/23/2018 12:00:00 AM,2016,N/A
90,90,"Fortalecimiento de las capacidades productivas asociativas y comerciales de 160 pequeños productores del municipio de Plato en el departamento del Magdalena, a través del establecimiento de 160 hectáreas de ñame espino tipo exportación",MAGDALENA,PLATO,160,128,32,65,1500000000,N/A,1500000000,336000000,1836000000,160,243,04/11/2018 12:00:00 AM,2017,N/A
91,91,"Establecimiento de 30 granjas avícolas para autosuficiencia alimentaria y generación de ingresos a través de la reproducción y comercialización de huevos semicriollos, de las mujeres pertenecientes a la Asociación GRUPO ASOCIATIVO CHAPOLERAS EMPRENDEDORAS ""La Laguna"" de el corregimiento de la Laguna - Municipio de Pitalito - Huila",HUILA,PITALITO,30,0,30,8,515154000,N/A,515154000,103950000,619104000,15,121,02/21/2018 12:00:00 AM,2016,N/A
92,92,"Mejoramiento de la productividad y rentabilidad de 40 unidades ganaderas doble propósito en el resguardo el Sande, municipio de Santa Cruz - departamento de Nariño",NARIÑO,SANTA CRUZ,40,23,17,18,1230482000,N/A,1230482000,652308000,1882790000,40,242,04/11/2018 12:00:00 AM,2016,N/A
93,93,"Fortalecimiento de la producción y transformación piscícola para la inclusión productiva en cuatro resguardos indígenas del pueblo de los Pastos, Departamento de Nariño",NARIÑO,"CÓRDOBA, CUMBAL, MALLAMA, GUACHUCAL",81,57,24,18,2470000000,N/A,2470000000,460300000,2930300000,1,496,07/09/2018 12:00:00 AM,2017,N/A
94,94,"Fortalecer el sistema productivo del café en el Resguardo Indígena El Gran Mallama, municipio de Mallama, departamento de Nariño",NARIÑO,MALLAMA,40,31,9,9,434216599,N/A,434216599,139320000,573536599,40,201,03/23/2018 12:00:00 AM,2016,N/A
96,96,"Shagra: Implementar procesos estratégicos en producción, tratamiento, pos-cosecha y comercialización para las líneas productivas de cebolla de rama(junca), fresa, arveja, lechuga y papa amarilla (criolla); para incrementar la competitividad, generar sostenibilidad y aumento en los índices de ingresos de 40 familias indígenas del municipio de Puerres - Nariño",NARIÑO,PUERRES,40,20,20,7,650000000,N/A,650000000,626363500,1276363500,28,119,02/21/2018 12:00:00 AM,2016,N/A
97,97,"Implementación de cultivos superintensivos de tilapia roja (Oreochromis sp) con tecnología biofloc (BFT) para la generación de ingresos a familias de pescadores de los municipios de Repelón, Manatí, Candelaria y Suán, en el departamento del Atlántico",ATLANTICO,"REPELÓN, MANATÍ, CANDELARIA, SUÁN",177,122,55,7,2000000000,N/A,2000000000,383424000,2383424000,1,245,04/11/2018 12:00:00 AM,2016,N/A
621,98,Fortalecimiento y consolidación de la apicultura como alternativa de promoción del desarrollo productivo en los Montes de María en el departamento de Bolívar,BOLIVAR,"CARMEN DE BOLÍVAR, SAN JACINTO",160,130,30,138,2000000000,N/A,2000000000,1075386667,3075386667,160,349,05/22/2018 12:00:00 AM,2016,N/A
100,100,"Fortalecer los rendimientos productivos y la generación de ingresos de 66 productores de plátano hartón a través de la transferencia de conocimiento y asistencia técnica en los municipios de Puerto Escondido, San Bernardo del Viento, en el departamento de Córdoba",CORDOBA,"PUERTO ESCONDIDO, SAN BERNARDO DEL VIENTO",66,36,30,13,999993000,N/A,999993000,122760000,1122753000,66,352,05/22/2018 12:00:00 AM,2017,N/A
101,101,"Aumentar la capacidad de siembra de plátano, fortaleciendo el impulso en la compra de maquinaria agrícola para la Asociación Red de Mujeres Comunales del departamento del Meta, del municipio de Fuente de Oro, departamento del Meta",META,FUENTE DE ORO,47,4,43,17,390795000,N/A,390795000,346040371,736835371,47,136,02/28/2018 12:00:00 AM,2016,N/A
102,102,Fortalecer el sistema productivo de mora (Rubus Glaucus Benth) en los resguardos de Yaramal e Ipiales del pueblo indígena de los Pastos,NARIÑO,IPIALES,32,21,11,3,500000000,N/A,500000000,106272000,606272000,16,140,02/28/2018 12:00:00 AM,2016,N/A
104,104,Mejoramiento de la producción porcícola realizada en el Resguardo Indígena de San Juan en el municipio de Ipiales - Nariño,NARIÑO,IPIALES,124,7,117,8,899942400,N/A,899942400,166748000,1066690400,0,200,03/23/2018 12:00:00 AM,2016,N/A
106,106,Fortalecimiento de los mercados campesinos del departamento del Quindío,QUINDIO,"ARMENIA, BUENAVISTA, CALARCÁ, CIRCASIA, CÓRDOBA, FILANDIA, GÉNOVA, LA TEBAIDA, MONTENEGRO, PIJAO, QUIMBAYA, SALENTO",234,119,115,47,298981600,N/A,298981600,301184400,600166000,0,211,03/23/2018 12:00:00 AM,2016,N/A
108,108,Fortalecimiento de la producción cafetera de la Asociación de Mujeres Cafeteras del Centro del Huila mediante sostenimiento de café y asistencia técnica,HUILA,"PITAL, EL AGRADO",27,0,27,1,353046000,N/A,353046000,115290000,468336000,27,207,03/23/2018 12:00:00 AM,2017,N/A
109,109,"Fortalecimiento de la cadena de frío en la producción de leche para beneficio de 30 familias de los municipios de Iza, Sogamoso, Firavitoba y Tota del departamento de Boyacá",BOYACA,IZA,30,21,9,0,201110000,N/A,201110000,149370000,350480000,1,202,03/23/2018 12:00:00 AM,2017,N/A
111,111,"Fortalecimiento de la actividad ganadera de pequeños productores de los municipios de Ariguaní, Nueva Granada, Sabanas de San Angel, Chibolo, Plato, Tenerife del departamento del Magdalena",MAGDALENA,"ARIGUANÍ, NUEVA GRANADA, SÁBANAS DE SAN ANGEL, CHIBOLO, PLATO, TENERIFE",125,102,23,70,1999899000,N/A,1999899000,376898910,2376797910,500,109,02/15/2018 12:00:00 AM,2017,N/A
693,112,"Fortalecer las capacidades productivas y asociativas mediante la implementación de 291 hectáreas de Aguacate Hass, beneficiando a pequeños productores de los municipios de Aguadas, Salamina, Manzanares, Pensilvania, Merced y Supia, Departamento de Caldas.",CALDAS,"AGUADAS, SALAMINA, MANZANARES, PENSILVANIA, MERCED, SUPÍA",291,240,51,105,1499984371,N/A,1499984371,166700718,1666685089,291,132,02/28/2018 12:00:00 AM,2016,N/A
113,113,Formento de la actividad ganadera como alternativa de generación de ingresos de pequeños productores en los municipios de Bosconia y el Copey  en el departamento del Cesár,CESAR,"BOSCONIA, EL COPEY",83,53,30,23,1150000000,N/A,1150000000,1533463993,2683463993,415,138,02/28/2018 12:00:00 AM,2017,N/A
114,114,"Construcción e implementación de sistema de secado solar para el manejo de café de 35 pequeños productores cafeteros del municipio de Rivera, departamento del Huila",HUILA,RIVERA,35,27,8,4,362280400,N/A,362280400,105972405,468252805,70,343,05/22/2018 12:00:00 AM,2017,N/A
116,116,Fortalecimiento al sector agroempresarial y al emprendimiento rural para el desarrollo agroindustrial de 10 municipios del Quindío.,QUINDIO,"ARMENIA, BUENAVISTA, CALARCÁ, CIRCASIA, CÓRDOBA, GÉNOVA, LA TEBAIDA, MONTENEGRO, PIJAO, QUIMBAYA, FILANDIA, SALENTO",211,121,90,39,691486747,N/A,691486747,583974464,1275461211,36,210,03/23/2018 12:00:00 AM,2016,N/A
117,117,"Construcción e implementación de sistema de secado solar para el manejo de café especial de 41 pequeños productores pertenecientes a la Asociación de cafeteros ""El desarrollo"" del municipio de Gigante, departamento del Huila",HUILA,GIGANTE,41,31,10,5,412121840,N/A,412121840,82612500,494734340,82,347,05/22/2018 12:00:00 AM,2017,N/A
118,118,"Fortalecer la producción de 156 productores de aguacate en los municipios de Manzanares, Aguadas y Samaná, departamento de Caldas, como diversificación de la vocación cafetera y el mejoramiento del nivel de ingreso de los productores",CALDAS,"MANZANARES, AGUADAS, SAMANÁ",156,121,35,75,1972185600,N/A,1972185600,422136000,2394321600,156,108,02/15/2018 12:00:00 AM,2017,N/A
119,119,"Fortalecer las capacidades técnicas, socio-empresariales y ambientales de 87 pequeños productores de granadilla en el municipio de Ancuyá, departamento de Nariño.",NARIÑO,ANCUYA,87,72,15,11,868027011,N/A,868027011,716662200,1584689211,7,106,02/15/2018 12:00:00 AM,2016,N/A
120,120,Fortalecimiento Integral de la cadena de valor de los cafés especiales en el departamento de Nariño,NARIÑO,"SAMANIEGO, LA FLORIDA, FUNES, LA LLANADA, LINARES, ANCUYÁ, CONSACÁ, CHACHAGUÍ, SAN LORENZO, LA UNIÓN, SAN PABLO, TABLÓN DE GÓMEZ, SAN JOSÉ DE ALBÁN, SAN BERNARDO, BELÉN, LA CRUZ, BUESACO",740,529,211,169,2100016000,N/A,2100016000,1968400000,4068416000,740,199,03/23/2018 12:00:00 AM,2016,N/A
123,123,"Implementar la cadena productiva de tomate de mesa, para 62 familias productoras de los municipios de Puerres y Guaitarilla, en el departamento de Nariño",NARIÑO,PUERRES Y GUAITARILLA,62,43,19,10,1380752000,N/A,1380752000,430716000,1811468000,6,548,07/17/2018 12:00:00 AM,2017,N/A
124,124,Mejorar las capacidades productivas y generación de ingresos a pequeños productores rurales a través del cultivo de plátano hartón dominíco en el municipio de Clemencia Bolívar,BOLIVAR,CLEMENCIA,200,179,21,45,2000000000,N/A,2000000000,575750000,2575750000,200,139,02/28/2018 12:00:00 AM,2017,N/A
125,125,"Fortalecer la producción ganadera mediante la provisión de insumos agropecuarios para los usuarios de la Asociación de Productores Lácteos y Agropecuarios del Sur del Tolima APROSURT, ubicados en los municipios de Rioblanco, Chaparral, San Antonio y Roncesvalles",TOLIMA,"CHAPARRAL, RIOBLANCO, RONCESVALLES, SAN ANTONIO",95,71,24,25,299302000,N/A,299302000,188366200,487668200,190,529,07/12/2018 12:00:00 AM,2016,N/A
471,127,Mejorar los procesos productivos y de comercialización láctea mediante la renovación de praderas y la dotación de equipos e insumos a 163 pequeños ganaderos del municipio de Mahates y San Jacinto del departamento de Bolívar,BOLIVAR,"MAHATES, SAN JACINTO",163,137,26,66,2000000000,N/A,2000000000,337410000,2337410000,326,240,04/11/2018 12:00:00 AM,2016,N/A
129,129,Fortalecimiento de las capacidades productivas de la Asociación Café Especial Salomón mediante la dotación de equipos para el proceso de transformación primaria y secundaria de café,HUILA,PITALITO,70,49,21,9,232852000,N/A,232852000,1225999000,1458851000,141,205,03/23/2018 12:00:00 AM,2017,N/A
130,130,"Mejorar la productividad y calidad de leche y carne y la capacidad de generación de ingresos de la ganadería, mediante la realización de actividades de asistencia técnica, enfocadas a la aplicación de buenas prácticas ganaderas - BPG, alimentación y nutrición animal con énfasis en manejo de praderas y conservación de forrajes a 196 pequeños y  medianos productores de los municipios de la Celia, Santa Rosa de Cabal, Santuario, Apia, Quinchia y Guatica del departamento de Risaralda",RISARALDA,"LA CELIA, SANTA ROSA DE CABAL, SANTUARIO, APÍA, QUINCHÍA, GUATICA",196,164,32,38,1999978494,N/A,1999978494,501727680,2501706174,2249,607,08/01/2018 12:00:00 AM,2017,N/A
131,131,"Fortalecimiento de las capacidades técnicas y productivas a través de asistencia técnica, establecimiento y sostenimiento de los cultivos de aguacate Hass en asociado con hortalizas de hoja, beneficiando a pequeños productores del departamento de Cundinamarca",CUNDINAMARCA,"TOPAIPÍ, PACHO, SAN ANTONIO DE TEQUENDAMA, CABRERA, CHOACHÍ, GAMA, GACHALÁ, GACHETÁ, PANDI, PASCA, FOSCA, FUSAGASUGÁ, EL COLEGIO",170,121,49,23,2479938287,N/A,2479938287,912830408,3392768695,170,632,08/06/2018 12:00:00 AM,2017,N/A
132,132,"Fortalecimiento de las capacidades productivas a 148 pequeños productores mediante la producción de cacao asociado con plátano, en los municipios de Acacías, Restrepo, Guamal, Cabuyaro, Puerto López, Vista Hermosa, El Dorado y El Castillo, en el departamento del Meta",META,"ACACÍAS, RESTREPO, CUMARAL, GUAMAL, CABUYARO, PUERTO LÓPEZ",148,87,61,62,1476660080,N/A,1476660080,489288000,1965948080,148,270,04/16/2018 12:00:00 AM,2017,N/A
133,133,"Implementar ciento veintiocho (128) hectáreas de naranja tangelo minneola con sistema de fertirrigación por goteo, con cosecha de agua lluvia para pequeños productores de los municipios de Curití, Cabrera y Galán del departamento de Santander",SANTANDER,"CURITÍ, CABRERA, JORDÁN, CEPITA, GALÁN",128,95,33,8,2000000000,N/A,2000000000,391568000,2391568000,128,498,07/09/2018 12:00:00 AM,2017,N/A
134,134,Establecimiento de 10 hectáreas de cultivo de caña panelera y adecuación de 2 trapiches para incrementar la productividad en el municipio del Litoral del San Juan - Chocó (Resguardos indígenas de las comunidades de Taparalito y Pichima Quebrada),CHOCO,LITORAL DEL SAN JUAN,20,20,0,20,137396400,N/A,137396400,59584000,196980400,10,348,05/22/2018 12:00:00 AM,2017,N/A
135,135,Mejorar la capacidad productiva y asociativa a pequeños productores ganaderos mediante el mejoramiento de las condiciones nutricionales del hato doble propósito de 99 familias en los municipios de Toledo y la Esperanza - departamento de Norte de Santander,N_DE_SANTANDER,"TOLEDO, LA ESPERANZA",99,83,16,24,1000000000,N/A,1000000000,197600000,1197600000,198,344,05/22/2018 12:00:00 AM,2016,N/A
136,136,"Siembra, sostenimiento y producción de cultivos de maíz y plátano en las comunidades de Alto Jarando y Alto Andiado respectivamente y la producción de cerdos en ceba en la comunidad de Cevede del resguardo indígena Embera Katío del Alto Andágueda zona 1",CHOCO,BAGADÓ,127,115,12,118,336281247,N/A,336281247,184327940,520609187,26,246,04/11/2018 12:00:00 AM,2017,N/A
137,137,"Implementación de cultivos superintensivos de tilapia roja (Oreochromis sp) con tecnología biofloc (BFT) para la generación de ingresos a familias de pescadores de los municipios de Zona Bananera, El Retén, El Peñón y Concorodia en el departamento del Magdalena",MAGDALENA,"ZONA BANANERA, EL RETÉN, EL PEÑÓN, CONCORDIA",196,150,46,112,2000000000,N/A,2000000000,383424000,2383424000,1,209,03/23/2018 12:00:00 AM,2017,N/A
140,140,"Siembra, sostenimiento y producción de cultivos de maíz para la comunidad Alto Brisas; plátano para la comunidad de Alto Moindó y producción de ganado en la comunidad de Cascajero, las cuales hacen parte de la zona 4 del resguardo indígena Embera Katío del Alto Andágueda",CHOCO,BAGADÓ,124,96,28,105,418498400,N/A,418498400,120116000,538614400,143,299,05/03/2018 12:00:00 AM,2017,N/A
142,142,"Construcción e implementación de sistema de secado solar para el manejo de café especial de 53 pequeños productores cafeteros del municipio de Íquira, departamento del Huila",HUILA,ÍQUIRA,53,43,10,9,375495000,N/A,375495000,78145000,453640000,80,298,05/03/2018 12:00:00 AM,2017,N/A
143,143,"Fortalecimiento de las capacidades productivas y organizacionales de pequeños productores rurales, mediante el fortalecimiento de 93 hectáreas de plátano hartón en el municipio de Montería, departamento de Córdoba",CORDOBA,MONTERÍA,93,65,28,37,1000000000,N/A,1000000000,314340000,1314340000,93,346,05/22/2018 12:00:00 AM,2017,N/A
144,144,"Apoyo al mejoramiento de la competitividad y productividad de 92 familias productoras de la Asociación ""Fructioriguejar"" a través del sostenimiento y la comercialización de 92 hectáreas de guayaba y pera; involucrando el acceso a insumos, equipos y acompañamiento técnico en el municipio de Lejanías departamento del Meta",META,LEJANÍAS,92,62,30,44,669701000,N/A,669701000,342855000,1012556000,92,350,05/22/2018 12:00:00 AM,2017,N/A
145,145,Fortalecer las capacidades productivas de familias cafeteras en los municipios de Fredonia y Montebello en el departamento de Antioquia,ANTIOQUIA,"FREDONIA, MONTEBELLO",68,43,25,19,627047500,N/A,627047500,263051200,890098700,51,790,09/25/2018 12:00:00 AM,2017,N/A
146,146,Fortalecimiento de unidades productivas de cerdos de engorde para familias víctimas - afrodescendientes del conflicto armado en el corregimiento de Guacoche - Valledupar y pequeños productores en el municipio de San Diego - Cesár,CESAR,"VALLEDUPAR, SAN DIEGO",214,140,74,187,2500000000,N/A,2500000000,295500000,2795500000,214,499,07/09/2018 12:00:00 AM,2016,N/A
147,147,Incrementar la producción de los cultivos de plátano asociados a café y las capacidades técnicas de 30 familias del municipio de Líbano en el departamento del Tolima,TOLIMA,LÍBANO,30,19,11,15,200000000,N/A,200000000,106200000,306200000,60,354,05/23/2018 12:00:00 AM,2017,N/A
148,148,"Fortalecer las capacidades productivas de pequeños productores de maíz de los municipios de San Juan de Nepomuceno y San Jacinto en los Montes de María, departamento de Bolívar",BOLIVAR,"SAN JACINTO, SAN JUAN NEPOMUCENO",205,205,0,182,1979133000,N/A,1979133000,445252000,2424385000,820,505,07/09/2018 12:00:00 AM,2017,N/A
149,149,"Fortalecimiento de las capacidades productivas de 19 asociaciones de pequeños productores, mediante la dotación de bancos de maquinaria y equipos, para la producción de papa en el departamento de Boyacá",BOYACA,"CÓMBITA, BELÉN, TUTAZÁ, VENTAQUEMADA, TUNJA, SORACÁ, TURMEQUÉ, TOCA, VIRACACHA, MOTAVITA, GUICAN, ÚMBITA, TUTA, SIACHOQUE, SAMACÁ, AQUITANIA, CUCAITA",347,278,69,0,3618584000,N/A,3618584000,1455284620,5073868620,270,456,06/19/2018 12:00:00 AM,2017,N/A
150,150,Generar alternativas de producción para 94 pequeños productores del municipio de El Guamo Bolívar a través de la siembra de igual número de hectáreas de plátano,BOLÍVAR,EL GUAMO,94,84,10,38,977966000,N/A,977966000,282000000,1259966000,94,8,01/09/2020 12:00:00 AM,2018,ORDENAMIENTO DE LA PRODUCCIÓN
151,151,"Construcción e implementación del sistema de secado solar para el manejo de café especial de 55 pequeños productores cafeteros del municipio de Acevedo, departamento del Huila",HUILA,ACEVEDO,55,38,17,5,392075000,N/A,392075000,80075000,472150000,83,345,05/22/2018 12:00:00 AM,2017,N/A
152,152,Fortalecimiento a los procesos productivos del sector lácteo a través de la dotación de maquinaria agrícola (tractores) en 29 asociaciones legalmente constituidas del departamento de Boyacá,BOYACA,"ARCABUCO, BELÉN, CALDAS, CERINZA, CHIQUINQUIRÁ, CHISCAS, CIÉNAGA, DUITAMA, EL ESPINO, JENESANO, MOTAVITA, PUERTO BOYACÁ, SABOYÁ, SAMACÁ, SAN MIGUEL DE SEMA, SOTAQUIRÁ, SORACÁ, TUTA, TUNJA, UMBITA, VENTAQUEMADA, PAIPA, SIACHOQUE, TUTAZÁ, SANTA ROSA DE VITERBO",222,141,81,3,3198890000,N/A,3198890000,2228006270,5426896270,1345,634,08/06/2018 12:00:00 AM,2017,N/A
153,153,"Fortalecer y optimizar la cadena de caña panelera, mediante el sostenimiento técnico y agroforestal del cultivo, e implementación de sistemas de recirculación térmica para 30 hornillas de pequeños productores de los municipios de Guaduas, Bituima, Villeta, Sasaima, Quebrada Negra y Caparrapí, del departamento de Cundinamarca",CUNDINAMARCA,"GUADUAS, BITUIMA, VILLETA, SASAIMA, QUEBRADA NEGRA Y CAPARRAPÍ",191,152,39,25,2326561000,N/A,2326561000,995625000,3322186000,191,577,07/24/2018 12:00:00 AM,2017,N/A
154,154,"Fortalecimiento de la productividad y competitividad de los pequeños y medianos productores de ganado doble propósito de los municipios de: Tablón de Gómez, La Llanada, Puerres e Imues, departamento de Nariño",NARIÑO,"TABLÓN DE GÓMEZ, LA LLANADA, PUERRES E IMUES",160,120,40,44,1700000000,N/A,1700000000,1329600000,3029600000,160,497,07/09/2018 12:00:00 AM,2017,N/A
155,155,"Fortalecimiento de pesca artesanal como renglón productivo en el municipio de Tumaco, Francisco Pizarro y Mosquera (Nariño), mediante el apoyo a cuatro (4) asociaciones de pescadores artesanales a través de : la estructuración organizacional de las asociaciones y de la transferencia de tecnología en diferentes eslabones de la cadena productiva de la actividad pesquera",NARIÑO,"TUMACO, FRANCISCO PIZARRO Y MOSQUERA",100,86,14,56,1600147080,N/A,1600147080,378363020,1978510100,0,404,06/07/2018 12:00:00 AM,2016,N/A
156,156,"Mejoramiento de las capacidades productivas de pequeños productores cacaoteros pertenecientes a los municipios de Castilla La Nueva, El Castillo, El Dorado y Vista Hermosa, departamento del Meta; mediante el establecimiento de ochenta y siete (87) hectáreas de cacao en asocio con plátano hartón, entrega de insumos para el establecimiento del cultivo y dotación de equipos para su sostenimiento",META,"EL DORADO, EL CASTILLO, CASTILLA, LA NUVA, VISTA HERMOSA",87,54,33,43,906940020,N/A,906940020,264915000,1171855020,87,342,05/22/2018 12:00:00 AM,2017,N/A
157,157,"Mejoramiento del ingreso de los pequeños productores a través del desarrollo tecnificado de los cultivos de plátano hartón asociado con maíz amarillo en los municipios de Carmen de Bolívar, San Juan Nepomuceno y San Jacinto en el departamento de Bolívar",BOLIVAR,"CARMEN DE BOLÍVAR, SAN JUAN NEPOMUCENO Y SAN JACINTO",133,133,0,123,2143671000,N/A,2143671000,296640000,2440311000,119,543,07/17/2018 12:00:00 AM,2017,N/A
158,158,"Fortalecimiento de las capacidades productivas y socio organizacionales, mediante la implementación de un modelo de recolección de aguas lluvias y bombeo bajo sistema fotovoltaico, beneficiando a 68 pequeños productores de los municipios de Arauca y Cravo Norte",ARAUCA,"ARAUCA, CRAVO NORTE",68,41,27,22,1749975000,N/A,1749975000,640504000,2390479000,2312,606,08/01/2018 12:00:00 AM,2017,N/A
159,159,"Asistir técnicamente a la Asociación de Fruticultores del Dorado - ASOFRUD en buenas prácticas agrícolas como estrategia para el fortalecimiento diferencial y competitivo del sector cacaotero en el municipio de El Dorado, departamento del Meta",META,EL DORADO,71,40,31,37,500000000,N/A,500000000,140864000,640864000,142,341,05/22/2018 12:00:00 AM,2017,N/A
160,160,"Fortalecer la asociación de pescadores artesanales de Puerto Escondido La Unión mediante la dotación de equipos para la pesca en el municipio de Puerto Escondido, departamento de Córdoba",CORDOBA,PUERTO ESCONDIDO,85,75,10,18,380839790,N/A,380839790,272131936,652971726,543,547,07/17/2018 12:00:00 AM,2017,N/A
552,161,Construcción e implementación de sistema de secado solar para el manejor de café especial de 45 pequeños productores cafeteros del municipio de Neiva del departamento del Huila,HUILA,NEIVA,45,36,9,1,320175000,N/A,320175000,56233000,376408000,68,351,05/22/2018 12:00:00 AM,2017,N/A
559,162,"Mejorar la capacidad productiva y asociativa a pequeños productores ganaderos mediante el mejoramiento de las condiciones nutricionales del hato lechero de 49 beneficiarios del municipio de Zetaquirá, departamento de Boyacá",BOYACA,ZETAQUIRA,49,27,22,0,556970000,N/A,556970000,168520000,725490000,74,527,07/12/2018 12:00:00 AM,2017,N/A
163,163,"Siembra, producción y sostenimiento del cultivo de plátano (Musa paradisiaca) por mujeres rurales pertenecientes al consejo comunitario Pedeguita y Mancilla en el municipio de Riosucio en el departamento del Chocó",CHOCO,RIOSUCIO,40,2,38,31,729547396,N/A,729547396,334850000,1064397396,80,366,05/30/2018 12:00:00 AM,2017,N/A
165,165,"Siembra y establecimiento de cacao y plátano, en 30 hectáreas de las comunidades de Boa de Pepe y Querá; pertenecientes al Consejo Comunitario General del Río Baudó y sus afluentes ""ACABA"", municipio del Medio Baudó, departamento del Chocó",CHOCO,MEDIO BAUDÓ,30,18,12,15,249869700,N/A,249869700,159600000,409469700,30,590,07/26/2018 12:00:00 AM,2017,N/A
166,166,"Mejoramiento de la cadena productiva de leche, mediante la implementación de un modelo eficiente de manejo de los recursos locales para incrementar la competitividad de las fincas de las comunidades del Cabildo Mayor indígena Inga de Santiago y Cabildo Indígena de San Andrés, ubicados en el municipio de Santiago, departamento del Putumayo",PUTUMAYO,SANTIAGO,130,57,73,50,1500000000,N/A,1500000000,1429250000,2929250000,260,403,06/07/2018 12:00:00 AM,2017,N/A
167,167,Mejorar la productividad y el proceso de poscosecha de pequeños productores de café de la serranía del Perijá en el municipio de Fonseca departamento de la Guajira,LA_GUAJIRA,FONSECA,19,13,6,17,284477000,N/A,284477000,96780000,381257000,19,401,06/07/2018 12:00:00 AM,2017,N/A
168,168,"Fortalecimiento de la cadena productiva del maíz en el Distrito de Riego del RUT mediante la instalación de una planta de secado y almacenamiento en silos que beneficia a familias de ASORUT en los municipios de Roldanillo, La Unión y Toro del departamento del Valle del Cauca.",VALLE DEL CAUCA,"ROLDANILLO, LA UNIÓN, TORO",151,124,27,9,4510439997,N/A,4510439997,18170032752,22680472749,1501,622,09/09/2019 12:00:00 AM,2018,ORDENAMIENTO DE LA PRODUCCIÓN
169,169,"Fortalecer las capacidades productivas de las familias campesinas pertencientes a la asociación de pescadores ASOPEZTUC mediante la implementación de la explotación intensiva de tilapia roja (oreochromis s.p.) con tecnología Biofloc (BFT) en el municipio de Zona Bananera, departamento de Magdalena.",MAGDALENA,ZONA BANANERA,219,129,90,156,2662871920,"26,390,566",2689262486,299080000,2988342486,3,824,11/27/2019 12:00:00 AM,2019,ASISTENCIA Y EXTENSIÓN AGROPECUARIA
170,170,"Mejorar la productividad y competitividad de 177 pequeños productores de leche pertenecientes a 5 asociaciones de los municipios de Ipiales, Pupiales, Guachucal y Cumbal del departamento de Nariño",NARIÑO,"PUPIALES, CUMBAL, GUACHUCAL, IPIALES",177,94,83,8,1699994950,N/A,1699994950,2007256467,3707251417,425,758,09/19/2018 12:00:00 AM,2017,N/A
172,172,Mejoramiento genético integral a través de la inseminación artificial a tiempo fijo (IATF) en vientres bovinos doble propósito en predios de pequeños y medianos ganaderos en el departamento del Cesár,CESAR,"VALLEDUPAR, SAN DIEGO, BOSCONIA, ASTREA, EL PASO, LA PAZ, CHIRIGUANA, BECERRIL, CODAZZI Y EL COPEY",170,126,44,46,3000000000,N/A,3000000000,531600000,3531600000,2550,402,06/07/2018 12:00:00 AM,2017,N/A
173,173,"Fortalecer el sistema productivo agropecuario en la subregión del Bajo Cauca, mediante la implementación de un banco de maquinaria agrícola para pequeños y medianos productores de los municipios de Caucasia, Nechí y Tarazá del departamento de Antioquia",ANTIOQUIA,"CAUCASIA, NECHÍ, TARAZÁ",119,74,45,48,1300000000,N/A,1300000000,285456000,1585456000,48,633,08/06/2018 12:00:00 AM,2017,N/A
174,174,"Contribuir al fortalecimiento de la cadena productiva de la panela de 100 productores, ubicados en el municipio de Supía, mediante la dotación de paquetes tecnológicos productivos, comerciales y asociativos",CALDAS,SUPÍA,100,80,20,6,600000000,N/A,600000000,249750000,849750000,100,603,08/01/2018 12:00:00 AM,2017,N/A
175,175,"Fortalecimiento de la cadena de frío y aumento en la producción de leche bovina de calidad, para beneficiar a 40 pequeñas familias campesinas en el municipio de Páez, departamento de Boyacá",BOYACA,PÁEZ,40,31,9,0,489677520,N/A,489677520,229332103,719009623,52,604,08/01/2018 12:00:00 AM,2017,N/A
178,178,"Mejoramiento de las condiciones socioeconómicas de pequeños y medianos productores de caña de azúcar en el municipio de Vergara, Nocaima y Ninaima - departamento de Cundinamarca, mediante el establecimiento, sostenimiento y dotación de herramientas para la producción y comercialización de panela pulverizada",CUNDINAMARCA,"VERGARA, NOCAIMA, NINAIMA",99,72,27,17,1413546859,N/A,1413546859,294665000,1708211859,99,528,07/12/2018 12:00:00 AM,2017,N/A
179,179,"Mejorar la capacidad productiva en las fases de cría, levante y engorde de ovinos de pelo en beneficio de 32 familias pertenecientes a la Asociación de Usuarios Campesinos de Pacho Cundinamarca",CUNDINAMARCA,PACHO,32,17,15,6,401273590,N/A,401273590,129290800,530564390,5,508,07/09/2018 12:00:00 AM,2017,N/A
307,181,"Construcción e implementación de sistema de secado soar para el manejo de café de pequeños productores cafeteros de la Asociación Agropecuaria Holanda, municipio de Pitalito - Huila",HUILA,PITALITO,60,47,13,6,500057000,N/A,500057000,95908000,595965000,90,506,07/09/2018 12:00:00 AM,2017,N/A
308,182,"Implementación de sistemas productivos agrícolas en las comunidades indígenas de Quina Quina, Santa Helena Tiposo, Camuti y nueva reforma de la zona UDIC del municipio de Mitú",VAUPES,MITÚ,50,50,0,7,461961900,N/A,461961900,162681604,624643504,50,602,08/01/2018 12:00:00 AM,2017,N/A
309,183,Establecimiento de 134 hectáreas de Achiote (Bixa Orellana) con asistencia técnica integral para la obtención de semilla; participando con 67 familias campesinas pertenecientes a los municipios de Puerto López y Puerto Gaitán del departamento del Meta,META,"PUERTO LÓPEZ, PUERTO GAITÁN",67,40,27,32,806832814,N/A,806832814,164150000,970982814,156,578,07/24/2018 12:00:00 AM,2017,N/A
310,184,"Implementación de sistema para cría de tilapia roja (orochromis sp), en tanques de geomembrana con sistema RAS y BIOFLOC, en el municipio de Pore - Casanare",CASANARE,PORE,50,14,36,16,498366600,N/A,498366600,153759740,652126340,0,651,08/09/2018 12:00:00 AM,2017,N/A
311,185,"Articulación de esfuerzos administrativos, técnicos y financieros entre la Agencia de Desarrollo Rural, el municipio de Gutiérrez y la Fundación Colores de mi Tierra, para apoyar el desarrollo agropecuario y rural en la cadena de frijol en el municipio de Gutiérrez departamento de Cundinamarca",CUNDINAMARCA,GUTIÉRREZ,93,71,22,11,566214100,N/A,566214100,262245320,828459420,93,649,08/09/2018 12:00:00 AM,2017,N/A
312,186,Mejoramiento de la calidad y comercialización del café del municipio de Chaparral - Tolima,TOLIMA,CHAPARRAL,70,61,9,5,999998987,N/A,999998987,987085200,1987084187,70,504,07/09/2018 12:00:00 AM,2017,N/A
324,187,"Fortalecimiento a la producción integral y sostenible (ambiental, técnico, social y económicamente) de café, aplicando buenas prácticas agrícolas, de cosecha y pos cosecha de acuerdo con estándares de calidad nacional, a 46 familias del municipio del Tambo.",NARIÑO,EL TAMBO,46,41,5,14,552644900,"26,390,566",579035466,200205000,779240466,46,825,11/27/2019 12:00:00 AM,2018,ORDENAMIENTO DE LA PRODUCCIÓN
313,188,"Fortalecimiento de las capacidades productivas de frutales para pequeños productores en situación de vulnerabilidad, ubicados en 11 municipios del departamento del Cauca",CAUCA,"Argelia, Balboa, Bolívar, Buenos Aires, El Tambo, Florencia, Mercaderes, Patía, Popayán, Santander De Quilichao Y Sotará",390,252,138,120,2400747900,N/A,2400747900,1501941400,3902689300,390,576,07/24/2018 12:00:00 AM,2017,N/A
327,192,"Fortalecimiento al sector lácteo mediante la construcción de un centro de acopio, dotación con un medio de transporte, tanques para enfriamiento de leche y asistencia técnica beneficiando a los pequeños y medianos productores de los municipios de Herrán y Ragonvalia del departamento de Norte de Santander",NORTE DE SANTANDER,"HERRAN,
RAGONVALIA",146,93,53,20,1654263892,"26,390,566",1680654458,263155600,1943810058,1,827,11/27/2019 12:00:00 AM,2019,ORDENAMIENTO DE LA PRODUCCIÓN
315,193,"Fortalecimiento de la producción apícola y comercialización de miel, para familias cafeteras de COOAGRONEVADA, a través del establecimiento de 550 unidades productivas apiarias, ubicadas en la Sierra nevada de Santa Marta, Magdalena",MAGDALENA,SANTA MARTA,55,35,20,34,300650000,N/A,300650000,98375000,399025000,9,601,08/01/2018 12:00:00 AM,2017,N/A
316,195,Repoblamiento bovino con novillas de vientre doble propósito en el departamento de Caquetá,CAQUETA,"BELÉN DE LOS ANDAQUÍES, SAN JOSÉ DEL FRAGUA, SOLITA, SAN VICENTE DEL CAGUÁN, LA MONTAÑITA, PUERTO RICO, EL DONCELLO Y VALPARAÍSO",136,113,23,32,2500000000,N/A,2500000000,636785000,3136785000,1370,503,07/09/2018 12:00:00 AM,2017,N/A
317,198,"Implementación de un cultivo de tilapia roja semi intensivo con oxigenación artificial en tanques de geomembranas con recambio de agua y bocachico en reservorios para beneficiar 102 familias ubicadas en 5 unidades productivas para los municipios de Toluviejo y Morroa, departamento de Sucre",SUCRE,"TOLUVIEJO, MORROA",102,56,46,92,1994420000,N/A,1994420000,293310000,2287730000,8,502,07/09/2018 12:00:00 AM,2017,N/A
318,200,"Fortalecimiento a los agricultores de los municipios de Samaná y Victoria Caldas, a través de la entrega de paquetes técnicos para mejorar los cultivos de café, caña, cacao y aguacate",CALDAS,"SAMANÁ, VICTORIA",353,280,73,328,999522000,N/A,999522000,529500000,1529022000,353,614,08/02/2018 12:00:00 AM,2017,N/A
319,202,"Fortalecimiento de los Sistemas Pecuarios de pequeños y medianos productores en los municipios de Ariguaní y el Banco en el departamento del Magdalena, mediante la implementación de un modelo de ganadería doble propósito",MAGDALENA,"ARIGUANÍ, EL BANCO",178,133,45,30,3122424900,N/A,3122424900,422084967,3544509867,1358,500,07/09/2018 12:00:00 AM,2016,N/A
320,204,"Fortalecimiento de la actividad cafetera en el municipio de la Unión, departamento de Nariño",NARIÑO,LA UNIÓN,100,68,32,11,529000000,N/A,529000000,446000000,975000000,100,507,07/09/2018 12:00:00 AM,2017,N/A
321,205,"Fortalecimiento del sistema de ganadería doble propósito en familias pertenecientes a la Corporación para el Fomento Social de Colombia Cofesco, mediante la implementación de un modelo de ganadería sostenible en el municipio de Puerto López en el departamento del Meta",META,PUERTO LÓPEZ,116,73,43,41,2299979884,N/A,2299979884,683647500,2983627384,500,639,08/06/2018 12:00:00 AM,2017,N/A
336,208,"Establecimiento de Alfalfa y dotación de maquinaria para su producción y transformación en harina como suplemento alimenticio pecuario, para mejorar los ingresos de los productores de la Asociación ASOALFASOCHA del municipio de Socha departamento de Boyacá",BOYACA,SOCHA,46,36,10,2,565360669,N/A,565360669,118737500,684098169,46,687,08/28/2018 12:00:00 AM,2017,N/A
763,209,Fortalecimiento de producción piscícola como apoyo a la generación de ingresos del resguardo indígena de Mayasquer,NARIÑO,Cumbal,40,31,9,9,781000000,"26,390,566",807390566,149400000,956790566,8,791,11/18/2019 12:00:00 AM,2019,TRANSVERSAL
322,210,"Establecimiento de 34 hectáreas de caña panelera, con 34 familias beneficiarias en el municipio de Uramita Antioquia",ANTIOQUIA,URAMITA,34,27,7,13,300000000,N/A,300000000,211140000,511140000,34,605,08/01/2018 12:00:00 AM,2017,N/A
323,211,"Fortalecimiento en el proceso de producción a través de la construcción de empacadoras, dotación de un kit de herramientas, equipos e insumos y asistencia técnica a 80 familias plataneras para el beneficio directo de 80 hectáreas de plátano hartón del pequeño productor del municipio de San Juan de Urabá antioqueño, mediante la generación de ingresos con enfoque territorial y desarrollo rural",ANTIOQUIA,SAN JUAN DE URABÁ,80,39,41,39,1510249410,N/A,1510249410,725888000,2236137410,80,544,07/17/2018 12:00:00 AM,2017,N/A
338,212,Fortalecimiento de la cadena productiva de papa mediante la entrega de maquinaria agrícola y equipo a 22 familias de pequeños productores pertenecientes a la Asociación ASOPAPS del municipio de Samacá - Boyacá,BOYACA,SAMACÁ,22,20,2,0,191645000,N/A,191645000,68271250,259916250,235,631,08/06/2018 12:00:00 AM,2017,N/A
339,213,"Fortalecimiento de sistemas productivos de ganadería doble propósito de pequeños y medianos productores de los municipios de Pivijay, Plato, Chivolo, Nueva Granada y Ariguaní en el departamento del Magdalena",MAGDALENA,"CHIVOLO, PLATO, NUEVA GRANADA Y ARIGUANÍ",178,115,63,60,3113242600,N/A,3113242600,568493967,3681736567,690,501,07/09/2018 12:00:00 AM,2017,N/A
341,215,"Fortalecimiento de las capacidades técnicas y productivas a través del desarrollo tecnificado de los cultivos de yuca dulce asociados con maíz, beneficiando a pequeños productores pertenecientes en los municipios San Fernando, Talaigua y Mompox en el departamento de Bolívar.",BOLIVAR,"SAN FERNANDO, TALAIGUA, MOMPOX",137,137,0,10,2400349786,N/A,2400349786,867210000,3267559786,540,637,08/06/2018 12:00:00 AM,2017,N/A
342,216,"Implementación de agronegocios hortifurtícolas intensivos con pequeños productores de los municipios de Urumita, La Jagua del Pilar y Villanueva en el departamento de La Guajira",LA_GUAJIRA,"URUMITA, VILLANUEVA Y LA JAGUA DEL PILAR",187,136,51,98,3010248182,N/A,3010248182,757350000,3767598182,47,573,07/24/2018 12:00:00 AM,2017,N/A
343,217,"Fortalecer integralmente a pequeños y medianos ganaderos de los municipios El Molino y Villanueva en la Guajira, mediante la implementación de sistemas productivos Silvopastoriles",LA_GUAJIRA,"MOLINO, VILLANUEVA",121,89,32,75,2472853290,N/A,2472853290,693330000,3166183290,1511,574,07/24/2018 12:00:00 AM,2017,N/A
345,219,"Fortalecimiento de las capacidades productivas y socio organizacionales, mediante la implementación de unidades productivas ovinas - caprinas a 25 familias campesinas en el corregimiento de Aguas Blancas, municipio de Valledupar en el departamento del Cesár",CESAR,VALLEDUPAR,25,23,2,18,300848000,N/A,300848000,47665000,348513000,19,635,08/06/2018 12:00:00 AM,2017,N/A
346,220,Establecimiento de 25 hectáreas para la siembra y comercialización de maracuyá como base sostenible para generar ingresos y mejorar la calidad de vida de 25 familias en los municipios de Tame y Fortul departamento de Arauca.,ARAUCA,"TAME, FORTUL",25,16,9,14,375523000,N/A,375523000,185194000,560717000,25,624,09/09/2019 12:00:00 AM,2018,ORDENAMIENTO DE LA PRODUCCIÓN
183,221,Fortalecimiento de la actividad agrícola en el municipio de Don Matías (Antioquia) a través del establecimiento de cultivos de aguacate Hass,ANTIOQUIA,DON MATÍAS,20,14,6,4,530010000,N/A,530010000,71400000,601410000,20,545,07/17/2018 12:00:00 AM,2017,N/A
348,222,"Fortalecimiento de mujeres cabeza de familia asociada a la cadena productiva de fresa, en el municipio de Yarumal, para el mejoramiento de la producción y la comercialización",ANTIOQUIA,YARUMAL,30,0,30,12,496060000,N/A,496060000,78225000,574285000,5,546,07/17/2018 12:00:00 AM,2017,N/A
349,223,"Fortalecimiento de seis (6) organizaciones de pescadores artesanales mediante la adquisición y dotación de centros de acopio en contenedores de hierro marino y punto de venta en el Archipiélago de San Andrés, Providencia y Santa Catalina",SAN_ANDRES,SAN ANDRÉS Y PROVIDENCIA,90,86,4,0,755870000,N/A,755870000,299800000,1055670000,0,688,08/28/2018 12:00:00 AM,2017,N/A
350,224,Fortalecimiento productivo mediante el repoblamiento de hatos ganaderos de pequeños y medianos productores en los municipios de Majagual y Guaranda en el departamento de Sucre,SUCRE,"GUARANDA, MAJAGUAL",159,118,41,44,2946474000,N/A,2946474000,857100000,3803574000,716,575,07/24/2018 12:00:00 AM,2017,N/A
352,226,Repoblamiento bovino con novillas de vientre doble propósito en los municipios del Guamo y Calamar en departamento de Bolívar,BOLIVAR,"CALAMAR, EL GUAMO",159,159,0,69,2270000490,N/A,2270000490,333900000,2603900490,318,636,08/06/2018 12:00:00 AM,2017,N/A
353,227,"Fortalecer las capacidades productivas de 190 familias campesinas, mediante la dotación de pie de cría, materiales e insumos para la explotación de ganadería doble propósito, en los municipios de Aguachica, Agustin  Codazzi y la Paz del departamento del Cesar.",CESAR,"AGUACHICA
AGUSTÍN CODAZZI
LA PAZ",190,126,64,81,3000000000,"26,390,566",3026390566,1282950000,4309340566,1900,822,11/27/2019 12:00:00 AM,2019,ORDENAMIENTO DE LA PRODUCCIÓN
354,228,"Fortalecimiento de las capacidades productivas y aumento en la generación de ingresos de pequeños productores de plátano hartón en los municipios de los Córdobas y Moñitos, departamento de Córdoba.",CORDOBA,"LOS CORDOBAS
MOÑITOS",79,59,20,15,971179400,"26,390,566",997569966,379200000,1376769966,79,826,11/27/2019 12:00:00 AM,2019,ASISTENCIA TÉCNICA Y EXTENSIÓN
357,231,"Fortalecimiento de las capacidades productivas, mediante la dotación de bancos de maquinaria agrícola (tractor e implementos) para las asociaciones productivas en los municipios de El Dorado, Castilla La Nueva, Cubarral, Guamal, Granada, Lejanías, Fuente de Oro, El Castillo y Puerto Rico, del departamento del Meta",META,"EL DORADO, CASTILLA LA NUEVA, CUBARRAL, GUAMAL, GRANADA, LEJANÍAS, FUENTE DE ORO, EL CASTILLO Y PUERTO RICO",269,180,89,70,3120000000,N/A,3120000000,1254547200,4374547200,0,566,07/24/2018 12:00:00 AM,2017,N/A
358,232,"Fortalecimiento de las capacidades productivas, mediante la dotación de bancos de maquinaria agrícola (tractor e implementos) para las asociaciones productivas en los municipios de Cabuyaro, San Martín de los Llanos, Acacías, Puerto Gaitán, Puerto López, Restrepo, Villavicencio y San Juanito del departamento del Meta",META,"CABUYARO, SAN MARTÍN DE LOS LLANOS, ACACÍAS, PUERTO GAITÁN, PUERTO LÓPEZ, RESTREPO, VILLAVICENCIO Y SAN JUANITO",220,148,72,40,2600000000,N/A,2600000000,1045456000,3645456000,0,565,07/24/2018 12:00:00 AM,2017,N/A
359,233,"Fortalecimiento de las capacidades productivas, mediante la dotación de bancos de maquinaria agrícola (tractor e implementos) para las asociaciones productivas en los municipios de la Macarena, Mesetas, Uribe, Vista Hermosa, Barranca de Upía, San Juan de Arama, San Carlos de Guaroa, Puerto Lleras, Puerto Concordia, Mapiripán y Cumaral del departamento del Meta",META,"LA MACARENA, MESETAS, URIBE, VISTAHERMOSA, SAN CARLOS DE GUAROA, MAPIRIPÁN, CUMARAL, PUERTO CONCORDIA, PUERTO LLERAS, BARRANCA DE UPÍA Y SAN JUAN DE ARAMA",250,176,74,74,2860000000,N/A,2860000000,1150002000,4010002000,0,567,07/24/2018 12:00:00 AM,2017,N/A
360,234,"Establecimiento de cuatro unidades productivas piscícolas dedicadas al cultivo de tilapia roja en tanques de geomembrana, dirigido a las organizaciones de mujeres de los municipios de San José de Ure, Moñitos, Montería y Pueblo Nuevo en el departamento de Córdoba",CORDOBA,"SAN JOSE DE URÉ, MOÑITOS, MONTERÍA, PUEBLO NUEVO",80,1,79,35,1067133000,N/A,1067133000,177166000,1244299000,1,686,08/28/2018 12:00:00 AM,2017,N/A
362,236,"Fortalecimiento productivo de la actividad ovina con pequeños productores de los municipios de Curumaní, Pailitas y Tamalameque en el departamento de Cesár",CESAR,"CURUMANI, PAILITAS, TAMALAMEQUE",122,83,39,55,2529918000,N/A,2529918000,749048000,3278966000,1714,630,08/06/2018 12:00:00 AM,2017,N/A
364,238,"Promover la actividad porcícola, mediante la implementación de un sistema de producción autosostenible que contribuya el mejoramiento de los ingresos de lso campesinos en el municipio de Baranoa departamento del Atlántico",ATLANTICO,BARANOA,34,19,15,4,411026500,N/A,411026500,47072500,458099000,1,799,09/27/2018 12:00:00 AM,2017,N/A
365,239,"Siembra, mantenimiento y adecuación de un sistema agroforestal (coco-plátano-yuca) que nos permita el mejoramiento de las capacidades productivas al Consejo Comunitario de la Costa Pacifica ""CONCOSTA"" en la comunidad de Belén de Docampado localizados en el municipio de Bajo Baudó en el departamento del Chocó.",CHOCO,BAJO BAUDO,40,39,1,28,699698000,"26,390,566",726088566,728000000,1454088566,200,823,11/27/2019 12:00:00 AM,2019,ASISTENCIA TÉCNICA Y EXTENSIÓN
366,240,"Fortalecimiento de la productividad y competitividad de las asociaciones piscicultoras del complejo cenagoso de la Zapatosa en el municipio de Chimichagua, Cesár, a través del mejoramiento de sus unidades productivas",CESAR,CHIMICHAGUA,125,108,17,23,2196641100,N/A,2196641100,255011250,2451652350,0,629,08/06/2018 12:00:00 AM,2017,N/A
367,241,"Fortalecimiento de sistemas productivos de ganadería doble propósito de pequeños y medianos productores de los municipios de Ariguaní, Plato, Nueva Granada, Pivijay, Guamal en el departamento del Magdalena",MAGDALENA,"ARIGUANI, PLATO, NUEVA GRANADA, PIVIJAY, GUAMAL",173,115,58,56,2996765100,N/A,2996765100,512735093,3509500193,865,638,08/06/2018 12:00:00 AM,2017,N/A
368,242,"Fortalecimiento de la cadena productiva ganadera mediante la entrega de un banco de maquinaria (tractor e implementos), fortalecimiento empresarial y capacitación técnica a pequeños y medianos productores de los municipios de Aguachica, Agustín Codazzi, Bosconia, Gamarra, Chimichagua y Valledupar en el departamento del Cesár",CESAR,"AGUACHICA, AGUSTÍN CODAZZI, BOSCONIA, GAMARRA, CHIMICHAGUA, VALLEDUPAR",174,140,34,60,2021000000,N/A,2021000000,754745280,2775745280,0,650,08/09/2018 12:00:00 AM,2017,N/A
369,243,"Fortalecer las capacidades productivas del sector agropecuario en el departamento del Atlántico, a través de la entrega de maquinaria agrícola, equipos, capital productivo y acompañamiento técnico como apoyo a líneas de producción para el mejoramiento de la productividad y rentabilidad del sector",ATLANTICO,"PONEDERA, GALAPA, MANATÍ, PALMAR DE VARELA, MALAMBO, USIACURÍ, SANTO TOMÁS, SUÁN, POLONUEVO, JUAN DE ACOSTA, TUBARÁ, CANDELARIA",220,182,38,11,2200000000,N/A,2200000000,695515967,2895515967,70,759,09/19/2018 12:00:00 AM,2017,N/A
371,245,"Fortalecimiento de las cadenas productivas de café en asocio con plátano y aguacate, cultivo de maracuyá de 37 familias de las veredas Alto de Don Diego, Bellavista, Curiaco, Granada, La Concordia, El Páramo, Paso Feo y El Salado del municipio de Taminango departamento de Nariño",NARIÑO,TAMINANGO,37,21,16,23,533630234,N/A,533630234,198360000,731990234,37,579,08/26/2019 12:00:00 AM,2018,ORDENAMIENTO DE LA PRODUCCIÓN
372,246,"Mejorar la calidad de vida de 60 núcleos familiares del corregimiento de Esmeraldas mediante la implementación de unidades productivas avícolas en el municipio de Rosario, Departamento de Nariño",NARIÑO,EL ROSARIO,60,5,55,56,562183500,N/A,562183500,194200000,756383500,0,458,07/16/2019 12:00:00 AM,2017,N/A
378,252,"Fortalecimiento de la cadena productiva de Cacao, a través de la rehabilitación de 184 hectáreas de cacao en los departamentos de Guainía y Vichada","GUAINÍA
VICHADA","BARRANCO MINAS,
INÍRIDA,
MAPIRIPANA,
CUMARIBO",90,87,3,36,731834400,N/A,731834400,634457600,1366292000,184,459,07/16/2019 12:00:00 AM,2017,N/A
380,254,"Mejorar la productividad del cultivo de caña panelera, mediante la siembra, la provisión de equipos para cosecha y poscosecha beneficiando pequeños productores de los municipios de Valledupar y Pueblo Bello en el Departamento del Cesar.",CESAR,"VALLEDUPAR
PUEBLO BELLO",118,93,25,46,1964910200,"26,390,566",1991300766,688057600,2679358366,118,821,11/27/2019 12:00:00 AM,2019,ORDENAMIENTO DE LA PRODUCCIÓN
382,255,"Aumentar los ingresos de pequeños productores agropecuarios de los municipios de la Jagua de Ibirico, Chimichagua, y Agustín Codazzi en el departamento del Cesar, a partir del cultivo de mango Keitt en asocio con frijol Caupi.",CESAR,"La Jagua de Ibirico, Chimichagua y Agustín Codazzi",48,33,15,20,704668970,"26,390,566",731059536,250892720,981952256,48,793,11/18/2019 12:00:00 AM,2019,ADECUACIÓN DE TIERRAS
390,261,"Fortalecmiento de la cadena productiva del cultivo de arroz mediante la entrega de un banco de maquinaria, fortalecimiento empresarial y capacitación técnica a pequeños productore de los municipios de Achí, San Jacinto del Cauca y María la Baja, en el departamento de Bolívar",BOLIVAR,"ACHI, SAN JACINTO DEL CAUCA, MARÍA LA BAJA",149,120,29,60,2400000000,N/A,2400000000,543277000,2943277000,1,724,09/11/2018 12:00:00 AM,2017,N/A
434,262,"Fortalecimiento de la cadena productiva agropecuaria mediante la entrega de un banco de maquinaria (tractor e implementos), fortalecimiento empresarial y capacitación técnica a pequeños y medianos productores de los municipios de Cumaribo, La Primavera, Puerto Carreño y Santa Rosalia, en el departamento del Vichada.",VICHADA,"CUMARIBO, LA PRIMAVERA, PUERTO CARREÑO, SANTA ROSALÍA",116,93,23,19,2500000000,N/A,2500000000,529332500,3029332500,2,460,07/16/2019 12:00:00 AM,2017,N/A
250,272,"Fortalecer la producción y comercialización de apicultores organizados de los municipios de Pueblo Bello y Manaure, departamento del Cesar",CESAR,"PUEBLO BELLO,
MANAURE",59,47,12,32,548743100,"26,390,566",575133666,119175000,694308666,3,820,11/27/2019 12:00:00 AM,2019,ASISTENCIA TÉCNICA Y EXTENSIÓN
285,276,Fortalecimiento de la producción y comercialización del cultivo de frijol variedad zaragoza para 69 potenciales beneficiarios  de la asociación  de productores agropecuarios del corregimiento de Aspasica - La Playa de Belen Norte de Santander,NORTE DE SANTANDER,LA PLAYA DE BELÉN,69,66,3,10,494040000,N/A,494040000,421500000,915540000,69,461,07/16/2019 12:00:00 AM,2017,N/A
276,277,"Fortalecimiento del encadenamiento productivo y comercial de los cultivos de frijol, mora, citricos, aguacate y maracuya de las asociaciones Aspijac, Moracar y Acifruc ubicadas en los municipios de Ocaña y Cáchira en el departamento de Norte de Santander.",NORTE DE SANTANDER,"OCAÑA,
CÁCHIRA",69,58,11,12,715210000,N/A,715210000,144491000,859701000,340,580,08/26/2019 12:00:00 AM,2018,ORDENAMIENTO DE LA PRODUCCIÓN
252,278,"Fortalecimiento de las capacidades productivas y  organizacionales mediante la implementación de un modelo agroforestal de cacao, plátano y forestales, beneficiando a cincuenta y cuatro (54) familias de la asociación Asocacao del Municipio La Esperanza, Norte de Santander.",NORTE DE SANTANDER,LA ESPERANZA,54,46,8,8,373952000,N/A,373952000,307280000,681232000,54,462,07/16/2019 12:00:00 AM,2017,N/A
259,279,Mejoramiento de las capacidades productivas de 50 familias ganaderas del municipio de San Calixto - Norte de Santander,NORTE DE SANTANDER,SAN CALIXTO,50,49,1,43,360550000,N/A,360550000,196617000,557167000,100,463,07/16/2019 12:00:00 AM,2017,N/A
278,280,Implementación de estrategias y acciones dirigidas al fortalecimiento de los procesos productivos de plátano dominico hartón y agucate lorena de 39 potenciales beneficiarios de la Asociación de Desplazados asentados en las veredas de San Antonio y San Cayetano - Asodesantos del Municipio de Convención del departamento de Norte de Santander,NORTE DE SANTANDER,CONVENCIÓN,39,32,7,27,345194000,N/A,345194000,128910000,474104000,39,464,07/16/2019 12:00:00 AM,2017,N/A
721,284,"Fortalecimiento de la cadena productiva de papa en los municipios de Pasto, Tuquerres, Gualmatan, Pupiales, Sapuyes, Guaitarilla, Contadero, Guachucal y Córdoba, mediante la implementación de maquinaria agrícola y mejoramiento asociativo, en el departamento de Nariño",NARIÑO,"PASTO, TUQUERRES, GUALMATAN, PUPIALES, SAPUYES, GUAITARILLA, CONTADERO, GUACHUCAL Y CÓRDOBA",296,186,110,0,2596815000,N/A,2596815000,369372640,2966187640,296,623,09/09/2019 12:00:00 AM,2018,ORDENAMIENTO DE LA PRODUCCIÓN
195,291,"Mejorar la productividad, calidad y sostenibilidad de los cultivos de café mediante la dotación de maquinaria y equipos para el beneficio, con el fin de establecer alianzas comerciales y prácticas de manejo sostenibles; que aumenten los ingresos de los caficultores de la Asociación ASOPARIBARI, del municipio de La Palma",CUNDINAMARCA,LA PALMA,42,29,13,40,510724262,"26,390,566",537114828,354666186,891781014,42,877,12/17/2019 12:00:00 AM,2019,ASISTENCIA TÉCNICA Y EXTENSIÓN
231,295,"Mejorar las capacidades agroindustriales, logísticas y organizacionales con el fin de consolidar la cadena de valor de café, mediante la construcción y dotación de una planta trilladora de café, que beneficiará a las familias pertenecientes a la Asociación de Cabildos Juan Tama en la región Tierradentro municipio de Inzá Cauca",CAUCA,INZÁ,400,259,141,22,2940000000,"26,390,566",2966390566,342479053,3308869619,0,832,11/28/2019 12:00:00 AM,2019,AGRICULTURA POR CONTRATO
619,297,"Establecimiento de un sistema agroforestal de cacao asociado con bananito y arboles maderables para sombrio, y el establecimiento de cultivo de coco , para beneficiar a 262 familias de los consejos comunitarios y resguardos indigenas ubicados en el municipio de buenaventura departamento del valle del cauca",VALLE DEL CAUCA,BUENAVENTURA,262,187,75,187,2775536000,"26,390,566",2801926566,956060000,3757986566,262,806,11/21/2019 12:00:00 AM,2019,TRANSVERSAL
645,298,"Mejoramiento y conservación de la oferta forrajera mediante la implementación de un banco de maquinaria agrícola en el resguardo indígena de Panan, municipio de Cumbal del departamento de Nariño.",NARIÑO,CUMBAL,150,89,61,0,1441800698,"26,390,566",1468191264,247885000,1716076264,150,833,11/28/2019 12:00:00 AM,2019,ORDENAMIENTO DE LA PRODUCCIÓN
1804,301,"Aumentar las capacidades productivas de los pequeños y medianos productores ganaderos, mediante el mejoramiento de la oferta alimentaria y asistencia técnica en los municipios de Cumaribo, La Primavera, Puerto Carreño y Santa Rosalía, departamento de Vichada.",VICHADA,"CUMARIBO
LA PRIMAVERA
PUERTO CARREÑO
SANTA ROSALIA",222,164,58,31,2634194000,"26,390,566",2660584566,524400000,3184984566,222,807,11/21/2019 12:00:00 AM,2019,ORDENAMIENTO DE LA PRODUCCIÓN
402,302,Establecimiento de un centro especializado de cafés diferenciales en el municipio de Cañasgordas para el beneficio del sector caficultor del departamento de Antioquia,ANTIOQUIA,CAÑASGORDAS,345,292,53,78,1932352818,"26,390,566",1958743384,7117568580,9076311964,1,830,11/28/2019 12:00:00 AM,2019,ORDENAMIENTO DE LA PRODUCCIÓN
2085,303,"Fortalecimiento de la cadena productiva de la papa mediante la dotación de bancos de maquinaria, para las provincias de Ubaté, el Guavio, Sabana de Occidente, Sabana Centro y Almeidas en el departamento de Cundinamarca",CUNDINAMARCA,"Susa, Carmen de Carupa, La Calera, Subachoque, Zipacón, Chocontá y Zipaquirá",220,189,31,0,3058675000,"26,390,566",3085065566,1478103000,4563168566,4,792,11/18/2019 12:00:00 AM,2019,ORDENAMIENTO DE LA PRODUCCIÓN
264,304,"Fortalecimiento de las capacidades productivas y organizacionales mediante el sostenimiento de cultivos de aguacate lorena beneficiando a pequeños y medianos productores en los municipios de Coper, Muzo, Otanche y San Pablo de Borbur en el departamento de Boyacá",BOYACÁ,"COPER, MUZO, OTANCHE, SAN PABLO DE BORBUR",241,167,74,31,1571900000,"26,390,566",1598290566,678030000,2276320566,241,831,11/28/2019 12:00:00 AM,2019,ORDENAMIENTO DE LA PRODUCCIÓN
2166,307,"Fortalecimiento de las capacidades productivas y empresariales de pequeños productores del agronegocio del arroz secano mecanizado en los municipios de Majagual, Guaranda y Achí, ecoregión Mojana de los departamentos de Sucre y Bolívar","SUCRE, BOLÍVAR","Majagual, Guaranda y Achí",150,123,27,75,2221194500,"26,390,566",2247585066,279000000,2526585066,150,795,11/18/2019 12:00:00 AM,2019,ORDENAMIENTO DE LA PRODUCCIÓN
2165,308,"Fortalecimiento de las capacidades productivas y organizacionales mediante la dotación de activos productivos para la generacion de valor agregado en producciones ganaderas de doble proposito, beneficiando a pequeños y medianos productores adscritos a COGAMOJANA, en los municipios de Guaranda, Majagual, Sucre, Achí y San Jacinto del Cauca de la Región de la Mojana en los departamentos de Sucre y Bolivar","SUCRE, BOLÍVAR","GUARANDA
MAJAGUAL
SUCRE
ACHI
SAN JACINTO DEL CAUCA",394,296,98,224,5661882400,"26,390,566",5688272966,1317813750,7006086716,1774,805,11/21/2019 12:00:00 AM,2019,ORDENAMIENTO DE LA PRODUCCIÓN
837,309,"Fortalecimiento de la actividad extractiva en ocho asociaciones de pescadores artesanales mediante la entrega de unidades de pesca dotadas de artes, equipos de comunicación y seguridad personal en el municipio de Sucre, departamento de Sucre",SUCRE,Sucre,108,88,20,79,627772000,"26,390,566",654162566,342400000,996562566,8,794,11/18/2019 12:00:00 AM,2019,ASISTENCIA TÉCNICA Y EXTENSIÓN
2018,311,Mejoramiento de las capacidades productivas y empresariales de familias campesinas en condición de víctima de la Asociación Aspromontes mediante la adquisición de novillas preñadas doble propósito en el corregimiento de Bajo Grande vereda Raizal y Caracolito municipio de El Carmen de Bolívar,BOLÍVAR,CARMEN DE BOLÍVAR,60,42,18,58,495472158,"26,390,566",521862724,136200000,658062724,68,997,12/27/2019 12:00:00 AM,2019,ASISTENCIA Y EXTENSIÓN AGROPECUARIA
189,316,"Recuperación de la explotación ganadera a través de la adecuación, mejoramiento de praderas e implementación de sistemas silvopastoriles para la producción de ganado doble propósito en la comunidad de Karikachaboquira en el Resguardo Indígena la Gabarra Catalaura, municipio de Tibú y el Tarra, departamento Norte de Santander",NORTE DE SANTANDER,"TIBÚ, EL TARRA",30,27,3,0,445294000,"26,390,566",471684566,49800000,521484566,30,880,12/17/2019 12:00:00 AM,2019,ORDENAMIENTO DE LA PRODUCCIÓN
2206,318,Mejoramiento de la cadena de arroz mediante el establecimiento de un molino arrocero con secado y almacenamiento en el municipio de Guaranda,SUCRE,GUARANDA,231,176,55,111,3575802892,"26,390,566",3602193458,520015804,4122209262,1,834,11/28/2019 12:00:00 AM,2019,ASISTENCIA TÉCNICA Y EXTENSIÓN
719,319,"Fortalecer las capacidades productivas, organizacionales mediante la implementación de cultivos de cacao en asocio con plátano y asistencia técnica integral a 150 familias campesinas e indígenas de los municipios de Santa Rosalía y La Primavera en el departamento de Vichada",VICHADA,"SANTA ROSALÍA, LA PRIMAVERA",150,130,20,23,1687000000,"26,390,566",1713390566,724500000,2437890566,150,858,12/10/2019 12:00:00 AM,2019,ASISTENCIA TÉCNICA Y EXTENSIÓN
865,327,"Fortalecimiento en la cadena láctea de los pequeños y medianos productores asociados a la corporación de ganaderos del Norte de Antioquia, mediante la construcción de una planta de transformación e industrialización de leche en la Zona Norte del departamento de Antioquia.",ANTIOQUIA,"BELMIRA, ENTRERRÍOS, SANTA ROSA DE OSOS, SAN JOSÉ DE LA MONTAÑA, YARUMAL Y ANGOSTURA",250,229,21,18,3310959800,N/A,3310959800,8469997579,11780957379,2,10,01/09/2020 12:00:00 AM,2018,ORDENAMIENTO DE LA PRODUCCIÓN
744,328,"Mejorar la productividad de 48 pequeños productores de la asociación PROCAMSA, a través del sostenimiento de 48 Ha de plátano dominico hartón (Musa sp.) en el municipio de San José Caldas",CALDAS,SAN JOSÉ,48,39,9,7,265536000,"26,390,566",291926566,196880000,488806566,48,998,12/27/2019 12:00:00 AM,2019,ORDENAMIENTO DE LA PRODUCCIÓN
1021,329,"Fortalecer la ganadería de doble propósito de la Asociación de Ganaderos del Taquiza y el Pienta del municipio de Charalá y Ocamonte, Santander, mediante mejoramiento nutricional y genético con la aplicación de buenas prácticas ganaderas.",SANTANDER,"CHARALÁ, OCAMONTE",37,26,11,1,513371423,"26,390,566",539761989,259185000,798946989,111,879,12/17/2019 12:00:00 AM,2019,ASISTENCIA TÉCNICA Y EXTENSIÓN
516,332,"Fortalecimiento de la cadena láctea por medio del mejoramiento de la producción de leche bovina de calidad, implementando las buenas prácticas de ganadería y de ordeño para beneficiar a 38 pequeños productores en el municipio de Chameza, departamento de Casanare",CASANARE,CHAMEZA,38,28,10,35,470000000,"26,390,566",496390566,192910000,689300566,1100,878,12/17/2019 12:00:00 AM,2019,ORDENAMIENTO DE LA PRODUCCIÓN
2203,337,"Fortalecimiento de las capacidades productivas y organizacionales de pequeños y medianos productores de ASOZULIA mediante la terminación de la planta de procesamiento y transformación de arroz paddy verde en el municipio de San José de Cúcuta, Norte de Santander",NORTE DE SANTANDER,SAN JOSÉ DE CÚCUTA,160,118,42,22,4800000000,N/A,4800000000,586130719,5386130719,3,9,01/09/2020 12:00:00 AM,2018,ORDENAMIENTO DE LA PRODUCCIÓN
2908,338,"Fortalecer las capacidades productivas de 30 familias campesinas, mediante la dotación de pie de cría, materiales e insumos para la explotación de la ganadería doble propósito en el municipio de San Marcos en el departamento de Sucre",SUCRE,SAN MARCOS,30,25,5,0,506350000,"26,390,566",532740566,139053900,671794466,300,996,12/27/2019 12:00:00 AM,2019,ORDENAMIENTO DE LA PRODUCCIÓN
