HS;Descripci¢n HS;ID_ADR;CADENA_PRODUCTIVA_ADR;ASISTENCIATECNICA
1;Animales vivos;201;GANADERIA;GANADERIA
1;Animales vivos;201;GANADERIA;GANADERIA 
1;Animales vivos;201;GANADERIA;GANADERIA DP
1;Animales vivos;201;GANADERIA;GANADER…A DP
1;Animales vivos;201;GANADERIA;
1;Animales vivos;2;PECUARIO;
1;Animales vivos;2;PECUARIO;
1;Animales vivos;201;GANADERIA;
1;Animales vivos;201;GANADERIA;
1;Animales vivos;201;GANADERIA;
1;Animales vivos;201;GANADERIA;
1;Animales vivos;201;GANADERIA;
1;Animales vivos;201;GANADERIA;
1;Animales vivos;201;GANADERIA;
1;Animales vivos;201;GANADERIA;
1;Animales vivos;201;GANADERIA;
1;Animales vivos;201;GANADERIA;
1;Animales vivos;201;GANADERIA;
1;Animales vivos;201;GANADERIA;
1;Animales vivos;201;GANADERIA;
1;Animales vivos;201;GANADERIA;
1;Animales vivos;2;PECUARIO;
1;Animales vivos;2;PECUARIO;
105;"Gallos, gallinas, patos, gansos, pavos ""gallipavos"" y pintadas, de las especies domâsticas, ...";202;AVICULTURA;
105;"Gallos, gallinas, patos, gansos, pavos ""gallipavos"" y pintadas, de las especies domâsticas, ...";202;AVICULTURA;
105;"Gallos, gallinas, patos, gansos, pavos ""gallipavos"" y pintadas, de las especies domâsticas, ...";202;AVICULTURA;
106;Animales vivos, n.c.o.p. (exc. caballos, asnos, mulos, burdâganos, bovinos, porcinos, ovinos, ...;203;APICULTURA;
3;Pescados y crustÊceos, moluscos y demÊs invertebrados acuÊticos;6;ACUICULTURA;ACUICULTURA
3;Pescados y crustÊceos, moluscos y demÊs invertebrados acuÊticos;6;ACUICULTURA;
4;"Leche y productos lÊcteos; huevos de ave; miel natural; productos comestibles de origen animal ...";20103;LACTEO;
60110;Bulbos, cebollas, tubârculos, raÁces y bulbos tuberosos, turiones y rizomas, en reposo vegetativo ...;10201;CEBOLLA;
60110;Bulbos, cebollas, tubârculos, raÁces y bulbos tuberosos, turiones y rizomas, en reposo vegetativo ...;10202;CEBOLLA DE BULBO;
60110;Bulbos, cebollas, tubârculos, raÁces y bulbos tuberosos, turiones y rizomas, en reposo vegetativo ...;10203;CEBOLLA DE RAMA;
60110;Bulbos, cebollas, tubârculos, raÁces y bulbos tuberosos, turiones y rizomas, en reposo vegetativo ...;10204;CEBOLLIN;
60110;Bulbos, cebollas, tubârculos, raÁces y bulbos tuberosos, turiones y rizomas, en reposo vegetativo ...;10201;CEBOLLA;
60110;Bulbos, cebollas, tubârculos, raÁces y bulbos tuberosos, turiones y rizomas, en reposo vegetativo ...;10201;CEBOLLA;
60110;Bulbos, cebollas, tubârculos, raÁces y bulbos tuberosos, turiones y rizomas, en reposo vegetativo ...;10201;CEBOLLA;
60110;Bulbos, cebollas, tubârculos, raÁces y bulbos tuberosos, turiones y rizomas, en reposo vegetativo ...;10203;CEBOLLA DE RAMA;
60110;Bulbos, cebollas, tubârculos, raÁces y bulbos tuberosos, turiones y rizomas, en reposo vegetativo ...;10201;CEBOLLA;
60110;Bulbos, cebollas, tubârculos, raÁces y bulbos tuberosos, turiones y rizomas, en reposo vegetativo ...;10203;CEBOLLA DE RAMA;
60220;µrboles, arbustos y matas, de frutas o de otros frutos comestibles, incl. injertados;10301;CADUCIFOLIOS;
60220;µrboles, arbustos y matas, de frutas o de otros frutos comestibles, incl. injertados;10302;CANYARANA;
60290;Plantas vivas, incl. sus raÁces, y micelios (exc. bulbos, cebollas, tubârculos, raÁces y bulbos ...;10303;PLANTULAS;
603;Flores y capullos, cortados para ramos o adornos, frescos, secos, blanqueados, te?idos, impregnados ...;104;FLORES Y FOLLAJES;
603;Flores y capullos, cortados para ramos o adornos, frescos, secos, blanqueados, te?idos, impregnados ...;104;FLORES Y FOLLAJES;
603;Flores y capullos, cortados para ramos o adornos, frescos, secos, blanqueados, te?idos, impregnados ...;104;FLORES Y FOLLAJES;
60311;"Rosas ""flores y capullos"", cortadas para ramos o adornos, frescas";10401;ROSA;
60311;"Rosas ""flores y capullos"", cortadas para ramos o adornos, frescas";10401;ROSA;
60312;"Claveles ""flores y capullos"", cortados para ramos o adornos, frescos";10402;CLAVEL;
60313;"OrquÁdeas ""flores y capullos"", cortadas para ramos o adornos, frescas";10403;ORQUIDEA;
60314;"Crisantemos ""flores y capullos"", cortados para ramos o adornos, frescos";10404;CRISANTEMOS;
60314;"Crisantemos ""flores y capullos"", cortados para ramos o adornos, frescos";10404;CRISANTEMOS;
60315;"Lirios frescos cortados ""Lilium spp."" y las yemas, de una, para ramos o adornos";10405;ANTURIO;
60315;"Lirios frescos cortados ""Lilium spp."" y las yemas, de una, para ramos o adornos";10405;ANTURIO;
60319;Flores frescas y capullos, cortados, de una, para ramos o adornos (excepto rosas, claveles, ...;10406;ASTROMELIA;
60319;Flores frescas y capullos, cortados, de una, para ramos o adornos (excepto rosas, claveles, ...;10407;CARTUCHO-ASTROMELIA;
60319;Flores frescas y capullos, cortados, de una, para ramos o adornos (excepto rosas, claveles, ...;10408;CORDELINE CINTA;
60319;Flores frescas y capullos, cortados, de una, para ramos o adornos (excepto rosas, claveles, ...;10304;EUCALIPTO BABY BLUE;
60319;Flores frescas y capullos, cortados, de una, para ramos o adornos (excepto rosas, claveles, ...;10409;FITOSPORUM;
60319;Flores frescas y capullos, cortados, de una, para ramos o adornos (excepto rosas, claveles, ...;10410;FLOR DE SAFARI;
60319;Flores frescas y capullos, cortados, de una, para ramos o adornos (excepto rosas, claveles, ...;10411;GERBERAS;
60319;Flores frescas y capullos, cortados, de una, para ramos o adornos (excepto rosas, claveles, ...;10412;GLADIOLO;
60319;Flores frescas y capullos, cortados, de una, para ramos o adornos (excepto rosas, claveles, ...;10413;HELECHO;
60319;Flores frescas y capullos, cortados, de una, para ramos o adornos (excepto rosas, claveles, ...;10414;HELECHO CUERO;
60319;Flores frescas y capullos, cortados, de una, para ramos o adornos (excepto rosas, claveles, ...;10415;HELICONIA;
60319;Flores frescas y capullos, cortados, de una, para ramos o adornos (excepto rosas, claveles, ...;10416;HORTENSIA;
60319;Flores frescas y capullos, cortados, de una, para ramos o adornos (excepto rosas, claveles, ...;10417;LIMONIUM;
60319;Flores frescas y capullos, cortados, de una, para ramos o adornos (excepto rosas, claveles, ...;10418;MORERA;
60319;Flores frescas y capullos, cortados, de una, para ramos o adornos (excepto rosas, claveles, ...;10419;PALMA ROBELINA;
60319;Flores frescas y capullos, cortados, de una, para ramos o adornos (excepto rosas, claveles, ...;10420;POMPON Y CRISANTEMO;
60319;Flores frescas y capullos, cortados, de una, para ramos o adornos (excepto rosas, claveles, ...;10421;PROTEA;
60319;Flores frescas y capullos, cortados, de una, para ramos o adornos (excepto rosas, claveles, ...;10422;STATICE;
60319;Flores frescas y capullos, cortados, de una, para ramos o adornos (excepto rosas, claveles, ...;10423;TREE FERN;
60319;Flores frescas y capullos, cortados, de una, para ramos o adornos (excepto rosas, claveles, ...;10304;EUCALIPTO BABY BLUE;
60319;Flores frescas y capullos, cortados, de una, para ramos o adornos (excepto rosas, claveles, ...;10410;FLOR DE SAFARI;
60319;Flores frescas y capullos, cortados, de una, para ramos o adornos (excepto rosas, claveles, ...;10410;FLOR DE SAFARI;
60319;Flores frescas y capullos, cortados, de una, para ramos o adornos (excepto rosas, claveles, ...;10412;GLADIOLO;
60319;Flores frescas y capullos, cortados, de una, para ramos o adornos (excepto rosas, claveles, ...;10411;GERBERAS;
60319;Flores frescas y capullos, cortados, de una, para ramos o adornos (excepto rosas, claveles, ...;10413;HELECHO;
60319;Flores frescas y capullos, cortados, de una, para ramos o adornos (excepto rosas, claveles, ...;10414;HELECHO CUERO;
60319;Flores frescas y capullos, cortados, de una, para ramos o adornos (excepto rosas, claveles, ...;10416;HORTENSIA;
70190;"Patatas ""papas"" frescas o refrigeradas (exc. las de siembra)";10501;PAPA;
70190;"Patatas ""papas"" frescas o refrigeradas (exc. las de siembra)";10502;PAPA CHINA;
70190;"Patatas ""papas"" frescas o refrigeradas (exc. las de siembra)";10503;PAPA CRIOLLA;
70190;"Patatas ""papas"" frescas o refrigeradas (exc. las de siembra)";10504;ULLUCO;
70190;"Patatas ""papas"" frescas o refrigeradas (exc. las de siembra)";10501;PAPA;
70190;"Patatas ""papas"" frescas o refrigeradas (exc. las de siembra)";10501;PAPA;
70190;"Patatas ""papas"" frescas o refrigeradas (exc. las de siembra)";10503;PAPA CRIOLLA;
70190;"Patatas ""papas"" frescas o refrigeradas (exc. las de siembra)";10504;ULLUCO;
70200;Tomates frescos o refrigerados;10601;TOMATE;
70200;Tomates frescos o refrigerados;10602;TOMATE INVERNADERO;
70200;Tomates frescos o refrigerados;10601;TOMATE;
70200;Tomates frescos o refrigerados;10601;TOMATE;
70200;Tomates frescos o refrigerados;10601;TOMATE;
70200;Tomates frescos o refrigerados;10602;TOMATE INVERNADERO;
70320;Ajos frescos o refrigerados;10701;AJO;
70320;Ajos frescos o refrigerados;10701;AJO;
70390;"Puerros y demÊs hortalizas aliÊceas, incl. ""silvestres"", frescos o refrigerados (exc. cebollas, ...";10702;PUERRO;
70410;"Coles y brâcoles ""broccoli"", frescos o refrigerados";10801;BROCOLI;
70410;"Coles y brâcoles ""broccoli"", frescos o refrigerados";10802;COL;
70410;"Coles y brâcoles ""broccoli"", frescos o refrigerados";10801;BROCOLI;
70410;"Coles y brâcoles ""broccoli"", frescos o refrigerados";10802;COL;
70490;Coles, incl. los repollos, y coliflores, coles rizadas, colinabos y productos comestibles simil. ...;10803;COLIFLOR;
70490;Coles, incl. los repollos, y coliflores, coles rizadas, colinabos y productos comestibles simil. ...;10804;REPOLLO;
70490;Coles, incl. los repollos, y coliflores, coles rizadas, colinabos y productos comestibles simil. ...;10803;COLIFLOR;
70490;Coles, incl. los repollos, y coliflores, coles rizadas, colinabos y productos comestibles simil. ...;10804;REPOLLO;
70490;Coles, incl. los repollos, y coliflores, coles rizadas, colinabos y productos comestibles simil. ...;10804;REPOLLO;
70511;Lechugas repolladas, frescas o refrigeradas;10805;ACHICORIA;
70511;Lechugas repolladas, frescas o refrigeradas;10806;LECHUGA;
70511;Lechugas repolladas, frescas o refrigeradas;10806;LECHUGA;
70511;Lechugas repolladas, frescas o refrigeradas;10806;LECHUGA;
70511;Lechugas repolladas, frescas o refrigeradas;10806;LECHUGA;
70610;Zanahorias y nabos, frescos o refrigerados (exc. remolachas para ensalada);10901;NABO;
70610;Zanahorias y nabos, frescos o refrigerados (exc. remolachas para ensalada);10902;ZANAHORIA;
70690;Remolachas para ensalada, salsifÁes, apionabos, rÊbanos y raÁces comestibles, frescas o refrigeradas ...;10807;ACELGA;
70690;Remolachas para ensalada, salsifÁes, apionabos, rÊbanos y raÁces comestibles, frescas o refrigeradas ...;10903;RABANO;
70690;Remolachas para ensalada, salsifÁes, apionabos, rÊbanos y raÁces comestibles, frescas o refrigeradas ...;10904;REMOLACHA;
70690;Remolachas para ensalada, salsifÁes, apionabos, rÊbanos y raÁces comestibles, frescas o refrigeradas ...;10807;ACELGA;
70690;Remolachas para ensalada, salsifÁes, apionabos, rÊbanos y raÁces comestibles, frescas o refrigeradas ...;10904;REMOLACHA;
70700;Pepinos y pepinillos, frescos o refrigerados;11001;PEPINO COHOMBRO;
70700;Pepinos y pepinillos, frescos o refrigerados;11002;PEPINO GUISO;
70700;Pepinos y pepinillos, frescos o refrigerados;11001;PEPINO COHOMBRO;
70700;Pepinos y pepinillos, frescos o refrigerados;11001;PEPINO COHOMBRO;
70810;"Guisantes ""arvejas, chÁcharos"" ""Pisum sativum"", aunque estân desvainados, frescos o refrigerados";11101;ARVEJA;
70810;"Guisantes ""arvejas, chÁcharos"" ""Pisum sativum"", aunque estân desvainados, frescos o refrigerados";11101;ARVEJA;
70810;"Guisantes ""arvejas, chÁcharos"" ""Pisum sativum"", aunque estân desvainados, frescos o refrigerados";11101;ARVEJA;
70810;"Guisantes ""arvejas, chÁcharos"" ""Pisum sativum"", aunque estân desvainados, frescos o refrigerados";11101;ARVEJA;
70820;"JudÁas ""porotos, alubias, frijoles, frâjoles"" ""Vigna spp."", ""Phaseolus spp."", frescas o re ...";11102;CHACHAFRUTO;
70820;"JudÁas ""porotos, alubias, frijoles, frâjoles"" ""Vigna spp."", ""Phaseolus spp."", frescas o re ...";11103;FRIJOL;
70820;"JudÁas ""porotos, alubias, frijoles, frâjoles"" ""Vigna spp."", ""Phaseolus spp."", frescas o re ...";11104;FRIJOL ARBUSTIVO;
70820;"JudÁas ""porotos, alubias, frijoles, frâjoles"" ""Vigna spp."", ""Phaseolus spp."", frescas o re ...";11105;FRIJOL LADERA;
70820;"JudÁas ""porotos, alubias, frijoles, frâjoles"" ""Vigna spp."", ""Phaseolus spp."", frescas o re ...";11106;FRIJOL PLANA;
70820;"JudÁas ""porotos, alubias, frijoles, frâjoles"" ""Vigna spp."", ""Phaseolus spp."", frescas o re ...";11107;FRIJOL VOLUBLE;
70820;"JudÁas ""porotos, alubias, frijoles, frâjoles"" ""Vigna spp."", ""Phaseolus spp."", frescas o re ...";11108;GUANDUL;
70820;"JudÁas ""porotos, alubias, frijoles, frâjoles"" ""Vigna spp."", ""Phaseolus spp."", frescas o re ...";11109;HABICHUELA;
70820;"JudÁas ""porotos, alubias, frijoles, frâjoles"" ""Vigna spp."", ""Phaseolus spp."", frescas o re ...";11103;FRIJOL;
70820;"JudÁas ""porotos, alubias, frijoles, frâjoles"" ""Vigna spp."", ""Phaseolus spp."", frescas o re ...";11104;FRIJOL ARBUSTIVO;
70820;"JudÁas ""porotos, alubias, frijoles, frâjoles"" ""Vigna spp."", ""Phaseolus spp."", frescas o re ...";11106;FRIJOL PLANA;
70820;"JudÁas ""porotos, alubias, frijoles, frâjoles"" ""Vigna spp."", ""Phaseolus spp."", frescas o re ...";11103;FRIJOL;
70820;"JudÁas ""porotos, alubias, frijoles, frâjoles"" ""Vigna spp."", ""Phaseolus spp."", frescas o re ...";11103;FRIJOL;
70820;"JudÁas ""porotos, alubias, frijoles, frâjoles"" ""Vigna spp."", ""Phaseolus spp."", frescas o re ...";11106;FRIJOL PLANA;
70820;"JudÁas ""porotos, alubias, frijoles, frâjoles"" ""Vigna spp."", ""Phaseolus spp."", frescas o re ...";11109;HABICHUELA;
70910;"Alcachofas ""alcauciles"", frescas o refrigeradas";11201;ALCACHOFA;
70920;EspÊrragos, frescos o refrigerados;11202;ASPARRAGUS;
70920;EspÊrragos, frescos o refrigerados;11203;ESPARRAGO;
70930;Berenjenas, frescas o refrigeradas;11204;BERENJENA;
70930;Berenjenas, frescas o refrigeradas;11204;BERENJENA;
70940;Apio, fresco o refrigerado (exc. apionabo);10505;APIO;
70940;Apio, fresco o refrigerado (exc. apionabo);10506;ARRACACHA;
70940;Apio, fresco o refrigerado (exc. apionabo);10505;APIO;
70940;Apio, fresco o refrigerado (exc. apionabo);10506;ARRACACHA;
70959;"Setas y demÊs hongos, comestibles, frescas o refrigeradas (exc. hongos del gânero ""Agaricus"" ...";11207;CHAMPI´ON;
70959;"Setas y demÊs hongos, comestibles, frescas o refrigeradas (exc. hongos del gânero ""Agaricus"" ...";11208;ORELLANA;
70960;"Frutos de las gâneros ""Capsicum"" o ""Pimenta"", frescos o refrigerados";11209;AJI;
70960;"Frutos de las gâneros ""Capsicum"" o ""Pimenta"", frescos o refrigerados";11210;AJI DULCE;
70960;"Frutos de las gâneros ""Capsicum"" o ""Pimenta"", frescos o refrigerados";11211;AJI TABASCO;
70960;"Frutos de las gâneros ""Capsicum"" o ""Pimenta"", frescos o refrigerados";11209;AJI;
70960;"Frutos de las gâneros ""Capsicum"" o ""Pimenta"", frescos o refrigerados";11210;AJI DULCE;
70960;"Frutos de las gâneros ""Capsicum"" o ""Pimenta"", frescos o refrigerados";11211;AJI TABASCO;
70970;Espinacas, incl. las de Nueva Zelanda, y armuelles, frescas o refrigeradas;11212;ESPINACA;
70970;Espinacas, incl. las de Nueva Zelanda, y armuelles, frescas o refrigeradas;11212;ESPINACA;
70990;Las demÊs hortalizas, frescas o refrigeradas : Las demÊs;11220;HORTALIZAS VARIAS;
70990;Las demÊs hortalizas, frescas o refrigeradas : Las demÊs;11220;HORTALIZAS VARIAS;
70990;Las demÊs hortalizas, frescas o refrigeradas : Las demÊs;11220;HORTALIZAS VARIAS;
70990;Las demÊs hortalizas, frescas o refrigeradas : Las demÊs;11220;HORTALIZAS VARIAS;
70990;Las demÊs hortalizas, frescas o refrigeradas : Las demÊs;11220;HORTALIZAS VARIAS;
70990;Las demÊs hortalizas, frescas o refrigeradas : Las demÊs;11220;HORTALIZAS VARIAS;
70990;Las demÊs hortalizas, frescas o refrigeradas : Las demÊs;11220;HORTALIZAS VARIAS;
70990;Las demÊs hortalizas, frescas o refrigeradas : Las demÊs;11220;HORTALIZAS VARIAS;
70993;"Calabazas frescas o refrigeradas, la calabaza y calabazas ""Cucurbita spp.""";11213;AHUYAMA;
70993;"Calabazas frescas o refrigeradas, la calabaza y calabazas ""Cucurbita spp.""";11214;CALABACIN;
70993;"Calabazas frescas o refrigeradas, la calabaza y calabazas ""Cucurbita spp.""";11215;CALABAZA;
70993;"Calabazas frescas o refrigeradas, la calabaza y calabazas ""Cucurbita spp.""";11216;GUATILA;
70993;"Calabazas frescas o refrigeradas, la calabaza y calabazas ""Cucurbita spp.""";11217;YOTA;
70993;"Calabazas frescas o refrigeradas, la calabaza y calabazas ""Cucurbita spp.""";11218;ZUCCHINI;
70993;"Calabazas frescas o refrigeradas, la calabaza y calabazas ""Cucurbita spp.""";11213;AHUYAMA;
70993;"Calabazas frescas o refrigeradas, la calabaza y calabazas ""Cucurbita spp.""";11213;AHUYAMA;
70993;"Calabazas frescas o refrigeradas, la calabaza y calabazas ""Cucurbita spp.""";11213;AHUYAMA;
70993;"Calabazas frescas o refrigeradas, la calabaza y calabazas ""Cucurbita spp.""";11214;CALABACIN;
71340;Lentejas secas desvainadas, aunque estân mondadas o partidas;11301;LENTEJA;
71340;Lentejas secas desvainadas, aunque estân mondadas o partidas;11301;LENTEJA;
71350;"Habas ""Vicia faba var. major"", haba caballar ""Vicia faba var. equina"" y haba menor ""Vicia faba ...";11302;HABA;
71350;"Habas ""Vicia faba var. major"", haba caballar ""Vicia faba var. equina"" y haba menor ""Vicia faba ...";11302;HABA;
71350;"Habas ""Vicia faba var. major"", haba caballar ""Vicia faba var. equina"" y haba menor ""Vicia faba ...";11302;HABA;
71390;Legumbres secas, legumbres sin cÊscara, incluso mondadas o partidas (exc. ??guisantes, garbanzos, ...;11303;GARBANZO;
71410;"RaÁces de mandioca ""yuca"", frescas, refrigeradas, congeladas o secas, incl. troceadas o en ...";10507;BATATA;
71410;"RaÁces de mandioca ""yuca"", frescas, refrigeradas, congeladas o secas, incl. troceadas o en ...";10508;BORE;
71410;"RaÁces de mandioca ""yuca"", frescas, refrigeradas, congeladas o secas, incl. troceadas o en ...";10509;CHONQUE;
71410;"RaÁces de mandioca ""yuca"", frescas, refrigeradas, congeladas o secas, incl. troceadas o en ...";10510;MALANGA;
71410;"RaÁces de mandioca ""yuca"", frescas, refrigeradas, congeladas o secas, incl. troceadas o en ...";10511;´AME;
71410;"RaÁces de mandioca ""yuca"", frescas, refrigeradas, congeladas o secas, incl. troceadas o en ...";10511;´AME;´AME
71410;"RaÁces de mandioca ""yuca"", frescas, refrigeradas, congeladas o secas, incl. troceadas o en ...";10512;´AME DIAMANTE;
71410;"RaÁces de mandioca ""yuca"", frescas, refrigeradas, congeladas o secas, incl. troceadas o en ...";10513;´AME ESPINO;
71410;"RaÁces de mandioca ""yuca"", frescas, refrigeradas, congeladas o secas, incl. troceadas o en ...";10514;YACON;
71410;"RaÁces de mandioca ""yuca"", frescas, refrigeradas, congeladas o secas, incl. troceadas o en ...";10515;YUCA;
71410;"RaÁces de mandioca ""yuca"", frescas, refrigeradas, congeladas o secas, incl. troceadas o en ...";10515;YUCA;YUCA
71410;"RaÁces de mandioca ""yuca"", frescas, refrigeradas, congeladas o secas, incl. troceadas o en ...";10516;YUCA INDUSTRIAL;
71410;"RaÁces de mandioca ""yuca"", frescas, refrigeradas, congeladas o secas, incl. troceadas o en ...";10515;YUCA;
71410;"RaÁces de mandioca ""yuca"", frescas, refrigeradas, congeladas o secas, incl. troceadas o en ...";10515;YUCA;
71410;"RaÁces de mandioca ""yuca"", frescas, refrigeradas, congeladas o secas, incl. troceadas o en ...";10515;YUCA;
71410;"RaÁces de mandioca ""yuca"", frescas, refrigeradas, congeladas o secas, incl. troceadas o en ...";10515;YUCA;
71410;"RaÁces de mandioca ""yuca"", frescas, refrigeradas, congeladas o secas, incl. troceadas o en ...";10515;YUCA;
71410;"RaÁces de mandioca ""yuca"", frescas, refrigeradas, congeladas o secas, incl. troceadas o en ...";10515;YUCA;
71410;"RaÁces de mandioca ""yuca"", frescas, refrigeradas, congeladas o secas, incl. troceadas o en ...";10515;YUCA;
71410;"RaÁces de mandioca ""yuca"", frescas, refrigeradas, congeladas o secas, incl. troceadas o en ...";10511;´AME;
71410;"RaÁces de mandioca ""yuca"", frescas, refrigeradas, congeladas o secas, incl. troceadas o en ...";10511;´AME;
71410;"RaÁces de mandioca ""yuca"", frescas, refrigeradas, congeladas o secas, incl. troceadas o en ...";10511;´AME;
80119;"Cocos frescos, incluso sin cÊscara o mondados (exc. ??en el interior de shell ""endocarpio"")";12441;COCO;
80119;"Cocos frescos, incluso sin cÊscara o mondados (exc. ??en el interior de shell ""endocarpio"")";12441;COCO;
80261;Nueces de macadamia, frescas o secas, con cÊscara;12442;MACADAMIA;
80300;Bananas o plÊtanos, frescos o secos;11401;BANANITO;
80300;Bananas o plÊtanos, frescos o secos;11402;BANANO;
80300;Bananas o plÊtanos, frescos o secos;11403;BANANO EXPORTACION;
80300;Bananas o plÊtanos, frescos o secos;11404;BANANO MANZANO;
80300;Bananas o plÊtanos, frescos o secos;11405;CACHACO;
80300;Bananas o plÊtanos, frescos o secos;11406;CHIRO;
80300;Bananas o plÊtanos, frescos o secos;11407;CHOLUPA;
80300;Bananas o plÊtanos, frescos o secos;11408;MURRAPO;
80300;Bananas o plÊtanos, frescos o secos;11409;PLATANO;
80300;Bananas o plÊtanos, frescos o secos;11409;PLATANO;PLATANO
80300;Bananas o plÊtanos, frescos o secos;11409;PLATANO;PLµTANO
80300;Bananas o plÊtanos, frescos o secos;11410;PLATANO EXPORTACION;
80300;Bananas o plÊtanos, frescos o secos;11402;BANANO;
80300;Bananas o plÊtanos, frescos o secos;11407;CHOLUPA;
80300;Bananas o plÊtanos, frescos o secos;11409;PLATANO;
80300;Bananas o plÊtanos, frescos o secos;11409;PLATANO;
80410;DÊtiles, frescos o secos;11509;DATIL;
80420;Higos, frescos o secos;11510;HIGO;
80420;Higos, frescos o secos;11510;HIGO;
80420;Higos, frescos o secos;11510;HIGO;
80430;"Pi?as ""ananÊs"", frescas o secas";11501;PI´A;
80430;"Pi?as ""ananÊs"", frescas o secas";11501;PI´A;
80440;"Aguacates ""paltas"", frescos o secos";11502;AGUACATE;
80440;"Aguacates ""paltas"", frescos o secos";11502;AGUACATE;
80440;"Aguacates ""paltas"", frescos o secos";11502;AGUACATE;
80440;"Aguacates ""paltas"", frescos o secos";11502;AGUACATE;
80440;"Aguacates ""paltas"", frescos o secos";11502;AGUACATE;
80450;Guayabas, mangos y mangostanes, frescos o secos;11503;GUAYABA;
80450;Guayabas, mangos y mangostanes, frescos o secos;11504;GUAYABA MANZANA;
80450;Guayabas, mangos y mangostanes, frescos o secos;11505;GUAYABA PERA;
80450;Guayabas, mangos y mangostanes, frescos o secos;11506;MANGO;
80450;Guayabas, mangos y mangostanes, frescos o secos;11507;MANGO INJERTO;
80450;Guayabas, mangos y mangostanes, frescos o secos;11508;MANGOSTINO;
80450;Guayabas, mangos y mangostanes, frescos o secos;11503;GUAYABA;
80450;Guayabas, mangos y mangostanes, frescos o secos;11503;GUAYABA;
80450;Guayabas, mangos y mangostanes, frescos o secos;11506;MANGO;
805;"Agrios ""cÁtricos"", frescos o secos";116;CITRICOS;
805;"Agrios ""cÁtricos"", frescos o secos";116;CITRICOS;
805;"Agrios ""cÁtricos"", frescos o secos";116;CITRICOS;
805;"Agrios ""cÁtricos"", frescos o secos";116;CITRICOS;
805;"Agrios ""cÁtricos"", frescos o secos";116;CITRICOS;
805;"Agrios ""cÁtricos"", frescos o secos";116;CITRICOS;
805;"Agrios ""cÁtricos"", frescos o secos";116;CITRICOS;
80510;Naranjas, frescas o secas;11601;NARANJA;
80510;Naranjas, frescas o secas;11602;NARANJA JAFFA;
80510;Naranjas, frescas o secas;11603;NARANJA SALUSTIANA;
80510;Naranjas, frescas o secas;11604;NARANJA VALENCIA;
80510;Naranjas, frescas o secas;11605;NARANJA WASHINGTON NAVEL;
80510;Naranjas, frescas o secas;11606;TANGARANA;
80510;Naranjas, frescas o secas;11601;NARANJA;
80510;Naranjas, frescas o secas;11605;NARANJA WASHINGTON NAVEL;
80520;"Mandarinas, incl. las tangerinas y satsumas; clementinas, wilkings e hÁbridos simil. de agrios ...";11607;MANDARINA;
80520;"Mandarinas, incl. las tangerinas y satsumas; clementinas, wilkings e hÁbridos simil. de agrios ...";11608;MANDARINA CLEMENTINA;
80520;"Mandarinas, incl. las tangerinas y satsumas; clementinas, wilkings e hÁbridos simil. de agrios ...";11609;MANDARINA ONECO;
80520;"Mandarinas, incl. las tangerinas y satsumas; clementinas, wilkings e hÁbridos simil. de agrios ...";11610;TANGELO;
80520;"Mandarinas, incl. las tangerinas y satsumas; clementinas, wilkings e hÁbridos simil. de agrios ...";11611;TANGELO MINEOLA;
80520;"Mandarinas, incl. las tangerinas y satsumas; clementinas, wilkings e hÁbridos simil. de agrios ...";11612;TANGELO ORLANDO;
80520;"Mandarinas, incl. las tangerinas y satsumas; clementinas, wilkings e hÁbridos simil. de agrios ...";11607;MANDARINA;
80530;Limones y lima agria, frescos o secos;11613;LIMA;
80530;Limones y lima agria, frescos o secos;11614;LIMA TAHITI;
80530;Limones y lima agria, frescos o secos;11615;LIMON;
80530;Limones y lima agria, frescos o secos;11616;LIMON MANDARINO;
80530;Limones y lima agria, frescos o secos;11617;LIMON PAJARITO;
80530;Limones y lima agria, frescos o secos;11618;LIMON TAHITI;
80530;Limones y lima agria, frescos o secos;11615;LIMON;
80530;Limones y lima agria, frescos o secos;11617;LIMON PAJARITO;
80530;Limones y lima agria, frescos o secos;11617;LIMON PAJARITO;
80530;Limones y lima agria, frescos o secos;11618;LIMON TAHITI;
80530;Limones y lima agria, frescos o secos;11618;LIMON TAHITI;
80540;Toronjas o pomelos, frescos o secos;11619;POMELO;
80540;Toronjas o pomelos, frescos o secos;11620;TORONJA;
80610;Uvas frescas;11701;UVA;
80610;Uvas frescas;11702;UVA CAIMARONA;
80610;Uvas frescas;11701;UVA;
80610;Uvas frescas;11701;UVA;
80610;Uvas frescas;11701;UVA;
80711;SandÁas, frescas;11801;PATILLA;
80711;SandÁas, frescas;11801;PATILLA;
80711;SandÁas, frescas;11801;PATILLA;
80711;SandÁas, frescas;11801;PATILLA;
80719;Melones, frescos (exc. sandÁas);11802;MELON;
80719;Melones, frescos (exc. sandÁas);11802;MELON;
80720;Papayas, frescas;11803;PAPAYA;
80720;Papayas, frescas;11804;PAPAYA HAWAIANA;
80720;Papayas, frescas;11805;PAPAYUELA;
80720;Papayas, frescas;11803;PAPAYA;
80720;Papayas, frescas;11803;PAPAYA;
80720;Papayas, frescas;11803;PAPAYA;
80810;Manzanas, frescas;11901;MANZANA;
80810;Manzanas, frescas;11901;MANZANA;
80820;Manzanas, peras y membrillos, frescos : Peras y membrillos;11902;PERA;
80920;Albaricoques (damascos, chabacanos), cerezas, melocotones (duraznos) (incluidos los gri?ones ...;12001;DURAZNO;
80920;Albaricoques (damascos, chabacanos), cerezas, melocotones (duraznos) (incluidos los gri?ones ...;12001;DURAZNO;
80940;Ciruelas y endrinas, frescas;12002;CIRUELA;
80940;Ciruelas y endrinas, frescas;12002;CIRUELA;
81010;"Fresas ""frutillas"", frescas";12101;FRESA;
81010;"Fresas ""frutillas"", frescas";12101;FRESA;
81020;Frambuesas, zarzamoras, moras y moras-frambuesa, frescas;12102;FRAMBUESA;
81020;Frambuesas, zarzamoras, moras y moras-frambuesa, frescas;12103;MORA;
81020;Frambuesas, zarzamoras, moras y moras-frambuesa, frescas;12103;MORA;
81020;Frambuesas, zarzamoras, moras y moras-frambuesa, frescas;12103;MORA;
81020;Frambuesas, zarzamoras, moras y moras-frambuesa, frescas;12103;MORA;
81020;Frambuesas, zarzamoras, moras y moras-frambuesa, frescas;12103;MORA;
81040;"ArÊndanos rojos, mirtilos y demÊs frutos del gânero ""Vaccinium"", frescos";12104;AGRAZ;
81040;"ArÊndanos rojos, mirtilos y demÊs frutos del gânero ""Vaccinium"", frescos";12105;ARANDANO;
81090;Tamarindos frescos, los anacardos, la jaca, litchis, sapotillos, maracuyÊ, carambola, pitahaya ...;12235;PITAHAYA;
81090;Tamarindos frescos, los anacardos, la jaca, litchis, sapotillos, maracuyÊ, carambola, pitahaya ...;12236;TAMARINDO;
81090;Tamarindos frescos, los anacardos, la jaca, litchis, sapotillos, maracuyÊ, carambola, pitahaya ...;12235;PITAHAYA;
81090;Tamarindos frescos, los anacardos, la jaca, litchis, sapotillos, maracuyÊ, carambola, pitahaya ...;12235;PITAHAYA;
81090;Tamarindos frescos, los anacardos, la jaca, litchis, sapotillos, maracuyÊ, carambola, pitahaya ...;12236;TAMARINDO;
81340;Melocotones, incl. los gri?ones y nectarinas, peras, papayas, tamarindos y demÊs frutos comestibles, ...;12201;ANON;
81340;Melocotones, incl. los gri?ones y nectarinas, peras, papayas, tamarindos y demÊs frutos comestibles, ...;12202;ARAZA;
81340;Melocotones, incl. los gri?ones y nectarinas, peras, papayas, tamarindos y demÊs frutos comestibles, ...;12203;ASAI;
81340;Melocotones, incl. los gri?ones y nectarinas, peras, papayas, tamarindos y demÊs frutos comestibles, ...;12204;BACURI;
81340;Melocotones, incl. los gri?ones y nectarinas, peras, papayas, tamarindos y demÊs frutos comestibles, ...;12205;BADEA;
81340;Melocotones, incl. los gri?ones y nectarinas, peras, papayas, tamarindos y demÊs frutos comestibles, ...;12206;BOROJO;
81340;Melocotones, incl. los gri?ones y nectarinas, peras, papayas, tamarindos y demÊs frutos comestibles, ...;12207;BREVO;
81340;Melocotones, incl. los gri?ones y nectarinas, peras, papayas, tamarindos y demÊs frutos comestibles, ...;12208;CAIMO;
81340;Melocotones, incl. los gri?ones y nectarinas, peras, papayas, tamarindos y demÊs frutos comestibles, ...;12209;CHAMBA;
81340;Melocotones, incl. los gri?ones y nectarinas, peras, papayas, tamarindos y demÊs frutos comestibles, ...;12210;CHIRIMOYA;
81340;Melocotones, incl. los gri?ones y nectarinas, peras, papayas, tamarindos y demÊs frutos comestibles, ...;12211;CHONTADURO;
81340;Melocotones, incl. los gri?ones y nectarinas, peras, papayas, tamarindos y demÊs frutos comestibles, ...;12212;COCONA;
81340;Melocotones, incl. los gri?ones y nectarinas, peras, papayas, tamarindos y demÊs frutos comestibles, ...;12213;COPOAZU;
81340;Melocotones, incl. los gri?ones y nectarinas, peras, papayas, tamarindos y demÊs frutos comestibles, ...;12214;CURCUMA;
81340;Melocotones, incl. los gri?ones y nectarinas, peras, papayas, tamarindos y demÊs frutos comestibles, ...;12215;CURUBA;
81340;Melocotones, incl. los gri?ones y nectarinas, peras, papayas, tamarindos y demÊs frutos comestibles, ...;11511;FEIJOA;
81340;Melocotones, incl. los gri?ones y nectarinas, peras, papayas, tamarindos y demÊs frutos comestibles, ...;12238;FRUTALES VARIOS;
81340;Melocotones, incl. los gri?ones y nectarinas, peras, papayas, tamarindos y demÊs frutos comestibles, ...;12216;GRANADILLA;
81340;Melocotones, incl. los gri?ones y nectarinas, peras, papayas, tamarindos y demÊs frutos comestibles, ...;12217;GUAMA;
81340;Melocotones, incl. los gri?ones y nectarinas, peras, papayas, tamarindos y demÊs frutos comestibles, ...;12218;GUANABANA;
81340;Melocotones, incl. los gri?ones y nectarinas, peras, papayas, tamarindos y demÊs frutos comestibles, ...;12219;GULUPA;
81340;Melocotones, incl. los gri?ones y nectarinas, peras, papayas, tamarindos y demÊs frutos comestibles, ...;12220;LULO;
81340;Melocotones, incl. los gri?ones y nectarinas, peras, papayas, tamarindos y demÊs frutos comestibles, ...;12221;MAMEY;
81340;Melocotones, incl. los gri?ones y nectarinas, peras, papayas, tamarindos y demÊs frutos comestibles, ...;12222;MAMONCILLO;
81340;Melocotones, incl. los gri?ones y nectarinas, peras, papayas, tamarindos y demÊs frutos comestibles, ...;12223;MARACUYA;
81340;Melocotones, incl. los gri?ones y nectarinas, peras, papayas, tamarindos y demÊs frutos comestibles, ...;12224;MARA´ON;
81340;Melocotones, incl. los gri?ones y nectarinas, peras, papayas, tamarindos y demÊs frutos comestibles, ...;12225;NISPERO;
81340;Melocotones, incl. los gri?ones y nectarinas, peras, papayas, tamarindos y demÊs frutos comestibles, ...;12226;NONI;
81340;Melocotones, incl. los gri?ones y nectarinas, peras, papayas, tamarindos y demÊs frutos comestibles, ...;12227;PEPA DE PAN;
81340;Melocotones, incl. los gri?ones y nectarinas, peras, papayas, tamarindos y demÊs frutos comestibles, ...;12228;POMARROSA;
81340;Melocotones, incl. los gri?ones y nectarinas, peras, papayas, tamarindos y demÊs frutos comestibles, ...;12229;RAMBUTAN;
81340;Melocotones, incl. los gri?ones y nectarinas, peras, papayas, tamarindos y demÊs frutos comestibles, ...;12230;TOMATE DE ARBOL;
81340;Melocotones, incl. los gri?ones y nectarinas, peras, papayas, tamarindos y demÊs frutos comestibles, ...;12231;UCHUVA;
81340;Melocotones, incl. los gri?ones y nectarinas, peras, papayas, tamarindos y demÊs frutos comestibles, ...;12232;UMARI;
81340;Melocotones, incl. los gri?ones y nectarinas, peras, papayas, tamarindos y demÊs frutos comestibles, ...;12233;ZAPOTE;
81340;Melocotones, incl. los gri?ones y nectarinas, peras, papayas, tamarindos y demÊs frutos comestibles, ...;12234;ZARAGOZA;
81340;Melocotones, incl. los gri?ones y nectarinas, peras, papayas, tamarindos y demÊs frutos comestibles, ...;12205;BADEA;
81340;Melocotones, incl. los gri?ones y nectarinas, peras, papayas, tamarindos y demÊs frutos comestibles, ...;12210;CHIRIMOYA;
81340;Melocotones, incl. los gri?ones y nectarinas, peras, papayas, tamarindos y demÊs frutos comestibles, ...;12215;CURUBA;
81340;Melocotones, incl. los gri?ones y nectarinas, peras, papayas, tamarindos y demÊs frutos comestibles, ...;12215;CURUBA;
81340;Melocotones, incl. los gri?ones y nectarinas, peras, papayas, tamarindos y demÊs frutos comestibles, ...;11511;FEIJOA;
81340;Melocotones, incl. los gri?ones y nectarinas, peras, papayas, tamarindos y demÊs frutos comestibles, ...;12238;FRUTALES VARIOS;
81340;Melocotones, incl. los gri?ones y nectarinas, peras, papayas, tamarindos y demÊs frutos comestibles, ...;12238;FRUTALES VARIOS;
81340;Melocotones, incl. los gri?ones y nectarinas, peras, papayas, tamarindos y demÊs frutos comestibles, ...;12238;FRUTALES VARIOS;
81340;Melocotones, incl. los gri?ones y nectarinas, peras, papayas, tamarindos y demÊs frutos comestibles, ...;12238;FRUTALES VARIOS;
81340;Melocotones, incl. los gri?ones y nectarinas, peras, papayas, tamarindos y demÊs frutos comestibles, ...;12216;GRANADILLA;
81340;Melocotones, incl. los gri?ones y nectarinas, peras, papayas, tamarindos y demÊs frutos comestibles, ...;12216;GRANADILLA;
81340;Melocotones, incl. los gri?ones y nectarinas, peras, papayas, tamarindos y demÊs frutos comestibles, ...;12218;GUANABANA;
81340;Melocotones, incl. los gri?ones y nectarinas, peras, papayas, tamarindos y demÊs frutos comestibles, ...;12219;GULUPA;
81340;Melocotones, incl. los gri?ones y nectarinas, peras, papayas, tamarindos y demÊs frutos comestibles, ...;12238;FRUTALES VARIOS;
81340;Melocotones, incl. los gri?ones y nectarinas, peras, papayas, tamarindos y demÊs frutos comestibles, ...;12220;LULO;
81340;Melocotones, incl. los gri?ones y nectarinas, peras, papayas, tamarindos y demÊs frutos comestibles, ...;12220;LULO;
81340;Melocotones, incl. los gri?ones y nectarinas, peras, papayas, tamarindos y demÊs frutos comestibles, ...;12223;MARACUYA;
81340;Melocotones, incl. los gri?ones y nectarinas, peras, papayas, tamarindos y demÊs frutos comestibles, ...;12223;MARACUYA;
81340;Melocotones, incl. los gri?ones y nectarinas, peras, papayas, tamarindos y demÊs frutos comestibles, ...;12225;NISPERO;
81340;Melocotones, incl. los gri?ones y nectarinas, peras, papayas, tamarindos y demÊs frutos comestibles, ...;12230;TOMATE DE ARBOL;
81340;Melocotones, incl. los gri?ones y nectarinas, peras, papayas, tamarindos y demÊs frutos comestibles, ...;12231;UCHUVA;
81340;Melocotones, incl. los gri?ones y nectarinas, peras, papayas, tamarindos y demÊs frutos comestibles, ...;12231;UCHUVA;
90111;Cafâ sin tostar ni descafeinar;101;CAFE;
90111;Cafâ sin tostar ni descafeinar;101;CAFE;
90111;Cafâ sin tostar ni descafeinar;101;CAFE;
90111;Cafâ sin tostar ni descafeinar;101;CAFE;
90210;Tâ verde sin fermentar, presentado en envases inmediatos con un contenido <= 3 kg;12401;TE;
90411;"Pimienta del gânero ""Piper"" sin triturar ni pulverizar";12402;PIMENTON;
90411;"Pimienta del gânero ""Piper"" sin triturar ni pulverizar";12403;PIMIENTA;
90411;"Pimienta del gânero ""Piper"" sin triturar ni pulverizar";12402;PIMENTON;
90411;"Pimienta del gânero ""Piper"" sin triturar ni pulverizar";12402;PIMENTON;
90411;"Pimienta del gânero ""Piper"" sin triturar ni pulverizar";12402;PIMENTON;
90500;Vainilla;12404;VAINILLA;
90500;Vainilla;12404;VAINILLA;
90810;Nuez moscada, macis, amomos y cardamomos : Nuez moscada;12405;CARDAMOMO;
90910;"Semillas de anÁs, badiana, hinojo, cilantro, comino o alcaravea; bayas de enebro : Semillas ...";12406;ANIS;
90910;"Semillas de anÁs, badiana, hinojo, cilantro, comino o alcaravea; bayas de enebro : Semillas ...";12407;CHILLANGUA;
90910;"Semillas de anÁs, badiana, hinojo, cilantro, comino o alcaravea; bayas de enebro : Semillas ...";12408;CILANTRO;
90910;"Semillas de anÁs, badiana, hinojo, cilantro, comino o alcaravea; bayas de enebro : Semillas ...";12409;CIMARRON;
90910;"Semillas de anÁs, badiana, hinojo, cilantro, comino o alcaravea; bayas de enebro : Semillas ...";12408;CILANTRO;
90910;"Semillas de anÁs, badiana, hinojo, cilantro, comino o alcaravea; bayas de enebro : Semillas ...";12408;CILANTRO;
910;"Jengibre, azafrÊn, c£rcuma, tomillo, hojas de laurel, ""curry"" y demÊs especias (exc. pimienta ...";124;PLANTAS AROMATICAS, MEDICINALES, ESPECIAS Y SEMILLAS;
910;"Jengibre, azafrÊn, c£rcuma, tomillo, hojas de laurel, ""curry"" y demÊs especias (exc. pimienta ...";124;PLANTAS AROMATICAS, MEDICINALES, ESPECIAS Y SEMILLAS;
910;"Jengibre, azafrÊn, c£rcuma, tomillo, hojas de laurel, ""curry"" y demÊs especias (exc. pimienta ...";124;PLANTAS AROMATICAS, MEDICINALES, ESPECIAS Y SEMILLAS;
910;"Jengibre, azafrÊn, c£rcuma, tomillo, hojas de laurel, ""curry"" y demÊs especias (exc. pimienta ...";124;PLANTAS AROMATICAS, MEDICINALES, ESPECIAS Y SEMILLAS;
910;"Jengibre, azafrÊn, c£rcuma, tomillo, hojas de laurel, ""curry"" y demÊs especias (exc. pimienta ...";124;PLANTAS AROMATICAS, MEDICINALES, ESPECIAS Y SEMILLAS;
91010;Jengibre, azafrÊn, c£rcuma, tomillo, hojas de laurel, curri y demÊs especias : Jengibre;12410;PEREJIL;
91010;Jengibre, azafrÊn, c£rcuma, tomillo, hojas de laurel, curri y demÊs especias : Jengibre;12410;PEREJIL;
91010;Jengibre, azafrÊn, c£rcuma, tomillo, hojas de laurel, curri y demÊs especias : Jengibre;12411;ACHIN;
91010;Jengibre, azafrÊn, c£rcuma, tomillo, hojas de laurel, curri y demÊs especias : Jengibre;12412;ACHIOTE;
91010;Jengibre, azafrÊn, c£rcuma, tomillo, hojas de laurel, curri y demÊs especias : Jengibre;12413;ALBAHACA;
91010;Jengibre, azafrÊn, c£rcuma, tomillo, hojas de laurel, curri y demÊs especias : Jengibre;12414;AMARANTO;
91010;Jengibre, azafrÊn, c£rcuma, tomillo, hojas de laurel, curri y demÊs especias : Jengibre;12415;CALENDULA;
91010;Jengibre, azafrÊn, c£rcuma, tomillo, hojas de laurel, curri y demÊs especias : Jengibre;12416;CHIRARAN;
91010;Jengibre, azafrÊn, c£rcuma, tomillo, hojas de laurel, curri y demÊs especias : Jengibre;12417;COCCULUS;
91010;Jengibre, azafrÊn, c£rcuma, tomillo, hojas de laurel, curri y demÊs especias : Jengibre;12418;ENELDO;
91010;Jengibre, azafrÊn, c£rcuma, tomillo, hojas de laurel, curri y demÊs especias : Jengibre;12419;HIERBABUENA;
91010;Jengibre, azafrÊn, c£rcuma, tomillo, hojas de laurel, curri y demÊs especias : Jengibre;12420;JENGIBRE;
91010;Jengibre, azafrÊn, c£rcuma, tomillo, hojas de laurel, curri y demÊs especias : Jengibre;12421;LAUREL;
91010;Jengibre, azafrÊn, c£rcuma, tomillo, hojas de laurel, curri y demÊs especias : Jengibre;12422;LIMONARIA;
91010;Jengibre, azafrÊn, c£rcuma, tomillo, hojas de laurel, curri y demÊs especias : Jengibre;12423;MANZANILLA;
91010;Jengibre, azafrÊn, c£rcuma, tomillo, hojas de laurel, curri y demÊs especias : Jengibre;12424;MEDICINALES;
91010;Jengibre, azafrÊn, c£rcuma, tomillo, hojas de laurel, curri y demÊs especias : Jengibre;12425;MENTA;
91010;Jengibre, azafrÊn, c£rcuma, tomillo, hojas de laurel, curri y demÊs especias : Jengibre;12426;MORINGA;
91010;Jengibre, azafrÊn, c£rcuma, tomillo, hojas de laurel, curri y demÊs especias : Jengibre;12427;MOSTAZA;
91010;Jengibre, azafrÊn, c£rcuma, tomillo, hojas de laurel, curri y demÊs especias : Jengibre;12428;OREGANO;
91010;Jengibre, azafrÊn, c£rcuma, tomillo, hojas de laurel, curri y demÊs especias : Jengibre;12429;POLEO;
91010;Jengibre, azafrÊn, c£rcuma, tomillo, hojas de laurel, curri y demÊs especias : Jengibre;12430;ROMERO;
91010;Jengibre, azafrÊn, c£rcuma, tomillo, hojas de laurel, curri y demÊs especias : Jengibre;12431;RUSCUS;
91010;Jengibre, azafrÊn, c£rcuma, tomillo, hojas de laurel, curri y demÊs especias : Jengibre;12432;SABILA;
91010;Jengibre, azafrÊn, c£rcuma, tomillo, hojas de laurel, curri y demÊs especias : Jengibre;12433;TOMILLO;
91010;Jengibre, azafrÊn, c£rcuma, tomillo, hojas de laurel, curri y demÊs especias : Jengibre;12412;ACHIOTE;
91010;Jengibre, azafrÊn, c£rcuma, tomillo, hojas de laurel, curri y demÊs especias : Jengibre;12415;CALENDULA;
91010;Jengibre, azafrÊn, c£rcuma, tomillo, hojas de laurel, curri y demÊs especias : Jengibre;12419;HIERBABUENA;
91010;Jengibre, azafrÊn, c£rcuma, tomillo, hojas de laurel, curri y demÊs especias : Jengibre;12424;MEDICINALES;
91010;Jengibre, azafrÊn, c£rcuma, tomillo, hojas de laurel, curri y demÊs especias : Jengibre;12426;MORINGA;
91010;Jengibre, azafrÊn, c£rcuma, tomillo, hojas de laurel, curri y demÊs especias : Jengibre;12427;MOSTAZA;
91010;Jengibre, azafrÊn, c£rcuma, tomillo, hojas de laurel, curri y demÊs especias : Jengibre;12427;MOSTAZA;
91010;Jengibre, azafrÊn, c£rcuma, tomillo, hojas de laurel, curri y demÊs especias : Jengibre;12432;SABILA;
91010;Jengibre, azafrÊn, c£rcuma, tomillo, hojas de laurel, curri y demÊs especias : Jengibre;12433;TOMILLO;
100110;Trigo y morcajo (tranquill¢n) : Trigo duro;12501;TRIGO;
100110;Trigo y morcajo (tranquill¢n) : Trigo duro;12501;TRIGO;
100300;Cebada;12502;CEBADA;
100300;Cebada;12502;CEBADA;
100300;Cebada;12502;CEBADA;
100400;Avena;125023;AVENA;
100400;Avena;125023;AVENA;
100510;Semillas de maÁz para la siembra;12504;MAIZ;MAIZ
100510;Semillas de maÁz para la siembra;12504;MAIZ;
100510;Semillas de maÁz para la siembra;12504;MAIZ;
100510;Semillas de maÁz para la siembra;12504;MAIZ;
100510;Semillas de maÁz para la siembra;12505;MAIZ FORRAJERO;
100510;Semillas de maÁz para la siembra;12506;MAIZ TECNIFICADO;
100510;Semillas de maÁz para la siembra;12507;MAIZ TRADICIONAL;
100510;Semillas de maÁz para la siembra;12508;MILLO;
100510;Semillas de maÁz para la siembra;12507;MAIZ TRADICIONAL;
100510;Semillas de maÁz para la siembra;12508;MILLO;
100610;"Arroz con cÊscara o arroz ""paddy""";12509;ARROZ;ARROZ
100610;"Arroz con cÊscara o arroz ""paddy""";12510;ARROZ RIEGO;
100610;"Arroz con cÊscara o arroz ""paddy""";12511;ARROZ SECANO MANUAL;
100610;"Arroz con cÊscara o arroz ""paddy""";12512;ARROZ SECANO MECANIZADO;
100610;"Arroz con cÊscara o arroz ""paddy""";12509;ARROZ;
100700;Sorgo de grano (granÁfero);12513;SORGO;
100700;Sorgo de grano (granÁfero);12513;SORGO;
91010;Jengibre, azafrÊn, c£rcuma, tomillo, hojas de laurel, curri y demÊs especias : Jengibre;12435;FLOR DE JAMAICA;
100850;"Quinua ""Chenopodium quinoa""";12436;QUINUA;
100850;"Quinua ""Chenopodium quinoa""";12436;QUINUA;
91010;Jengibre, azafrÊn, c£rcuma, tomillo, hojas de laurel, curri y demÊs especias : Jengibre;12437;ACHIRA;
100890;Cereales (excepto el trigo y morcajo, centeno, cebada, avena, maÁz, arroz, sorgo, trigo sarraceno, ...;12514;CENTENO;
91010;Jengibre, azafrÊn, c£rcuma, tomillo, hojas de laurel, curri y demÊs especias : Jengibre;12438;CHIA;
91010;Jengibre, azafrÊn, c£rcuma, tomillo, hojas de laurel, curri y demÊs especias : Jengibre;12439;SAGU;
100890;Cereales (excepto el trigo y morcajo, centeno, cebada, avena, maÁz, arroz, sorgo, trigo sarraceno, ...;12514;CENTENO;
91010;Jengibre, azafrÊn, c£rcuma, tomillo, hojas de laurel, curri y demÊs especias : Jengibre;12439;SAGU;
120100;Habas (porotos, frijoles, frâjoles) de soja (soya), incluso quebrantadas;12601;SOYA;
120100;Habas (porotos, frijoles, frâjoles) de soja (soya), incluso quebrantadas;12601;SOYA;
120100;Habas (porotos, frijoles, frâjoles) de soja (soya), incluso quebrantadas;12601;SOYA;
120210;Cacahuetes (cacahuates, manÁes) sin tostar ni cocer de otro modo, incluso sin cÊscara o quebrantados ...;12602;MANI;
120210;Cacahuetes (cacahuates, manÁes) sin tostar ni cocer de otro modo, incluso sin cÊscara o quebrantados ...;12602;MANI;
120600;Semilla de girasol, incluso quebrantada;12603;GIRASOL;
120600;Semilla de girasol, incluso quebrantada;12603;GIRASOL;
120720;Las demÊs semillas y frutos oleaginosos, incluso quebrantados : Semilla de algod¢n;12604;AGUAJE;
120720;Las demÊs semillas y frutos oleaginosos, incluso quebrantados : Semilla de algod¢n;13001;ALGODON;
120720;Las demÊs semillas y frutos oleaginosos, incluso quebrantados : Semilla de algod¢n;13002;CAUCHO;
120720;Las demÊs semillas y frutos oleaginosos, incluso quebrantados : Semilla de algod¢n;12605;COROZO;
120720;Las demÊs semillas y frutos oleaginosos, incluso quebrantados : Semilla de algod¢n;12606;PALMA DE ACEITE;
120720;Las demÊs semillas y frutos oleaginosos, incluso quebrantados : Semilla de algod¢n;12607;SACHA INCHI;
120720;Las demÊs semillas y frutos oleaginosos, incluso quebrantados : Semilla de algod¢n;13001;ALGODON;
120720;Las demÊs semillas y frutos oleaginosos, incluso quebrantados : Semilla de algod¢n;12606;PALMA DE ACEITE;
120720;Las demÊs semillas y frutos oleaginosos, incluso quebrantados : Semilla de algod¢n;12606;PALMA DE ACEITE;
120720;Las demÊs semillas y frutos oleaginosos, incluso quebrantados : Semilla de algod¢n;12606;PALMA DE ACEITE;
120730;Semilla de ricino;12608;HIGUERILLA;
120740;"Semilla de sâsamo ""ajonjolÁ"", incl. quebrantada";12609;AJONJOLI;
120740;"Semilla de sâsamo ""ajonjolÁ"", incl. quebrantada";12609;AJONJOLI;
121220;Algarrobas, algas, remolacha azucarera y ca?a de az£car, frescas, refrigeradas, congeladas ...;12701;CA´A AZUCARERA;
121220;Algarrobas, algas, remolacha azucarera y ca?a de az£car, frescas, refrigeradas, congeladas ...;12702;CA´A FLECHA;
121220;Algarrobas, algas, remolacha azucarera y ca?a de az£car, frescas, refrigeradas, congeladas ...;12703;CA´A MIEL;
121220;Algarrobas, algas, remolacha azucarera y ca?a de az£car, frescas, refrigeradas, congeladas ...;12704;CA´A PANELERA;
121220;Algarrobas, algas, remolacha azucarera y ca?a de az£car, frescas, refrigeradas, congeladas ...;12701;CA´A AZUCARERA;
121220;Algarrobas, algas, remolacha azucarera y ca?a de az£car, frescas, refrigeradas, congeladas ...;12701;CA´A AZUCARERA;
121220;Algarrobas, algas, remolacha azucarera y ca?a de az£car, frescas, refrigeradas, congeladas ...;12701;CA´A AZUCARERA;
121220;Algarrobas, algas, remolacha azucarera y ca?a de az£car, frescas, refrigeradas, congeladas ...;12702;CA´A FLECHA;
121220;Algarrobas, algas, remolacha azucarera y ca?a de az£car, frescas, refrigeradas, congeladas ...;12704;CA´A PANELERA;
121220;Algarrobas, algas, remolacha azucarera y ca?a de az£car, frescas, refrigeradas, congeladas ...;12701;CA´A AZUCARERA;
121292;"Algarrobas ""algarrobo"", frescas, refrigeradas, congeladas o secas, incluso pulverizadas";12237;ALGARROBO;
121293;Ca?a de az£car, fresca, refrigerada, congelada o seca, incl. pulverizada;12705;STEVIA;
121490;Nabos forrajeros, remolachas forrajeras, raÁces forrajeras, heno, alfalfa, trâbol, esparceta, ...;11219;ALFALFA;
140190;Ca?a, junco, mimbre, rafia, paja de cereales, limpiada, blanqueada o te?ida, corteza de tilo ...;12802;ESPARTO;
140190;Ca?a, junco, mimbre, rafia, paja de cereales, limpiada, blanqueada o te?ida, corteza de tilo ...;12803;ESTROPAJO;
140190;Ca?a, junco, mimbre, rafia, paja de cereales, limpiada, blanqueada o te?ida, corteza de tilo ...;12804;FIQUE;
140190;Ca?a, junco, mimbre, rafia, paja de cereales, limpiada, blanqueada o te?ida, corteza de tilo ...;12805;IRACA;
140190;Ca?a, junco, mimbre, rafia, paja de cereales, limpiada, blanqueada o te?ida, corteza de tilo ...;12806;JATROPHA;
140190;Ca?a, junco, mimbre, rafia, paja de cereales, limpiada, blanqueada o te?ida, corteza de tilo ...;12807;MIMBRE;
140190;Ca?a, junco, mimbre, rafia, paja de cereales, limpiada, blanqueada o te?ida, corteza de tilo ...;12808;PALMA AMARGA;
140190;Ca?a, junco, mimbre, rafia, paja de cereales, limpiada, blanqueada o te?ida, corteza de tilo ...;12803;ESTROPAJO;
140190;Ca?a, junco, mimbre, rafia, paja de cereales, limpiada, blanqueada o te?ida, corteza de tilo ...;12804;FIQUE;
140190;Ca?a, junco, mimbre, rafia, paja de cereales, limpiada, blanqueada o te?ida, corteza de tilo ...;12807;MIMBRE;
180310;Pasta de cacao, sin desgrasar;12901;CACAO;
180310;Pasta de cacao, sin desgrasar;12901;CACAO;CACAO
180310;Pasta de cacao, sin desgrasar;12901;CACAO;
200891;Palmitos, preparados o conservados, incl. con adici¢n de az£car u otro edulcorante o alcohol ...;12440;PALMITO;
240110;Tabaco, sin desvenar o desnervar;12301;TABACO NEGRO;
240110;Tabaco, sin desvenar o desnervar;12302;TABACO RUBIO;
240110;Tabaco, sin desvenar o desnervar;12302;TABACO RUBIO;
91010;Jengibre, azafrÊn, c£rcuma, tomillo, hojas de laurel, curri y demÊs especias : Jengibre;12434;RUDA;
91010;Jengibre, azafrÊn, c£rcuma, tomillo, hojas de laurel, curri y demÊs especias : Jengibre;12434;RUDA;
8436;MÊquinas y aparatos, n.c.o.p., para la agricultura, horticultura, silvicultura, avicultura ...;8;MAQUINARIA;
AGRICOLA;;1;AGRICOLA;
AGRO-INDUSTRIA;;4;AGRO-INDUSTRIA;
AGROPECUARIO;;3;AGROPECUARIO;
COMERCIALIZACION;;9;COMERCIALIZACION;
INFRAESTRUCTURA;;7;INFRAESTRUCTURA;
AGRICOLA;;1;AGRICOLA;
INFRAESTRUCTURA;;7;INFRAESTRUCTURA;
AGRICOLA;;1;AGRICOLA;
AGROFORESTAL;;5;AGROFORESTAL;
