DEPARTAMENTO,MUNICIPIO,Total beneficiarios,Valor cofinanciación,Valor Contrapartida,YEAR,CP,CICLO_CULTIVO,RENDIMIENTO,PRODUCTIVIDAD
META,MESETAS,40,500000000,106600000,2017,CAFE,PERMANENTE,1.35,0.8667163067758749
ANTIOQUIA,DABEIBA,25,401373250,355140000,2017,PLATANO,PERMANENTE,12.0,0.8235294117647058
ANTIOQUIA,DABEIBA,25,401373250,355140000,2017,PLATANO,PERMANENTE,12.0,0.8235294117647058
META,LA MACARENA,28,255000000,41570000,2017,CAUCHO,PERMANENTE,,0.0
CAUCA,CALDONO,51,501204000,99735000,2017,CAFE,PERMANENTE,1.26,0.8171977124183006
CALDAS,RISARALDA,50,500000000,130250000,2016,CAFE,PERMANENTE,1.35,0.7267794446217682
CALDAS,RISARALDA,50,500000000,130250000,2016,CAFE,PERMANENTE,1.35,0.7267794446217682
META,FUENTE DE ORO,47,390795000,346040371,2016,PLATANO,PERMANENTE,19.0,0.5841708542713567
HUILA,RIVERA,35,362280400,105972405,2017,CAFE,PERMANENTE,1.1,0.8344549125168237
HUILA,GIGANTE,41,412121840,82612500,2017,CAFE,PERMANENTE,1.05,0.7925009100837277
BOLIVAR,CLEMENCIA,200,2000000000,575750000,2017,PLATANO,PERMANENTE,7.0,0.8333333333333334
HUILA,PITALITO,70,232852000,1225999000,2017,CAFE,PERMANENTE,1.11,0.836232980332829
HUILA,PITALITO,70,232852000,1225999000,2017,CAFE,PERMANENTE,1.11,0.836232980332829
HUILA,ACEVEDO,55,392075000,80075000,2017,CAFE,PERMANENTE,1.11,0.8286151491966335
HUILA,NEIVA,45,320175000,56233000,2017,CAFE,PERMANENTE,1.01,0.8470104091019124
CHOCO,RIOSUCIO,40,729547396,334850000,2017,PLATANO,PERMANENTE,16.12,0.9523809523809523
HUILA,PITALITO,60,500057000,95908000,2017,CAFE,PERMANENTE,1.11,0.836232980332829
NORTE DE SANTANDER,LA ESPERANZA,54,373952000,307280000,2017,PLATANO,PERMANENTE,10.0,1.0
NORTE DE SANTANDER,LA ESPERANZA,54,373952000,307280000,2017,PLATANO,PERMANENTE,10.0,1.0
VALLE DEL CAUCA,TULUA,20,40000000,18512500,2015,REPOLLO,TRANSITORIO,16.0,1.0
VALLE DEL CAUCA,GINEBRA,20,40000000,17155000,2015,CAÑA AZUCARERA,PERMANENTE,112.77,0.8588605782994561
VALLE DEL CAUCA,BUGALAGRANDE,20,40000000,34144000,2015,MARACUYA,PERMANENTE,12.0,1.0
VALLE DEL CAUCA,BUGALAGRANDE,28,56000000,36533750,2015,MARACUYA,PERMANENTE,12.0,1.0
TOLIMA,VENADILLO,8,30912000,24981000,2015,MANGO,PERMANENTE,15.0,0.7777777777777778
TOLIMA,IBAGUE,4,15456000,2940000,2015,BANANO,PERMANENTE,17.3,0.8837209302325582
TOLIMA,CHAPARRAL,92,355488000,96587500,2015,GUANABANA,PERMANENTE,9.0,1.0
TOLIMA,CHAPARRAL,192,425992000,281880000,2015,GUANABANA,PERMANENTE,9.0,1.0
RISARALDA,PUEBLO RICO,88,283359700,174820000,2015,CAÑA PANELERA,PERMANENTE,6.0,0.9598393574297188
PUTUMAYO,VILLAGARZON,60,0,0,2015,YUCA,ANUAL,7.0,0.8
PUTUMAYO,SIBUNDOY,240,773220000,211450000,2015,LULO,PERMANENTE,13.0,1.0
PUTUMAYO,SAN MIGUEL,80,195996100,85920619,2015,BANANITO,PERMANENTE,8.0,0.9183673469387755
PUTUMAYO,PUERTO ASIS,40,0,0,2015,CAÑA PANELERA,PERMANENTE,4.0,1.0
PUTUMAYO,ORITO,96,0,0,2015,PIÑA,PERMANENTE,35.0,0.7777777777777778
NORTE DE SANTANDER,TIBU,28,108192000,42600000,2015,ARROZ,TRANSITORIO,4.545,0.9373874827914858
NORTE DE SANTANDER,TIBU,196,757344000,286950000,2015,ARROZ,TRANSITORIO,4.545,0.9373874827914858
NORTE DE SANTANDER,TIBU,24,77280000,36700000,2015,ARROZ,TRANSITORIO,4.545,0.9373874827914858
NORTE DE SANTANDER,TIBU,20,64400000,31775000,2015,ARROZ,TRANSITORIO,4.545,0.9373874827914858
NORTE DE SANTANDER,TIBU,48,185472000,70350000,2015,ARROZ,TRANSITORIO,4.545,0.9373874827914858
NORTE DE SANTANDER,TEORAMA,28,90160000,88861500,2015,LULO,PERMANENTE,10.0,1.0
NORTE DE SANTANDER,TEORAMA,76,293664000,241195500,2015,LULO,PERMANENTE,10.0,1.0
NORTE DE SANTANDER,TEORAMA,48,154560000,128520000,2015,LULO,PERMANENTE,10.0,1.0
NORTE DE SANTANDER,TEORAMA,76,293664000,245185500,2015,LULO,PERMANENTE,10.0,1.0
NORTE DE SANTANDER,SARDINATA,44,170016000,62075000,2015,TOMATE,TRANSITORIO,15.0,0.5833333333333333
NORTE DE SANTANDER,SAN CALIXTO,76,293664000,161310000,2015,NARANJA,PERMANENTE,5.0,1.0
NORTE DE SANTANDER,SAN CALIXTO,60,231840000,128250000,2015,NARANJA,PERMANENTE,5.0,1.0
NORTE DE SANTANDER,SAN CALIXTO,8,25760000,17100000,2015,NARANJA,PERMANENTE,5.0,1.0
NORTE DE SANTANDER,SAN CALIXTO,16,51520000,33960000,2015,NARANJA,PERMANENTE,5.0,1.0
NORTE DE SANTANDER,SAN CALIXTO,100,386400000,213750000,2015,NARANJA,PERMANENTE,5.0,1.0
NORTE DE SANTANDER,SAN CALIXTO,36,139104000,76950000,2015,NARANJA,PERMANENTE,5.0,1.0
NORTE DE SANTANDER,SAN CALIXTO,52,167440000,111150000,2015,NARANJA,PERMANENTE,5.0,1.0
NORTE DE SANTANDER,OCAÑA,116,448224000,143550000,2015,CEBOLLA DE RAMA,TRANSITORIO,20.0,1.0
NORTE DE SANTANDER,OCAÑA,20,77280000,24750000,2015,CEBOLLA DE RAMA,TRANSITORIO,20.0,1.0
NORTE DE SANTANDER,LA PLAYA,72,231840000,89100000,2015,CEBOLLA DE BULBO,TRANSITORIO,17.494999999999997,1.0
NORTE DE SANTANDER,LA PLAYA,16,61824000,19800000,2015,CEBOLLA DE BULBO,TRANSITORIO,17.494999999999997,1.0
NORTE DE SANTANDER,HACARI,24,77280000,45540000,2015,CEBOLLA DE BULBO,TRANSITORIO,12.5,0.9398268398268398
NORTE DE SANTANDER,HACARI,8,30912000,15180000,2015,CEBOLLA DE BULBO,TRANSITORIO,12.5,0.9398268398268398
NORTE DE SANTANDER,EL TARRA,12,46368000,12450000,2015,PLATANO,PERMANENTE,8.0,1.0
NORTE DE SANTANDER,EL TARRA,16,51520000,23160000,2015,PLATANO,PERMANENTE,8.0,1.0
NORTE DE SANTANDER,CONVENCION,20,77280000,51279000,2015,YUCA,ANUAL,15.0,1.0
NORTE DE SANTANDER,CONVENCION,20,64400000,42450000,2015,YUCA,ANUAL,15.0,1.0
NORTE DE SANTANDER,CONVENCION,36,139104000,76410000,2015,YUCA,ANUAL,15.0,1.0
NORTE DE SANTANDER,CONVENCION,76,293664000,196626000,2015,YUCA,ANUAL,15.0,1.0
NORTE DE SANTANDER,CONVENCION,44,141680000,93390000,2015,YUCA,ANUAL,15.0,1.0
NORTE DE SANTANDER,ABREGO,84,270480000,128860000,2015,TOMATE,TRANSITORIO,16.5,1.0
NARIÃ‘O,TANGUA,120,386374400,132336000,2015,ULLUCO,TRANSITORIO,4.5,0.75
NARIÃ‘O,IMUES,112,270378800,76770000,2015,TOMATE,TRANSITORIO,50.0,1.0
NARIÃ‘O,ILES,76,244272800,62912000,2015,PAPA,TRANSITORIO,15.5,0.950455486542443
NARIÃ‘O,FUNES,180,405000000,172800000,2015,MAIZ,TRANSITORIO,1.75,1.0
META,PUERTO LOPEZ,300,966000000,362250000,2015,PIÑA,PERMANENTE,40.0,0.5283018867924528
CESAR,BECERRIL,32,80000000,45855000,2015,MANGO,PERMANENTE,6.0,0.9594594594594594
CAUCA,SUAREZ,36,81000000,17118750,2015,NARANJA,PERMANENTE,13.0,1.0
CAUCA,SUAREZ,24,77280000,28515600,2015,NARANJA,PERMANENTE,13.0,1.0
CAUCA,SUAREZ,64,206080000,76832000,2015,NARANJA,PERMANENTE,13.0,1.0
CAUCA,SUAREZ,8,25760000,4790000,2015,NARANJA,PERMANENTE,13.0,1.0
CAUCA,SUAREZ,20,64400000,66980000,2015,NARANJA,PERMANENTE,13.0,1.0
CAUCA,SUAREZ,16,51520000,7280000,2015,NARANJA,PERMANENTE,13.0,1.0
CAUCA,PADILLA,12,27000000,7312500,2015,GUAYABA,PERMANENTE,14.0,1.0
CAUCA,PADILLA,12,27000000,7675500,2015,GUAYABA,PERMANENTE,14.0,1.0
CAUCA,PADILLA,12,38633040,6725280,2015,GUAYABA,PERMANENTE,14.0,1.0
CAUCA,CORINTO,28,0,0,2015,CAÑA AZUCARERA,PERMANENTE,95.55,0.8587225929456626
CAUCA,CORINTO,24,77280000,24672000,2015,CAÑA AZUCARERA,PERMANENTE,95.55,0.8587225929456626
CAUCA,CORINTO,28,90160000,42182000,2015,CAÑA AZUCARERA,PERMANENTE,95.55,0.8587225929456626
CAUCA,CORINTO,16,51548000,17964096,2015,CAÑA AZUCARERA,PERMANENTE,95.55,0.8587225929456626
CAUCA,CORINTO,12,38640000,7742880,2015,CAÑA AZUCARERA,PERMANENTE,95.55,0.8587225929456626
CAUCA,CALOTO,12,38640000,26352000,2015,PIÑA,PERMANENTE,60.0,0.7065217391304348
CAUCA,CALOTO,4,12880000,2880000,2015,PIÑA,PERMANENTE,60.0,0.7065217391304348
CAUCA,CALOTO,12,27000000,14580200,2015,PIÑA,PERMANENTE,60.0,0.7065217391304348
CAUCA,CALOTO,12,0,0,2015,PIÑA,PERMANENTE,60.0,0.7065217391304348
CAUCA,CALDONO,52,167440000,85124000,2015,MORA,PERMANENTE,2.5,0.7692307692307693
CAUCA,CALDONO,96,216000000,110438400,2015,MORA,PERMANENTE,2.5,0.7692307692307693
CAUCA,CALDONO,16,51520000,8827200,2015,MORA,PERMANENTE,2.5,0.7692307692307693
CAUCA,CALDONO,28,90160000,21150500,2015,MORA,PERMANENTE,2.5,0.7692307692307693
CAUCA,CALDONO,12,38640000,8173500,2015,MORA,PERMANENTE,2.5,0.7692307692307693
CAUCA,CALDONO,52,167440000,106678000,2015,MORA,PERMANENTE,2.5,0.7692307692307693
CAUCA,BUENOS AIRES,40,90000000,24100000,2015,YUCA,ANUAL,15.0,0.9500438212094654
CAUCA,BUENOS AIRES,20,64400000,28700000,2015,YUCA,ANUAL,15.0,0.9500438212094654
CAUCA,BUENOS AIRES,28,90160000,17698200,2015,YUCA,ANUAL,15.0,0.9500438212094654
CAUCA,BUENOS AIRES,4,12880000,9020000,2015,YUCA,ANUAL,15.0,0.9500438212094654
CAUCA,BUENOS AIRES,32,102854400,29365200,2015,YUCA,ANUAL,15.0,0.9500438212094654
CAQUETA,EL PAUJIL,40,100000000,48830000,2015,YUCA,ANUAL,6.0,0.9
CALDAS,SUPIA,60,184787250,57456000,2015,PLATANO,PERMANENTE,12.5,1.0
CALDAS,SAMANA,16,40000000,20650000,2015,NARANJA,PERMANENTE,16.0,0.28125
CALDAS,SALAMINA,100,322000000,126150000,2015,YUCA,ANUAL,12.0,1.0
CALDAS,SALAMINA,16,40000000,13884000,2015,YUCA,ANUAL,12.0,1.0
CALDAS,LA MERCED,80,156000000,62000000,2015,TOMATE,TRANSITORIO,35.5,1.0
CALDAS,ARANZAZU,60,193199540,65082500,2015,REPOLLO,TRANSITORIO,15.0,1.0
BOYACA,RAQUIRA,216,400000000,146368000,2015,CEBOLLA DE BULBO,TRANSITORIO,20.0,0.9962962962962962
BOYACA,MONGUA,60,100000000,23065000,2015,PAPA,TRANSITORIO,12.0,0.9666666666666667
BOLIVAR,VILLANUEVA,40,128785000,59715000,2015,PIÑA,PERMANENTE,30.0,1.0
BOLIVAR,SANTA ROSA,48,154560000,87210000,2015,MANGO,PERMANENTE,12.0,0.8245614035087719
BOLIVAR,SANTA ROSA,132,388245000,243375150,2015,MANGO,PERMANENTE,12.0,0.8245614035087719
BOLIVAR,SANTA ROSA,112,360640000,255976127,2015,MANGO,PERMANENTE,12.0,0.8245614035087719
BOLIVAR,SANTA ROSA,20,77280000,40285023,2015,MANGO,PERMANENTE,12.0,0.8245614035087719
BOLIVAR,MORALES,180,529747620,165946200,2015,ARROZ,TRANSITORIO,4.545,0.9392830330330331
BOLIVAR,MORALES,20,77280000,12750000,2015,ARROZ,TRANSITORIO,4.545,0.9392830330330331
BOLIVAR,EL CARMEN DE BOLIVAR,56,215849080,162700000,2015,AJI,TRANSITORIO,8.0,0.8605769230769231
BOLIVAR,EL CARMEN DE BOLIVAR,20,77231100,34540000,2015,AJI,TRANSITORIO,8.0,0.8605769230769231
BOLIVAR,EL CARMEN DE BOLIVAR,72,230859400,143429000,2015,AJI,TRANSITORIO,8.0,0.8605769230769231
BOLIVAR,EL CARMEN DE BOLIVAR,32,123648000,16075000,2015,AJI,TRANSITORIO,8.0,0.8605769230769231
BOLIVAR,ARENAL,172,506812780,108725000,2015,YUCA,ANUAL,7.0,0.6111111111111112
BOLIVAR,ARENAL,12,46368000,10800000,2015,YUCA,ANUAL,7.0,0.6111111111111112
ATLANTICO,CANDELARIA,80,246400000,118240000,2015,AHUYAMA,TRANSITORIO,4.95,0.8333333333333333
ARAUCA,ARAUQUITA,24,77280000,45505200,2015,MARACUYA,PERMANENTE,18.0,0.875
VICHADA,SANTA ROSALIA,228,702240000,86895000,2014,CAÑA PANELERA,PERMANENTE,5.3,0.5
VICHADA,SANTA ROSALIA,64,197120000,65385076,2014,CAÑA PANELERA,PERMANENTE,5.3,0.5
VICHADA,SANTA ROSALIA,40,122071619,58382500,2014,CAÑA PANELERA,PERMANENTE,5.3,0.5
VAUPES,MITU,72,221539200,102159000,2014,PIÑA,PERMANENTE,2.0,0.5833333333333334
VAUPES,MITU,44,135426700,55391800,2014,PIÑA,PERMANENTE,2.0,0.5833333333333334
VAUPES,MITU,72,221691100,98736600,2014,PIÑA,PERMANENTE,2.0,0.5833333333333334
VAUPES,MITU,52,160159660,35459040,2014,PIÑA,PERMANENTE,2.0,0.5833333333333334
VAUPES,MITU,60,221668290,85956460,2014,PIÑA,PERMANENTE,2.0,0.5833333333333334
VALLE DEL CAUCA,TULUA,12,44352000,32870000,2014,CAÑA AZUCARERA,PERMANENTE,128.91,0.856412876852325
VALLE DEL CAUCA,TULUA,32,118268236,14762500,2014,CAÑA AZUCARERA,PERMANENTE,128.91,0.856412876852325
VALLE DEL CAUCA,TRUJILLO,32,98560000,80419000,2014,MARACUYA,PERMANENTE,20.0,0.8333333333333334
VALLE DEL CAUCA,GUACARI,60,184800000,101200000,2014,UVA,PERMANENTE,20.0,0.9226804123711341
VALLE DEL CAUCA,BUGALAGRANDE,28,103487997,69127000,2014,CAÑA AZUCARERA,PERMANENTE,125.43,0.8565583634175692
VALLE DEL CAUCA,BUGALAGRANDE,24,88704000,46674000,2014,CAÑA AZUCARERA,PERMANENTE,125.43,0.8565583634175692
VALLE DEL CAUCA,BUGALAGRANDE,24,88704000,68594000,2014,CAÑA AZUCARERA,PERMANENTE,125.43,0.8565583634175692
VALLE DEL CAUCA,BUGALAGRANDE,16,59136000,38348000,2014,CAÑA AZUCARERA,PERMANENTE,125.43,0.8565583634175692
VALLE DEL CAUCA,BUGALAGRANDE,44,162618200,102685000,2014,CAÑA AZUCARERA,PERMANENTE,125.43,0.8565583634175692
VALLE DEL CAUCA,BUGALAGRANDE,32,118272000,83091000,2014,CAÑA AZUCARERA,PERMANENTE,125.43,0.8565583634175692
VALLE DEL CAUCA,BUGALAGRANDE,12,44332000,39979000,2014,CAÑA AZUCARERA,PERMANENTE,125.43,0.8565583634175692
VALLE DEL CAUCA,BOLIVAR,36,0,0,2014,PAPAYA,PERMANENTE,27.0,1.0
TOLIMA,VENADILLO,12,0,0,2014,MANGO,PERMANENTE,15.0,0.7777777777777778
TOLIMA,SAN ANTONIO,136,413213900,411771280,2014,BANANO,PERMANENTE,7.0,0.7616580310880829
TOLIMA,SAN ANTONIO,36,110842950,102900100,2014,BANANO,PERMANENTE,7.0,0.7616580310880829
TOLIMA,SAN ANTONIO,124,381709200,35305900,2014,BANANO,PERMANENTE,7.0,0.7616580310880829
TOLIMA,RIOBLANCO,52,160150150,79019150,2014,AGUACATE,PERMANENTE,8.17,0.9586776859504132
TOLIMA,RIOBLANCO,72,218713500,222804000,2014,AGUACATE,PERMANENTE,8.17,0.9586776859504132
TOLIMA,RIOBLANCO,84,258711500,245595000,2014,AGUACATE,PERMANENTE,8.17,0.9586776859504132
TOLIMA,RIOBLANCO,4,14712650,14688000,2014,AGUACATE,PERMANENTE,8.17,0.9586776859504132
TOLIMA,PLANADAS,92,283158060,276165600,2014,PLATANO,PERMANENTE,7.28,0.8
TOLIMA,LIBANO,16,59111000,13371250,2014,MAIZ,TRANSITORIO,1.6600000000000001,0.8775
TOLIMA,LIBANO,16,58980000,16900000,2014,MAIZ,TRANSITORIO,1.6600000000000001,0.8775
TOLIMA,IBAGUE,12,0,0,2014,AGUACATE,PERMANENTE,10.0,0.7333333333333333
TOLIMA,CHAPARRAL,216,677315040,173283000,2014,GUANABANA,PERMANENTE,9.0,0.9
TOLIMA,CHAPARRAL,96,332640000,168075000,2014,GUANABANA,PERMANENTE,9.0,0.9
TOLIMA,CHAPARRAL,160,492779000,247267000,2014,GUANABANA,PERMANENTE,9.0,0.9
TOLIMA,CHAPARRAL,80,246323840,64305500,2014,GUANABANA,PERMANENTE,9.0,0.9
TOLIMA,CHAPARRAL,124,394233540,138333300,2014,GUANABANA,PERMANENTE,9.0,0.9
TOLIMA,CHAPARRAL,52,160145000,86120000,2014,GUANABANA,PERMANENTE,9.0,0.9
TOLIMA,CHAPARRAL,40,123152000,44958000,2014,GUANABANA,PERMANENTE,9.0,0.9
TOLIMA,CHAPARRAL,32,98500000,35395000,2014,GUANABANA,PERMANENTE,9.0,0.9
TOLIMA,CHAPARRAL,36,110817000,42561000,2014,GUANABANA,PERMANENTE,9.0,0.9
TOLIMA,CHAPARRAL,0,36930000,13200000,2014,GUANABANA,PERMANENTE,9.0,0.9
TOLIMA,CHAPARRAL,36,123200000,47750000,2014,GUANABANA,PERMANENTE,9.0,0.9
TOLIMA,CHAPARRAL,32,98552000,55500000,2014,GUANABANA,PERMANENTE,9.0,0.9
TOLIMA,ATACO,28,103364000,28992000,2014,PLATANO,PERMANENTE,4.0,0.8869731800766284
SUCRE,OVEJAS,36,133039775,26541500,2014,AGUACATE,PERMANENTE,7.0,0.8565573770491803
SUCRE,OVEJAS,104,384383999,184606000,2014,AGUACATE,PERMANENTE,7.0,0.8565573770491803
SUCRE,OVEJAS,104,384173250,184995000,2014,AGUACATE,PERMANENTE,7.0,0.8565573770491803
SUCRE,OVEJAS,128,473086623,162556000,2014,AGUACATE,PERMANENTE,7.0,0.8565573770491803
SUCRE,OVEJAS,68,251323468,79872000,2014,AGUACATE,PERMANENTE,7.0,0.8565573770491803
SUCRE,OVEJAS,12,44351421,17961000,2014,AGUACATE,PERMANENTE,7.0,0.8565573770491803
SUCRE,OVEJAS,92,340031960,153155000,2014,AGUACATE,PERMANENTE,7.0,0.8565573770491803
SUCRE,OVEJAS,28,103487989,41681400,2014,AGUACATE,PERMANENTE,7.0,0.8565573770491803
SUCRE,OVEJAS,24,88703842,35658000,2014,AGUACATE,PERMANENTE,7.0,0.8565573770491803
SUCRE,OVEJAS,12,36959281,13503000,2014,AGUACATE,PERMANENTE,7.0,0.8565573770491803
SUCRE,OVEJAS,100,0,0,2014,AGUACATE,PERMANENTE,7.0,0.8565573770491803
SANTANDER,RIONEGRO,60,220598850,115467500,2014,NARANJA,PERMANENTE,25.21,0.3482824427480916
SANTANDER,CARCASI,96,295461850,86375000,2014,FRIJOL,TRANSITORIO,0.56,0.975
SANTANDER,CARCASI,80,246087600,67625000,2014,FRIJOL,TRANSITORIO,0.56,0.975
RISARALDA,GUATICA,44,135239375,46312500,2014,LECHUGA,TRANSITORIO,30.0,0.7
RISARALDA,GUATICA,40,147830000,37210000,2014,LECHUGA,TRANSITORIO,30.0,0.7
RISARALDA,GUATICA,40,147830000,34710000,2014,LECHUGA,TRANSITORIO,30.0,0.7
RISARALDA,APIA,24,73920000,51207500,2014,TOMATE DE ARBOL,PERMANENTE,12.0,0.8
RISARALDA,APIA,24,73920000,40140000,2014,TOMATE DE ARBOL,PERMANENTE,12.0,0.8
QUINDIO,FILANDIA,40,123179530,47131250,2014,BROCOLI,TRANSITORIO,25.2,1.0
QUINDIO,FILANDIA,12,36801838,69048000,2014,BROCOLI,TRANSITORIO,25.2,1.0
QUINDIO,FILANDIA,136,416562534,217141000,2014,BROCOLI,TRANSITORIO,25.2,1.0
QUINDIO,BUENAVISTA,20,61591250,42287150,2014,BANANO,PERMANENTE,15.0,1.0
PUTUMAYO,SIBUNDOY,240,739138000,240209000,2014,MORA,PERMANENTE,11.0,0.5
PUTUMAYO,SAN MIGUEL,48,177326800,36663273,2014,YUCA,ANUAL,12.0,1.0
PUTUMAYO,PUERTO GUZMAN,48,147806000,70947500,2014,PLATANO,PERMANENTE,9.6,1.0
PUTUMAYO,PUERTO CAICEDO,60,184799000,57568000,2014,CAÑA PANELERA,PERMANENTE,5.0,0.9459459459459459
PUTUMAYO,PUERTO CAICEDO,60,184799995,64987000,2014,CAÑA PANELERA,PERMANENTE,5.0,0.9459459459459459
PUTUMAYO,PUERTO ASIS,60,184793000,77698333,2014,PIÑA,PERMANENTE,8.5,0.22857142857142856
NORTE DE SANTANDER,TIBU,64,236544000,84977500,2014,PAPAYA,PERMANENTE,15.0,0.8333333333333334
NORTE DE SANTANDER,SAN CALIXTO,164,606144000,366090000,2014,PIÑA,PERMANENTE,35.0,1.0
NORTE DE SANTANDER,SAN CALIXTO,72,266112000,164120000,2014,PIÑA,PERMANENTE,35.0,1.0
NORTE DE SANTANDER,LA PLAYA,116,357280000,167062500,2014,CEBOLLA DE BULBO,TRANSITORIO,17.494999999999997,1.0
NORTE DE SANTANDER,LA PLAYA,24,88704000,33712500,2014,CEBOLLA DE BULBO,TRANSITORIO,17.494999999999997,1.0
NORTE DE SANTANDER,HACARI,136,418880000,158337500,2014,CAÑA PANELERA,PERMANENTE,4.0,1.0
NORTE DE SANTANDER,HACARI,48,177408000,89075000,2014,CAÑA PANELERA,PERMANENTE,4.0,1.0
NORTE DE SANTANDER,GRAMALOTE,120,369576000,191225000,2014,HORTALIZAS VARIAS,TRANSITORIO,10.0,1.0
NORTE DE SANTANDER,GRAMALOTE,132,406560000,207570000,2014,HORTALIZAS VARIAS,TRANSITORIO,10.0,1.0
NORTE DE SANTANDER,GRAMALOTE,196,603680000,308210000,2014,HORTALIZAS VARIAS,TRANSITORIO,10.0,1.0
NORTE DE SANTANDER,GRAMALOTE,212,652960000,341320000,2014,HORTALIZAS VARIAS,TRANSITORIO,10.0,1.0
NORTE DE SANTANDER,GRAMALOTE,28,103467000,42900000,2014,HORTALIZAS VARIAS,TRANSITORIO,10.0,1.0
NORTE DE SANTANDER,GRAMALOTE,240,739200000,386400000,2014,HORTALIZAS VARIAS,TRANSITORIO,10.0,1.0
NORTE DE SANTANDER,GRAMALOTE,176,542080000,276760000,2014,HORTALIZAS VARIAS,TRANSITORIO,10.0,1.0
NORTE DE SANTANDER,GRAMALOTE,236,726880000,371110000,2014,HORTALIZAS VARIAS,TRANSITORIO,10.0,1.0
NORTE DE SANTANDER,EL TARRA,52,192192000,188015100,2014,PLATANO,PERMANENTE,8.0,1.0
NORTE DE SANTANDER,EL TARRA,40,147840000,144627000,2014,PLATANO,PERMANENTE,8.0,1.0
NORTE DE SANTANDER,EL CARMEN,72,221760000,162820000,2014,CEBOLLA DE BULBO,TRANSITORIO,23.35,0.9966666666666666
NORTE DE SANTANDER,EL CARMEN,92,340032000,207270000,2014,CEBOLLA DE BULBO,TRANSITORIO,23.35,0.9966666666666666
NORTE DE SANTANDER,CONVENCION,48,177408000,111880000,2014,TOMATE,TRANSITORIO,29.0,0.95
NORTE DE SANTANDER,CONVENCION,84,310464000,193690000,2014,TOMATE,TRANSITORIO,29.0,0.95
NORTE DE SANTANDER,CONVENCION,52,160160000,121170000,2014,TOMATE,TRANSITORIO,29.0,0.95
NARIÃ‘O,YACUANQUER,204,628319901,245132240,2014,FRESA,PERMANENTE,5.0,1.0
NARIÃ‘O,YACUANQUER,40,82500000,73586000,2014,FRESA,PERMANENTE,5.0,1.0
NARIÃ‘O,TUQUERRES,20,71000000,77390000,2014,HABA,TRANSITORIO,10.0,1.0
NARIÃ‘O,TUQUERRES,120,369594200,86440000,2014,HABA,TRANSITORIO,10.0,1.0
NARIÃ‘O,TUQUERRES,32,70000000,77360000,2014,HABA,TRANSITORIO,10.0,1.0
NARIÃ‘O,TUMACO,328,1009351653,2744366847,2014,PIÑA,PERMANENTE,10.0,1.0
NARIÃ‘O,TUMACO,208,640152800,1192257100,2014,PIÑA,PERMANENTE,10.0,1.0
NARIÃ‘O,TUMACO,336,1034020000,3030810160,2014,PIÑA,PERMANENTE,10.0,1.0
NARIÃ‘O,TUMACO,328,1009564500,3060629840,2014,PIÑA,PERMANENTE,10.0,1.0
NARIÃ‘O,TANGUA,120,369272400,112072000,2014,CAFE,PERMANENTE,1.24,0.7684210526315789
NARIÃ‘O,TAMINANGO,196,597249000,130135000,2014,PAPAYA,PERMANENTE,18.0,1.0
NARIÃ‘O,TAMINANGO,44,162070627,35739500,2014,PAPAYA,PERMANENTE,18.0,1.0
NARIÃ‘O,TAMINANGO,64,236538704,85475812,2014,PAPAYA,PERMANENTE,18.0,1.0
NARIÃ‘O,SANDONA,48,177035276,28085000,2014,PAPA,TRANSITORIO,8.5,1.0
NARIÃ‘O,SAN PABLO,32,98381570,21740000,2014,PAPA,TRANSITORIO,11.0,0.875
NARIÃ‘O,SAN LORENZO,40,147820000,28680000,2014,LULO,PERMANENTE,6.0,0.9375
NARIÃ‘O,SAMANIEGO,44,160270000,17820000,2014,TOMATE,TRANSITORIO,103.5,0.8999999999999999
NARIÃ‘O,PUPIALES,28,80000000,78800000,2014,PAPA,TRANSITORIO,14.333333333333334,1.0
NARIÃ‘O,PUPIALES,28,71000000,80540000,2014,PAPA,TRANSITORIO,14.333333333333334,1.0
NARIÃ‘O,PUPIALES,52,67000000,78800000,2014,PAPA,TRANSITORIO,14.333333333333334,1.0
NARIÃ‘O,PUERRES,72,0,0,2014,PAPA,TRANSITORIO,15.75,0.8642868437697661
NARIÃ‘O,PROVIDENCIA,188,579013000,121475000,2014,ULLUCO,TRANSITORIO,15.0,1.0
NARIÃ‘O,PASTO,28,0,0,2014,COLIFLOR,TRANSITORIO,19.0,1.0
NARIÃ‘O,PASTO,76,0,0,2014,COLIFLOR,TRANSITORIO,19.0,1.0
NARIÃ‘O,PASTO,240,739124800,172840000,2014,COLIFLOR,TRANSITORIO,19.0,1.0
NARIÃ‘O,PASTO,40,67000000,78590000,2014,COLIFLOR,TRANSITORIO,19.0,1.0
NARIÃ‘O,PASTO,48,76000000,77100000,2014,COLIFLOR,TRANSITORIO,19.0,1.0
NARIÃ‘O,PASTO,72,69000000,70360000,2014,COLIFLOR,TRANSITORIO,19.0,1.0
NARIÃ‘O,OSPINA,28,71000000,78800000,2014,QUINUA,TRANSITORIO,2.5,0.8333333333333334
NARIÃ‘O,LOS ANDES,40,144858600,16124000,2014,TOMATE DE ARBOL,PERMANENTE,5.0,0.6666666666666666
NARIÃ‘O,IPIALES,24,53200000,78800000,2014,ZANAHORIA,TRANSITORIO,31.0,0.9266666666666667
NARIÃ‘O,IPIALES,100,298000000,192482000,2014,ZANAHORIA,TRANSITORIO,31.0,0.9266666666666667
NARIÃ‘O,IMUES,112,343454000,82808000,2014,TOMATE DE ARBOL,PERMANENTE,10.0,1.0
NARIÃ‘O,ILES,76,234012800,62912000,2014,PAPA,TRANSITORIO,16.0,0.9846938775510203
NARIÃ‘O,ILES,40,120000000,39300000,2014,PAPA,TRANSITORIO,16.0,0.9846938775510203
NARIÃ‘O,GUAITARILLA,40,55200000,77360000,2014,CAÑA PANELERA,PERMANENTE,8.0,0.8113207547169812
NARIÃ‘O,GUACHUCAL,24,45200000,78640000,2014,HABA,TRANSITORIO,9.0,0.9666666666666667
NARIÃ‘O,GUACHUCAL,24,65000000,74800000,2014,HABA,TRANSITORIO,9.0,0.9666666666666667
NARIÃ‘O,GUACHUCAL,24,73200000,78800000,2014,HABA,TRANSITORIO,9.0,0.9666666666666667
NARIÃ‘O,GUACHUCAL,76,69000000,78560000,2014,HABA,TRANSITORIO,9.0,0.9666666666666667
NARIÃ‘O,GUACHUCAL,80,54200000,77360000,2014,HABA,TRANSITORIO,9.0,0.9666666666666667
NARIÃ‘O,GUACHUCAL,68,71000000,79100000,2014,HABA,TRANSITORIO,9.0,0.9666666666666667
NARIÃ‘O,GUACHUCAL,64,69000000,79100000,2014,HABA,TRANSITORIO,9.0,0.9666666666666667
NARIÃ‘O,GUACHUCAL,72,66700000,79100000,2014,HABA,TRANSITORIO,9.0,0.9666666666666667
NARIÃ‘O,GUACHUCAL,104,90000000,78560000,2014,HABA,TRANSITORIO,9.0,0.9666666666666667
NARIÃ‘O,GUACHUCAL,64,54000000,77100000,2014,HABA,TRANSITORIO,9.0,0.9666666666666667
NARIÃ‘O,GUACHUCAL,20,43600000,78800000,2014,HABA,TRANSITORIO,9.0,0.9666666666666667
NARIÃ‘O,GUACHUCAL,24,53400000,78640000,2014,HABA,TRANSITORIO,9.0,0.9666666666666667
NARIÃ‘O,GUACHUCAL,36,74000000,77100000,2014,HABA,TRANSITORIO,9.0,0.9666666666666667
NARIÃ‘O,FUNES,200,616000000,196000000,2014,CHIRIMOYA,PERMANENTE,5.0,0.967741935483871
NARIÃ‘O,EL ROSARIO,192,591315945,213688023,2014,MARACUYA,PERMANENTE,15.0,0.5
NARIÃ‘O,CUMBAL,72,64000000,78800000,2014,ZANAHORIA,TRANSITORIO,18.0,1.0
NARIÃ‘O,CUMBAL,80,66200000,78800000,2014,ZANAHORIA,TRANSITORIO,18.0,1.0
NARIÃ‘O,CUMBAL,40,43980000,78400000,2014,ZANAHORIA,TRANSITORIO,18.0,1.0
NARIÃ‘O,CUMBAL,32,56300000,76460000,2014,ZANAHORIA,TRANSITORIO,18.0,1.0
NARIÃ‘O,CUMBAL,36,69000000,79130000,2014,ZANAHORIA,TRANSITORIO,18.0,1.0
NARIÃ‘O,CUMBAL,84,71000000,79790000,2014,ZANAHORIA,TRANSITORIO,18.0,1.0
NARIÃ‘O,CUMBAL,44,67000000,78830000,2014,ZANAHORIA,TRANSITORIO,18.0,1.0
NARIÃ‘O,CUMBAL,68,67000000,78830000,2014,ZANAHORIA,TRANSITORIO,18.0,1.0
NARIÃ‘O,CUMBAL,84,40200000,78800000,2014,ZANAHORIA,TRANSITORIO,18.0,1.0
NARIÃ‘O,CUMBAL,72,70000000,78800000,2014,ZANAHORIA,TRANSITORIO,18.0,1.0
NARIÃ‘O,CUMBAL,76,69000000,76160000,2014,ZANAHORIA,TRANSITORIO,18.0,1.0
NARIÃ‘O,CUMBAL,80,67000000,78800000,2014,ZANAHORIA,TRANSITORIO,18.0,1.0
NARIÃ‘O,CUASPUD,60,71000000,78800000,2014,PAPA,TRANSITORIO,21.5,0.9330749354005168
NARIÃ‘O,CUASPUD,96,71000000,78800000,2014,PAPA,TRANSITORIO,21.5,0.9330749354005168
NARIÃ‘O,CUASPUD,28,46200000,76840000,2014,PAPA,TRANSITORIO,21.5,0.9330749354005168
NARIÃ‘O,CORDOBA,48,57000000,78530000,2014,ZANAHORIA,TRANSITORIO,20.0,1.0
NARIÃ‘O,CONTADERO,28,70000000,46400000,2014,TOMATE DE ARBOL,PERMANENTE,12.0,1.0
NARIÃ‘O,CHACHAGUI,176,536520800,130665600,2014,REPOLLO,TRANSITORIO,4.5,0.55
NARIÃ‘O,ALDANA,76,73000000,77360000,2014,PAPA,TRANSITORIO,17.5,1.0
META,SAN MARTIN,24,88704000,22162500,2014,MAIZ FORRAJERO,TRANSITORIO,25.0,1.0
META,SAN JUAN DE ARAMA,32,118272000,14720000,2014,PAPAYA,PERMANENTE,30.0,0.7674418604651163
META,SAN JUAN DE ARAMA,24,73920000,44600000,2014,PAPAYA,PERMANENTE,30.0,0.7674418604651163
META,PUERTO LOPEZ,24,73920000,16830000,2014,PATILLA,TRANSITORIO,36.0,1.0
META,PUERTO LOPEZ,256,788480000,258176000,2014,PATILLA,TRANSITORIO,36.0,1.0
META,PUERTO LLERAS,40,123200000,25287500,2014,MARACUYA,PERMANENTE,20.0,0.8563218390804598
META,PUERTO LLERAS,24,88704000,27900000,2014,MARACUYA,PERMANENTE,20.0,0.8563218390804598
META,FUENTE DE ORO,56,172480000,62652200,2014,PAPAYA,PERMANENTE,40.0,0.5945945945945946
META,FUENTE DE ORO,36,110880000,36017500,2014,PAPAYA,PERMANENTE,40.0,0.5945945945945946
META,EL CASTILLO,92,340032000,37807500,2014,AHUYAMA,TRANSITORIO,19.0,1.0
META,EL CASTILLO,40,123200000,35069813,2014,AHUYAMA,TRANSITORIO,19.0,1.0
META,EL CASTILLO,28,103488000,53816000,2014,AHUYAMA,TRANSITORIO,19.0,1.0
META,EL CALVARIO,100,308000000,97069800,2014,CEBOLLA DE RAMA,TRANSITORIO,20.0,1.0
META,EL CALVARIO,44,135520000,45315000,2014,CEBOLLA DE RAMA,TRANSITORIO,20.0,1.0
META,CASTILLA LA NUEVA,28,86240000,46025000,2014,AHUYAMA,TRANSITORIO,30.0,1.0
META,CASTILLA LA NUEVA,28,86240000,47137500,2014,AHUYAMA,TRANSITORIO,30.0,1.0
META,CABUYARO,60,184765600,62925000,2014,ARROZ,TRANSITORIO,5.38,1.0
META,CABUYARO,56,206976000,32060000,2014,ARROZ,TRANSITORIO,5.38,1.0
META,CABUYARO,36,110880000,30780000,2014,ARROZ,TRANSITORIO,5.38,1.0
MAGDALENA,SANTA MARTA,104,0,0,2014,TOMATE DE ARBOL,PERMANENTE,9.6,0.9340659340659341
MAGDALENA,SANTA ANA,20,61598000,27268750,2014,MANGO,PERMANENTE,10.0,0.33962264150943394
MAGDALENA,SANTA ANA,72,221751000,96447500,2014,MANGO,PERMANENTE,10.0,0.33962264150943394
MAGDALENA,GUAMAL,44,135511400,56554875,2014,MAIZ,TRANSITORIO,1.12,0.8569444444444444
MAGDALENA,FUNDACION,36,133056000,45413750,2014,TOMATE,TRANSITORIO,11.5,0.8626262626262626
MAGDALENA,FUNDACION,36,133056000,47521250,2014,TOMATE,TRANSITORIO,11.5,0.8626262626262626
LA GUAJIRA,VILLANUEVA,40,123195400,90993750,2014,YUCA,ANUAL,16.0,0.30120481927710846
LA GUAJIRA,SAN JUAN DEL CESAR,16,59127400,34585000,2014,TOMATE,TRANSITORIO,12.5,0.7333333333333334
LA GUAJIRA,RIOHACHA,48,177209910,61280000,2014,TOMATE,TRANSITORIO,15.0,1.0
LA GUAJIRA,RIOHACHA,8,29564600,13243000,2014,TOMATE,TRANSITORIO,15.0,1.0
LA GUAJIRA,FONSECA,12,36944200,18516250,2014,LIMON,PERMANENTE,15.0,0.8695652173913043
LA GUAJIRA,FONSECA,32,98546600,39665000,2014,LIMON,PERMANENTE,15.0,0.8695652173913043
LA GUAJIRA,DIBULLA,16,59115200,34220000,2014,BANANO,PERMANENTE,34.92,0.9230769230769231
LA GUAJIRA,DIBULLA,72,221745400,96632500,2014,BANANO,PERMANENTE,34.92,0.9230769230769231
LA GUAJIRA,DIBULLA,8,29564600,14072500,2014,BANANO,PERMANENTE,34.92,0.9230769230769231
LA GUAJIRA,DIBULLA,48,177406080,51582500,2014,BANANO,PERMANENTE,34.92,0.9230769230769231
LA GUAJIRA,DIBULLA,8,0,0,2014,BANANO,PERMANENTE,34.92,0.9230769230769231
LA GUAJIRA,DIBULLA,24,88677800,42545000,2014,BANANO,PERMANENTE,34.92,0.9230769230769231
HUILA,TIMANA,232,714512000,167400000,2014,MARACUYA,PERMANENTE,17.0,0.75
HUILA,SANTA MARIA,492,1402938000,395137500,2014,CHOLUPA,PERMANENTE,8.0,1.0
HUILA,SANTA MARIA,52,158899000,32630000,2014,CHOLUPA,PERMANENTE,8.0,1.0
HUILA,LA PLATA,44,135507800,38100000,2014,GRANADILLA,PERMANENTE,15.0,0.5806451612903226
HUILA,LA PLATA,476,1466073200,455450000,2014,GRANADILLA,PERMANENTE,15.0,0.5806451612903226
HUILA,LA ARGENTINA,100,369585500,137953800,2014,AGUACATE,PERMANENTE,10.0,0.3157894736842105
HUILA,LA ARGENTINA,96,354808000,93520000,2014,AGUACATE,PERMANENTE,10.0,0.3157894736842105
GUAVIARE,SAN JOSE DEL GUAVIARE,32,118272000,45984400,2014,YUCA,ANUAL,8.0,0.8503054989816701
GUAVIARE,SAN JOSE DEL GUAVIARE,40,123200000,52731500,2014,YUCA,ANUAL,8.0,0.8503054989816701
GUAVIARE,SAN JOSE DEL GUAVIARE,40,123200000,52676500,2014,YUCA,ANUAL,8.0,0.8503054989816701
GUAVIARE,SAN JOSE DEL GUAVIARE,56,206975980,90766000,2014,YUCA,ANUAL,8.0,0.8503054989816701
GUAVIARE,SAN JOSE DEL GUAVIARE,24,88703998,35910000,2014,YUCA,ANUAL,8.0,0.8503054989816701
GUAINIA,INIRIDA,52,160143050,37542700,2014,PLATANO,PERMANENTE,10.0,1.0
GUAINIA,INIRIDA,36,110801675,21537000,2014,PLATANO,PERMANENTE,10.0,1.0
GUAINIA,INIRIDA,56,172477900,43662400,2014,PLATANO,PERMANENTE,10.0,1.0
GUAINIA,INIRIDA,24,88701500,16791600,2014,PLATANO,PERMANENTE,10.0,1.0
GUAINIA,INIRIDA,52,192147750,67197500,2014,PLATANO,PERMANENTE,10.0,1.0
GUAINIA,INIRIDA,20,61573500,17285000,2014,PLATANO,PERMANENTE,10.0,1.0
GUAINIA,INIRIDA,56,172471480,31295600,2014,PLATANO,PERMANENTE,10.0,1.0
GUAINIA,INIRIDA,28,103476600,34232000,2014,PLATANO,PERMANENTE,10.0,1.0
CUNDINAMARCA,SILVANIA,224,686023400,343240000,2014,UCHUVA,PERMANENTE,15.0,1.0
CUNDINAMARCA,SILVANIA,152,561792000,220500000,2014,UCHUVA,PERMANENTE,15.0,1.0
CUNDINAMARCA,SILVANIA,32,118140574,21172350,2014,UCHUVA,PERMANENTE,15.0,1.0
CUNDINAMARCA,PASCA,16,59131332,13180000,2014,MORA,PERMANENTE,6.0,0.988929889298893
CORDOBA,TIERRALTA,52,192191763,30610000,2014,MAIZ,TRANSITORIO,3.05,1.0
CORDOBA,PUERTO ESCONDIDO,36,110879500,48782000,2014,MAIZ,TRANSITORIO,2.5,0.8666666666666667
CORDOBA,PUERTO ESCONDIDO,72,221759600,100428000,2014,MAIZ,TRANSITORIO,2.5,0.8666666666666667
CORDOBA,MOÑITOS,20,61600000,16520000,2014,YUCA,ANUAL,18.0,0.85
CORDOBA,MOÑITOS,36,110879500,34768000,2014,YUCA,ANUAL,18.0,0.85
CORDOBA,MOÑITOS,40,123199970,35800000,2014,YUCA,ANUAL,18.0,0.85
CORDOBA,MOÑITOS,88,271024000,87205000,2014,YUCA,ANUAL,18.0,0.85
CORDOBA,MONTERIA,0,0,0,2014,PAPAYA,PERMANENTE,30.0,1.0
CORDOBA,CANALETE,32,98559815,21220000,2014,ÑAME,ANUAL,13.0,1.0
CORDOBA,CANALETE,52,160159892,48156000,2014,ÑAME,ANUAL,13.0,1.0
CHOCO,TADO,232,0,0,2014,CHONTADURO,PERMANENTE,4.0,0.9056603773584906
CHOCO,TADO,280,0,0,2014,CHONTADURO,PERMANENTE,4.0,0.9056603773584906
CHOCO,TADO,236,0,0,2014,CHONTADURO,PERMANENTE,4.0,0.9056603773584906
CHOCO,TADO,280,0,0,2014,CHONTADURO,PERMANENTE,4.0,0.9056603773584906
CHOCO,RIOSUCIO,0,0,0,2014,PIÑA,PERMANENTE,15.0,1.0
CHOCO,RIOSUCIO,156,576525850,243508200,2014,PIÑA,PERMANENTE,15.0,1.0
CHOCO,RIOSUCIO,16,86018150,44597000,2014,PIÑA,PERMANENTE,15.0,1.0
CHOCO,RIOSUCIO,84,310461225,115657500,2014,PIÑA,PERMANENTE,15.0,1.0
CHOCO,RIOSUCIO,24,98559200,48250000,2014,PIÑA,PERMANENTE,15.0,1.0
CHOCO,RIOSUCIO,80,295187500,127470000,2014,PIÑA,PERMANENTE,15.0,1.0
CHOCO,RIOSUCIO,24,73915050,42705000,2014,PIÑA,PERMANENTE,15.0,1.0
CHOCO,BOJAYA,272,1000128000,289850000,2014,BOROJO,PERMANENTE,4.0,0.3442622950819672
CHOCO,BOJAYA,92,283321000,99958000,2014,BOROJO,PERMANENTE,4.0,0.3442622950819672
CESAR,CURUMANI,72,221750100,109858875,2014,MELON,TRANSITORIO,8.0,0.8012820512820513
CESAR,CHIRIGUANA,32,98551400,47323125,2014,MELON,TRANSITORIO,7.5,0.6333333333333333
CESAR,CHIMICHAGUA,68,209432200,125412713,2014,PALMA DE ACEITE,PERMANENTE,2.0,0.9615384615384616
CESAR,BECERRIL,28,103482049,28093750,2014,PLATANO,PERMANENTE,5.0,0.4
CESAR,ASTREA,68,209422780,64203900,2014,PALMA DE ACEITE,PERMANENTE,3.0,0.8333333333333334
CAUCA,TIMBIO,92,340032000,96117000,2014,TOMATE,TRANSITORIO,20.0,0.8397435897435898
CAUCA,TIMBIO,44,135520000,130118000,2014,TOMATE,TRANSITORIO,20.0,0.8397435897435898
CAUCA,POPAYAN,4,12320000,6561000,2014,MORA,PERMANENTE,4.0,0.9230769230769231
CAUCA,MORALES,60,184800000,139158000,2014,CAÑA PANELERA,PERMANENTE,5.79,0.9337016574585635
CAUCA,LA SIERRA,64,193887608,55005000,2014,PLATANO,PERMANENTE,4.0,0.8163265306122449
CAUCA,EL TAMBO,44,135519950,110474000,2014,LULO,PERMANENTE,12.0,0.8108108108108109
CAUCA,EL TAMBO,56,206976000,148792000,2014,LULO,PERMANENTE,12.0,0.8108108108108109
CAUCA,EL TAMBO,108,399168000,95250000,2014,LULO,PERMANENTE,12.0,0.8108108108108109
CAUCA,CALDONO,52,159890250,91962000,2014,TOMATE,TRANSITORIO,102.22,1.0
CAUCA,CAJIBIO,96,354816000,268495920,2014,FRIJOL,TRANSITORIO,2.0,0.5
CAUCA,CAJIBIO,56,206976000,187637560,2014,FRIJOL,TRANSITORIO,2.0,0.5
CAUCA,BUENOS AIRES,36,110880000,30080197,2014,PLATANO,PERMANENTE,10.0,0.23391812865497075
CAUCA,BUENOS AIRES,68,209440000,114972530,2014,PLATANO,PERMANENTE,10.0,0.23391812865497075
CAUCA,BUENOS AIRES,32,98560000,108848000,2014,PLATANO,PERMANENTE,10.0,0.23391812865497075
CASANARE,YOPAL,24,88658800,29724480,2014,MARACUYA,PERMANENTE,13.0,0.9444444444444444
CASANARE,TAMARA,24,88702360,33632817,2014,TOMATE,TRANSITORIO,18.0,1.0
CASANARE,TAMARA,196,603679500,378304271,2014,TOMATE,TRANSITORIO,18.0,1.0
CASANARE,NUNCHIA,28,86240000,33380471,2014,PLATANO,PERMANENTE,12.0,0.6666666666666666
CASANARE,CHAMEZA,76,280878900,98239500,2014,LULO,PERMANENTE,10.0,0.425531914893617
CAQUETA,MORELIA,24,88692000,53805000,2014,CHONTADURO,PERMANENTE,2.0,0.5
CAQUETA,MILAN,52,160109500,132750000,2014,YUCA,ANUAL,8.0,1.0
CAQUETA,CURILLO,64,196740000,110900000,2014,YUCA,ANUAL,5.25,0.11304347826086956
CALDAS,SAN JOSE,52,160160000,92129375,2014,AGUACATE,PERMANENTE,8.0,0.675
CALDAS,SAN JOSE,44,135485117,91686375,2014,AGUACATE,PERMANENTE,8.0,0.675
CALDAS,SALAMINA,20,73913430,43840625,2014,LULO,PERMANENTE,18.0,0.7142857142857143
CALDAS,PENSILVANIA,40,147840000,86856250,2014,PAPA,TRANSITORIO,9.6,0.9285714285714286
CALDAS,PENSILVANIA,76,280896000,165026875,2014,PAPA,TRANSITORIO,9.6,0.9285714285714286
CALDAS,PENSILVANIA,64,236544000,124350000,2014,PAPA,TRANSITORIO,9.6,0.9285714285714286
CALDAS,PENSILVANIA,52,192020075,113660625,2014,PAPA,TRANSITORIO,9.6,0.9285714285714286
CALDAS,LA MERCED,64,197111132,139890000,2014,TOMATE,TRANSITORIO,50.0,1.0
CALDAS,FILADELFIA,12,36732587,26229375,2014,CAÑA PANELERA,PERMANENTE,4.5,0.8857142857142857
CALDAS,FILADELFIA,36,110292575,74395125,2014,CAÑA PANELERA,PERMANENTE,4.5,0.8857142857142857
CALDAS,CHINCHINA,8,24514017,17486250,2014,PLATANO,PERMANENTE,12.0,1.0
CALDAS,CHINCHINA,32,98553166,69945000,2014,PLATANO,PERMANENTE,12.0,1.0
CALDAS,CHINCHINA,16,49245083,34972500,2014,PLATANO,PERMANENTE,12.0,1.0
BOYACA,TUNUNGUA,60,184459500,102731250,2014,NARANJA,PERMANENTE,12.0,0.5909090909090909
BOYACA,PAYA,160,492346400,162120000,2014,ARRACACHA,ANUAL,5.0,1.0
BOYACA,PAEZ,176,650493000,153125000,2014,PITAHAYA,PERMANENTE,10.0,1.0
BOLIVAR,SAN JACINTO,84,310456149,123959750,2014,ÑAME,ANUAL,7.0,0.3157894736842105
BOLIVAR,SAN JACINTO,28,102905375,46396000,2014,ÑAME,ANUAL,7.0,0.3157894736842105
BOLIVAR,SAN JACINTO,44,162604175,115640000,2014,ÑAME,ANUAL,7.0,0.3157894736842105
BOLIVAR,SAN JACINTO,0,0,0,2014,ÑAME,ANUAL,7.0,0.3157894736842105
BOLIVAR,EL CARMEN DE BOLIVAR,56,206973999,112364000,2014,YUCA,ANUAL,10.0,0.84
BOLIVAR,EL CARMEN DE BOLIVAR,40,147840000,26889500,2014,YUCA,ANUAL,10.0,0.84
BOLIVAR,EL CARMEN DE BOLIVAR,44,162623999,62548200,2014,YUCA,ANUAL,10.0,0.84
BOLIVAR,EL CARMEN DE BOLIVAR,104,384383999,193062000,2014,YUCA,ANUAL,10.0,0.84
BOLIVAR,EL CARMEN DE BOLIVAR,108,399108905,186574750,2014,YUCA,ANUAL,10.0,0.84
BOLIVAR,EL CARMEN DE BOLIVAR,56,206695525,43553500,2014,YUCA,ANUAL,10.0,0.84
BOLIVAR,EL CARMEN DE BOLIVAR,116,428735565,221871875,2014,YUCA,ANUAL,10.0,0.84
ATLANTICO,SABANALARGA,36,110880000,53438000,2014,PAPAYA,PERMANENTE,30.0,1.0
ATLANTICO,POLONUEVO,0,147840000,79660000,2014,NARANJA,PERMANENTE,14.0,1.0
ATLANTICO,PIOJO,124,458303988,235860000,2014,MAMEY,PERMANENTE,6.0,1.0
ATLANTICO,CANDELARIA,92,283356250,171048000,2014,YUCA,ANUAL,6.9,0.625
ATLANTICO,BARANOA,124,44352000,36534800,2014,LIMON,PERMANENTE,12.0,1.0
ARAUCA,TAME,24,88651000,38185000,2014,MARACUYA,PERMANENTE,18.0,0.7
ARAUCA,TAME,28,103438100,45640000,2014,MARACUYA,PERMANENTE,18.0,0.7
ARAUCA,TAME,36,110836550,48905500,2014,MARACUYA,PERMANENTE,18.0,0.7
ARAUCA,TAME,24,88703995,64920000,2014,MARACUYA,PERMANENTE,18.0,0.7
ARAUCA,SARAVENA,36,110879995,66277500,2014,AGUACATE,PERMANENTE,20.0,0.5405405405405406
ARAUCA,FORTUL,20,61590000,35100000,2014,PIÑA,PERMANENTE,15.0,0.7931034482758621
ARAUCA,ARAUQUITA,48,147831150,74295000,2014,MARACUYA,PERMANENTE,18.0,0.7333333333333333
ARAUCA,ARAUQUITA,24,73919972,45190200,2014,MARACUYA,PERMANENTE,18.0,0.7333333333333333
ARAUCA,ARAUCA,32,98559800,65640000,2014,YUCA,ANUAL,20.0,0.8736842105263158
ARAUCA,ARAUCA,24,73919996,49410000,2014,YUCA,ANUAL,20.0,0.8736842105263158
ARAUCA,ARAUCA,8,0,0,2014,YUCA,ANUAL,20.0,0.8736842105263158
ARAUCA,ARAUCA,12,44352000,24300000,2014,YUCA,ANUAL,20.0,0.8736842105263158
ANTIOQUIA,TURBO,144,532186800,173204000,2014,BANANITO,PERMANENTE,17.0,1.0
ANTIOQUIA,SAN VICENTE,112,344960000,138600000,2014,FRESA,PERMANENTE,35.0,1.0
ANTIOQUIA,SAN VICENTE,108,332640000,142675714,2014,FRESA,PERMANENTE,35.0,1.0
ANTIOQUIA,NARIÑO,0,0,0,2014,CAFE,PERMANENTE,1.08,0.8592964824120602
ANTIOQUIA,NARIÑO,0,0,0,2014,CAFE,PERMANENTE,1.08,0.8592964824120602
ANTIOQUIA,CAREPA,44,162623175,124795000,2014,PLATANO,PERMANENTE,9.23,0.9121095285567377
AMAZONAS,PUERTO NARIÑO,32,98560000,22060400,2014,ASAI,PERMANENTE,5.4,0.8823529411764706
AMAZONAS,PUERTO NARIÑO,24,73920000,31050000,2014,ASAI,PERMANENTE,5.4,0.8823529411764706
AMAZONAS,PUERTO NARIÑO,24,73920000,31050000,2014,ASAI,PERMANENTE,5.4,0.8823529411764706
AMAZONAS,LETICIA,16,0,0,2014,AGUAJE,PERMANENTE,5.9,0.631578947368421
AMAZONAS,LETICIA,36,110856800,30062500,2014,AGUAJE,PERMANENTE,5.9,0.631578947368421
AMAZONAS,LETICIA,44,135503580,35079500,2014,AGUAJE,PERMANENTE,5.9,0.631578947368421
AMAZONAS,LETICIA,8,29564387,5791785,2014,AGUAJE,PERMANENTE,5.9,0.631578947368421
AMAZONAS,LETICIA,40,123196760,33974190,2014,AGUAJE,PERMANENTE,5.9,0.631578947368421
AMAZONAS,LETICIA,8,24639935,5717877,2014,AGUAJE,PERMANENTE,5.9,0.631578947368421
VALLE DEL CAUCA,TULUA,20,58946000,11650000,2013,CAÑA AZUCARERA,PERMANENTE,113.42,0.7998924152770307
VALLE DEL CAUCA,TULUA,8,23577000,7950000,2013,CAÑA AZUCARERA,PERMANENTE,113.42,0.7998924152770307
VALLE DEL CAUCA,TULUA,0,59347000,14725000,2013,CAÑA AZUCARERA,PERMANENTE,113.42,0.7998924152770307
VALLE DEL CAUCA,TULUA,24,67741000,11325000,2013,CAÑA AZUCARERA,PERMANENTE,113.42,0.7998924152770307
VALLE DEL CAUCA,TULUA,0,281304000,204651000,2013,CAÑA AZUCARERA,PERMANENTE,113.42,0.7998924152770307
VALLE DEL CAUCA,TRUJILLO,0,175878000,69522500,2013,PAPAYA,PERMANENTE,110.0,0.9009661835748792
VALLE DEL CAUCA,TRUJILLO,16,56291900,33237800,2013,PAPAYA,PERMANENTE,110.0,0.9009661835748792
VALLE DEL CAUCA,TRUJILLO,4,14078663,8969837,2013,PAPAYA,PERMANENTE,110.0,0.9009661835748792
VALLE DEL CAUCA,TRUJILLO,0,0,0,2013,PAPAYA,PERMANENTE,110.0,0.9009661835748792
VALLE DEL CAUCA,ROLDANILLO,20,58544841,39242000,2013,MELON,TRANSITORIO,35.0,1.0
VALLE DEL CAUCA,ROLDANILLO,16,39463300,34738200,2013,MELON,TRANSITORIO,35.0,1.0
VALLE DEL CAUCA,LA UNION,16,0,0,2013,CAÑA AZUCARERA,PERMANENTE,113.41,0.76657824933687
VALLE DEL CAUCA,GINEBRA,48,141457000,69149000,2013,PAPAYA,PERMANENTE,30.0,0.8333333333333334
VALLE DEL CAUCA,EL DOVIO,0,0,0,2013,LULO,PERMANENTE,25.0,0.7222222222222222
VALLE DEL CAUCA,EL AGUILA,16,52191600,21382900,2013,TOMATE DE ARBOL,PERMANENTE,12.0,0.75
VALLE DEL CAUCA,BUGALAGRANDE,12,39903000,28316163,2013,MARACUYA,PERMANENTE,14.0,0.8
VALLE DEL CAUCA,BUENAVENTURA,0,495180000,151400000,2013,COCO,PERMANENTE,12.0,1.0
VALLE DEL CAUCA,BUENAVENTURA,68,240516000,128520000,2013,COCO,PERMANENTE,12.0,1.0
VALLE DEL CAUCA,BUENAVENTURA,116,410292000,219240000,2013,COCO,PERMANENTE,12.0,1.0
VALLE DEL CAUCA,BUENAVENTURA,84,297108000,115416000,2013,COCO,PERMANENTE,12.0,1.0
VALLE DEL CAUCA,BUENAVENTURA,104,367580200,196560000,2013,COCO,PERMANENTE,12.0,1.0
VALLE DEL CAUCA,BUENAVENTURA,84,297108000,105840000,2013,COCO,PERMANENTE,12.0,1.0
VALLE DEL CAUCA,BUENAVENTURA,92,325404000,173880000,2013,COCO,PERMANENTE,12.0,1.0
VALLE DEL CAUCA,BUENAVENTURA,28,99035900,52920000,2013,COCO,PERMANENTE,12.0,1.0
VALLE DEL CAUCA,ARGELIA,140,320697000,231120000,2013,TOMATE,TRANSITORIO,15.0,1.0
VALLE DEL CAUCA,ARGELIA,40,117900000,98190000,2013,TOMATE,TRANSITORIO,15.0,1.0
VALLE DEL CAUCA,ARGELIA,12,34877800,23773000,2013,TOMATE,TRANSITORIO,15.0,1.0
VALLE DEL CAUCA,ARGELIA,12,35304500,30081000,2013,TOMATE,TRANSITORIO,15.0,1.0
VALLE DEL CAUCA,ARGELIA,28,82530000,61582500,2013,TOMATE,TRANSITORIO,15.0,1.0
VALLE DEL CAUCA,ARGELIA,48,141480000,106290000,2013,TOMATE,TRANSITORIO,15.0,1.0
VALLE DEL CAUCA,ARGELIA,0,58950000,12320000,2013,TOMATE,TRANSITORIO,15.0,1.0
VALLE DEL CAUCA,ARGELIA,28,84321404,37745475,2013,TOMATE,TRANSITORIO,15.0,1.0
VALLE DEL CAUCA,ANSERMANUEVO,24,84887500,92898000,2013,BANANO,PERMANENTE,15.0,0.8333333333333334
VALLE DEL CAUCA,ANSERMANUEVO,108,318053600,214760000,2013,BANANO,PERMANENTE,15.0,0.8333333333333334
TOLIMA,VILLAHERMOSA,96,282740160,184848000,2013,CAÑA PANELERA,PERMANENTE,5.6,0.8309859154929577
TOLIMA,VENADILLO,20,58879200,39075000,2013,AGUACATE,PERMANENTE,12.0,0.4878048780487805
TOLIMA,SANTA ISABEL,144,424117440,232632000,2013,MORA,PERMANENTE,12.0,0.423728813559322
TOLIMA,SANTA ISABEL,32,0,55200000,2013,MORA,PERMANENTE,12.0,0.423728813559322
TOLIMA,PALOCABILDO,0,0,0,2013,FRIJOL,TRANSITORIO,2.0,0.9375
TOLIMA,MURILLO,20,50570450,24484813,2013,TOMATE DE ARBOL,PERMANENTE,5.0,1.0
TOLIMA,LIBANO,4,14141750,10375000,2013,MAIZ,TRANSITORIO,2.0,0.8775
TOLIMA,LIBANO,36,136302150,110915588,2013,MAIZ,TRANSITORIO,2.0,0.8775
TOLIMA,LIBANO,16,42935000,39444250,2013,MAIZ,TRANSITORIO,2.0,0.8775
TOLIMA,LIBANO,24,63967750,35654438,2013,MAIZ,TRANSITORIO,2.0,0.8775
TOLIMA,LIBANO,28,81077000,53656000,2013,MAIZ,TRANSITORIO,2.0,0.8775
TOLIMA,LIBANO,80,232481750,130732938,2013,MAIZ,TRANSITORIO,2.0,0.8775
TOLIMA,LIBANO,32,90997830,58097313,2013,MAIZ,TRANSITORIO,2.0,0.8775
TOLIMA,LERIDA,32,94320000,62208000,2013,ARROZ,TRANSITORIO,7.050000000000001,1.0
TOLIMA,LERIDA,52,152675575,103467000,2013,ARROZ,TRANSITORIO,7.050000000000001,1.0
TOLIMA,IBAGUE,20,70519140,25542000,2013,TOMATE DE ARBOL,PERMANENTE,20.0,0.95
TOLIMA,IBAGUE,48,169426100,54750000,2013,TOMATE DE ARBOL,PERMANENTE,20.0,0.95
TOLIMA,IBAGUE,84,210469000,120977719,2013,TOMATE DE ARBOL,PERMANENTE,20.0,0.95
TOLIMA,HERVEO,60,195120600,111256000,2013,PLATANO,PERMANENTE,14.08,0.8504504504504504
TOLIMA,FRESNO,52,152793420,127835000,2013,YUCA,ANUAL,15.0,1.0
TOLIMA,FRESNO,120,352830000,327600000,2013,YUCA,ANUAL,15.0,1.0
TOLIMA,FRESNO,80,235750000,159800000,2013,YUCA,ANUAL,15.0,1.0
TOLIMA,AMBALEMA,32,111478400,51232000,2013,MAIZ,TRANSITORIO,3.5,0.9428571428571428
TOLIMA,AMBALEMA,20,86674000,27650000,2013,MAIZ,TRANSITORIO,3.5,0.9428571428571428
TOLIMA,ALVARADO,20,62836000,28817000,2013,CAÑA PANELERA,PERMANENTE,6.95,0.7208121827411168
SUCRE,OVEJAS,32,165050760,69346250,2013,PLATANO,PERMANENTE,6.5,0.8461538461538461
SUCRE,OVEJAS,28,99028235,29810430,2013,PLATANO,PERMANENTE,6.5,0.8461538461538461
SUCRE,MORROA,40,141479021,38940000,2013,YUCA,ANUAL,13.35,0.9138686131386862
SANTANDER,VELEZ,84,247582600,136893000,2013,GUAYABA,PERMANENTE,8.0,1.0
SANTANDER,SAN ANDRES,56,165059000,110101230,2013,CAÑA PANELERA,PERMANENTE,15.0,0.8511111111111112
SANTANDER,SABANA DE TORRES,40,141478560,136541440,2013,ARROZ,TRANSITORIO,5.1,1.0
SANTANDER,PUENTE NACIONAL,92,271141200,168439000,2013,LULO,PERMANENTE,20.0,0.71875
SANTANDER,MOLAGAVITA,16,47064500,31470875,2013,MORA,PERMANENTE,7.2,1.0
SANTANDER,MACARAVITA,24,70728000,49182000,2013,TOMATE,TRANSITORIO,15.0,1.0
SANTANDER,GUAVATA,92,271141900,163482000,2013,CAÑA PANELERA,PERMANENTE,10.0,0.813953488372093
SANTANDER,GALAN,72,212207725,87911730,2013,TOMATE,TRANSITORIO,4.5,1.0
SANTANDER,FLORIAN,132,389068100,244150500,2013,GULUPA,PERMANENTE,12.0,1.0
SANTANDER,CARCASI,128,377231920,305599920,2013,PAPA,TRANSITORIO,23.0,1.0
RISARALDA,PEREIRA,0,0,0,2013,PIÑA,PERMANENTE,80.0,0.8651685393258427
RISARALDA,DOS QUEBRADAS,0,0,0,2013,YUCA,ANUAL,17.0,1.0
QUINDIO,MONTENEGRO,32,113170695,88935000,2013,PIÑA,PERMANENTE,47.0,0.88
QUINDIO,LA TEBAIDA,0,0,0,2013,LULO,PERMANENTE,25.0,0.9166666666666666
PUTUMAYO,VILLAGARZON,28,0,0,2013,YUCA,ANUAL,6.8,0.765625
PUTUMAYO,ORITO,80,235268000,154000000,2013,PLATANO,PERMANENTE,8.14,0.9611111111111111
PUTUMAYO,ORITO,84,247281890,164437500,2013,PLATANO,PERMANENTE,8.14,0.9611111111111111
PUTUMAYO,MOCOA,64,226407000,25160000,2013,CHONTADURO,PERMANENTE,5.4,0.625
PUTUMAYO,MOCOA,76,268812000,54999000,2013,CHONTADURO,PERMANENTE,5.4,0.625
NORTE DE SANTANDER,GRAMALOTE,64,188621988,126511425,2013,HORTALIZAS VARIAS,TRANSITORIO,10.0,1.0
NORTE DE SANTANDER,GRAMALOTE,44,129690000,60665000,2013,HORTALIZAS VARIAS,TRANSITORIO,10.0,1.0
NARIÃ‘O,TUMACO,160,0,0,2013,PLATANO,PERMANENTE,10.0,1.0
NARIÃ‘O,TUMACO,200,566699117,378753000,2013,PLATANO,PERMANENTE,10.0,1.0
NARIÃ‘O,TUMACO,300,1060154973,528475000,2013,PLATANO,PERMANENTE,10.0,1.0
NARIÃ‘O,TUMACO,428,1513836000,1900774500,2013,PLATANO,PERMANENTE,10.0,1.0
NARIÃ‘O,TUMACO,520,1839240000,2151657817,2013,PLATANO,PERMANENTE,10.0,1.0
NARIÃ‘O,SAPUYES,68,48540000,21790000,2013,PAPA,TRANSITORIO,15.5,0.8875
NARIÃ‘O,PUPIALES,128,376663400,94800000,2013,HABA,TRANSITORIO,7.0,0.8
NARIÃ‘O,PUPIALES,104,48540000,21790000,2013,HABA,TRANSITORIO,7.0,0.8
NARIÃ‘O,POTOSI,176,392195000,136638234,2013,CEBOLLA DE RAMA,TRANSITORIO,12.0,1.0
NARIÃ‘O,LA UNION,56,153199167,38417000,2013,TOMATE,TRANSITORIO,40.0,1.0
NARIÃ‘O,LA FLORIDA,228,639034796,446813274,2013,LULO,PERMANENTE,5.5,1.0
NARIÃ‘O,GUALMATAN,96,48000000,487922769,2013,LECHUGA,TRANSITORIO,30.0,1.0
NARIÃ‘O,GUACHUCAL,112,61707000,61930000,2013,HABA,TRANSITORIO,9.0,0.95
NARIÃ‘O,GUACHUCAL,88,61707000,61930000,2013,HABA,TRANSITORIO,9.0,0.95
NARIÃ‘O,GUACHUCAL,80,61707000,61930000,2013,HABA,TRANSITORIO,9.0,0.95
NARIÃ‘O,GUACHUCAL,92,61707000,61930000,2013,HABA,TRANSITORIO,9.0,0.95
NARIÃ‘O,GUACHUCAL,100,61707000,61930000,2013,HABA,TRANSITORIO,9.0,0.95
NARIÃ‘O,GUACHUCAL,148,375416600,145352000,2013,HABA,TRANSITORIO,9.0,0.95
NARIÃ‘O,GUACHUCAL,128,61666000,62538333,2013,HABA,TRANSITORIO,9.0,0.95
NARIÃ‘O,GUACHUCAL,112,61707000,61930000,2013,HABA,TRANSITORIO,9.0,0.95
NARIÃ‘O,EL TABLON,120,436208744,196334172,2013,YUCA,ANUAL,7.0,0.9142857142857143
NARIÃ‘O,EL ROSARIO,40,247588767,63878444,2013,PATILLA,TRANSITORIO,7.0,0.95
NARIÃ‘O,CUMBAL,72,67000000,78830000,2013,COLIFLOR,TRANSITORIO,18.0,1.0
NARIÃ‘O,CUMBAL,76,70400000,82760000,2013,COLIFLOR,TRANSITORIO,18.0,1.0
NARIÃ‘O,CUMBAL,80,71000000,78830000,2013,COLIFLOR,TRANSITORIO,18.0,1.0
NARIÃ‘O,CUMBAL,80,61707000,61930000,2013,COLIFLOR,TRANSITORIO,18.0,1.0
NARIÃ‘O,CUMBAL,80,61707000,61930000,2013,COLIFLOR,TRANSITORIO,18.0,1.0
NARIÃ‘O,CUMBAL,100,61707000,61930000,2013,COLIFLOR,TRANSITORIO,18.0,1.0
NARIÃ‘O,CUMBAL,72,61707762,78830000,2013,COLIFLOR,TRANSITORIO,18.0,1.0
NARIÃ‘O,CHACHAGUI,44,155619197,31355000,2013,FRESA,PERMANENTE,6.0,1.0
NARIÃ‘O,BUESACO,48,0,0,2013,TOMATE DE ARBOL,PERMANENTE,7.0,0.8888888888888888
META,VILLAVICENCIO,28,99035472,23576333,2013,PIÑA,PERMANENTE,55.0,1.0
META,SAN JUAN DE ARAMA,128,452694342,129220600,2013,GUAYABA,PERMANENTE,20.0,0.9166666666666666
META,SAN JUAN DE ARAMA,40,141479468,24971133,2013,GUAYABA,PERMANENTE,20.0,0.9166666666666666
LA GUAJIRA,VILLANUEVA,24,70736980,29084667,2013,TOMATE DE ARBOL,PERMANENTE,8.0,0.782608695652174
LA GUAJIRA,VILLANUEVA,20,73030000,45862784,2013,TOMATE DE ARBOL,PERMANENTE,8.0,0.782608695652174
LA GUAJIRA,RIOHACHA,64,226364770,103074103,2013,ÑAME,ANUAL,10.0,0.9911504424778761
LA GUAJIRA,RIOHACHA,12,54164171,11777400,2013,ÑAME,ANUAL,10.0,0.9911504424778761
LA GUAJIRA,FONSECA,12,65043241,20504000,2013,TOMATE,TRANSITORIO,20.0,0.7083333333333333
LA GUAJIRA,DIBULLA,48,141341240,28376236,2013,MELON,TRANSITORIO,9.0,1.0
LA GUAJIRA,DIBULLA,92,356055258,194926053,2013,MELON,TRANSITORIO,9.0,1.0
LA GUAJIRA,DIBULLA,184,650601450,444415000,2013,MELON,TRANSITORIO,9.0,1.0
LA GUAJIRA,DIBULLA,16,89591000,66603333,2013,MELON,TRANSITORIO,9.0,1.0
LA GUAJIRA,DIBULLA,16,47160000,18849970,2013,MELON,TRANSITORIO,9.0,1.0
HUILA,TESALIA,160,471600000,68820000,2013,PAPAYA,PERMANENTE,13.0,1.0
HUILA,PAICOL,80,235600000,23980000,2013,GRANADILLA,PERMANENTE,9.0,0.8571428571428571
HUILA,LA PLATA,324,645685000,585200000,2013,GRANADILLA,PERMANENTE,15.0,1.0
GUAVIARE,SAN JOSE DEL GUAVIARE,52,153270000,127270000,2013,ARROZ,TRANSITORIO,4.5,0.9499466950959488
GUAVIARE,SAN JOSE DEL GUAVIARE,116,341601150,153845000,2013,ARROZ,TRANSITORIO,4.5,0.9499466950959488
GUAVIARE,EL RETORNO,28,99035998,22715000,2013,YUCA,ANUAL,5.2,0.8497191011235955
GUAVIARE,EL RETORNO,60,176850000,146850000,2013,YUCA,ANUAL,5.2,0.8497191011235955
GUAINIA,INIRIDA,160,601041249,195746000,2013,PLATANO,PERMANENTE,6.8,0.2782608695652174
GUAINIA,INIRIDA,96,433781600,156544000,2013,PLATANO,PERMANENTE,6.8,0.2782608695652174
GUAINIA,INIRIDA,20,66011950,21927800,2013,PLATANO,PERMANENTE,6.8,0.2782608695652174
GUAINIA,INIRIDA,16,47030950,14679000,2013,PLATANO,PERMANENTE,6.8,0.2782608695652174
CUNDINAMARCA,SILVANIA,48,169682466,225982802,2013,TOMATE DE ARBOL,PERMANENTE,18.0,0.7627118644067796
CUNDINAMARCA,PACHO,4,0,0,2013,SABILA,PERMANENTE,40.0,0.8181818181818182
CUNDINAMARCA,PACHO,92,271170000,120389600,2013,SABILA,PERMANENTE,40.0,0.8181818181818182
CUNDINAMARCA,PACHO,72,211830000,67755150,2013,SABILA,PERMANENTE,40.0,0.8181818181818182
CUNDINAMARCA,PACHO,12,35087116,15611700,2013,SABILA,PERMANENTE,40.0,0.8181818181818182
CUNDINAMARCA,PACHO,12,34916420,25790000,2013,SABILA,PERMANENTE,40.0,0.8181818181818182
CUNDINAMARCA,PACHO,8,28056414,6690450,2013,SABILA,PERMANENTE,40.0,0.8181818181818182
CUNDINAMARCA,PACHO,32,94245000,43206000,2013,SABILA,PERMANENTE,40.0,0.8181818181818182
CUNDINAMARCA,PACHO,8,23580000,11638000,2013,SABILA,PERMANENTE,40.0,0.8181818181818182
CUNDINAMARCA,PACHO,16,47120000,35040000,2013,SABILA,PERMANENTE,40.0,0.8181818181818182
CUNDINAMARCA,GUADUAS,48,282911300,187978300,2013,TOMATE,TRANSITORIO,5.0,0.9666666666666667
CUNDINAMARCA,GUADUAS,24,155566334,110526000,2013,TOMATE,TRANSITORIO,5.0,0.9666666666666667
CUNDINAMARCA,GUADUAS,52,167410363,113174400,2013,TOMATE,TRANSITORIO,5.0,0.9666666666666667
CUNDINAMARCA,GUADUAS,36,233304527,155755392,2013,TOMATE,TRANSITORIO,5.0,0.9666666666666667
CUNDINAMARCA,GUADUAS,44,157950971,135177000,2013,TOMATE,TRANSITORIO,5.0,0.9666666666666667
CUNDINAMARCA,CHAGUANI,24,143786759,96716159,2013,YUCA,ANUAL,6.0,0.42857142857142855
CORDOBA,VALENCIA,32,113183993,30212000,2013,ÑAME,ANUAL,8.0,0.74
CORDOBA,MONTELIBANO,92,325356945,41358000,2013,PATILLA,TRANSITORIO,8.0,0.8
CHOCO,RIOSUCIO,564,1884038150,1082175000,2013,PIÑA,PERMANENTE,15.0,0.8888888888888888
CHOCO,RIOSUCIO,376,822042995,586279746,2013,PIÑA,PERMANENTE,15.0,0.8888888888888888
CHOCO,NUQUI,72,301434000,137632000,2013,COCO,PERMANENTE,14.0,0.916030534351145
CHOCO,LLORO,84,516402000,416638000,2013,PIÑA,PERMANENTE,20.0,0.8333333333333334
CHOCO,BAHIA SOLANO,92,299172500,194100000,2013,PIÑA,PERMANENTE,20.0,0.875
CHOCO,BAHIA SOLANO,96,551355000,297538500,2013,PIÑA,PERMANENTE,20.0,0.875
CHOCO,ACANDI,24,70645252,56101875,2013,AJI,TRANSITORIO,7.0,1.0
CHOCO,ACANDI,96,351290294,232510000,2013,AJI,TRANSITORIO,7.0,1.0
CHOCO,ACANDI,220,836606460,569096875,2013,AJI,TRANSITORIO,7.0,1.0
CHOCO,ACANDI,60,212206200,62100000,2013,AJI,TRANSITORIO,7.0,1.0
CESAR,PUEBLO BELLO,0,0,0,2013,TOMATE DE ARBOL,PERMANENTE,7.0,0.8571428571428571
CESAR,PUEBLO BELLO,0,0,0,2013,TOMATE DE ARBOL,PERMANENTE,7.0,0.8571428571428571
CESAR,PUEBLO BELLO,0,0,0,2013,TOMATE DE ARBOL,PERMANENTE,7.0,0.8571428571428571
CESAR,PUEBLO BELLO,0,13748680,11766750,2013,TOMATE DE ARBOL,PERMANENTE,7.0,0.8571428571428571
CESAR,PUEBLO BELLO,0,0,0,2013,TOMATE DE ARBOL,PERMANENTE,7.0,0.8571428571428571
CESAR,PUEBLO BELLO,0,44442600,22947000,2013,TOMATE DE ARBOL,PERMANENTE,7.0,0.8571428571428571
CESAR,PUEBLO BELLO,0,0,0,2013,TOMATE DE ARBOL,PERMANENTE,7.0,0.8571428571428571
CESAR,PUEBLO BELLO,0,39830600,33222000,2013,TOMATE DE ARBOL,PERMANENTE,7.0,0.8571428571428571
CESAR,EL COPEY,28,124815507,39134750,2013,LIMON,PERMANENTE,15.0,0.6153846153846154
CESAR,EL COPEY,20,70304045,17591000,2013,LIMON,PERMANENTE,15.0,0.6153846153846154
CESAR,CURUMANI,28,130795700,86071373,2013,AGUACATE,PERMANENTE,9.0,0.7964601769911505
CESAR,CHIMICHAGUA,0,0,0,2013,PATILLA,TRANSITORIO,12.0,1.0
CESAR,AGUSTIN CODAZZI,40,141471328,24012300,2013,MANGO,PERMANENTE,10.0,0.48717948717948717
CAUCA,TORIBIO,0,90000000,16200000,2013,LULO,PERMANENTE,16.0,1.0
CAUCA,TIMBIQUI,0,300000152,85476000,2013,YUCA,ANUAL,8.57,0.9375
CAUCA,SOTARA,148,524895756,139763429,2013,TOMATE,TRANSITORIO,31.5,1.0
CAUCA,SOTARA,36,106110000,92956355,2013,TOMATE,TRANSITORIO,31.5,1.0
CAUCA,SOTARA,0,119998935,48731065,2013,TOMATE,TRANSITORIO,31.5,1.0
CAUCA,SILVIA,4,505766000,334926100,2013,COLIFLOR,TRANSITORIO,30.0,1.0
CAUCA,SANTANDER DE QUILICHAO,0,0,0,2013,CAÑA AZUCARERA,PERMANENTE,76.65,0.8751498544271279
CAUCA,SANTANDER DE QUILICHAO,0,0,0,2013,CAÑA AZUCARERA,PERMANENTE,76.65,0.8751498544271279
CAUCA,POPAYAN,176,500000000,33924000,2013,YUCA,ANUAL,5.2,0.8181818181818182
CAUCA,POPAYAN,0,162708365,18120000,2013,YUCA,ANUAL,5.2,0.8181818181818182
CAUCA,POPAYAN,0,100000200,10746300,2013,YUCA,ANUAL,5.2,0.8181818181818182
CAUCA,POPAYAN,0,0,0,2013,YUCA,ANUAL,5.2,0.8181818181818182
CAUCA,POPAYAN,0,70698438,22494400,2013,YUCA,ANUAL,5.2,0.8181818181818182
CAUCA,PIENDAMO,48,145000000,32904000,2013,TOMATE,TRANSITORIO,5.4,0.9
CAUCA,PAEZ,0,524999873,61043000,2013,PLATANO,PERMANENTE,7.5,0.9090909090909091
CAUCA,MORALES,0,607431000,610500000,2013,CAÑA PANELERA,PERMANENTE,5.65,0.847953216374269
CAUCA,MIRANDA,0,70182000,64160000,2013,CAÑA AZUCARERA,PERMANENTE,96.02,0.8751945662940427
CAUCA,INZA,0,262350000,174158000,2013,FRIJOL,TRANSITORIO,0.8,0.9735191637630662
CAUCA,EL TAMBO,16,47156423,19866860,2013,LULO,PERMANENTE,12.0,0.36363636363636365
CAUCA,EL TAMBO,40,146196000,96305500,2013,LULO,PERMANENTE,12.0,0.36363636363636365
CAUCA,EL TAMBO,20,58920000,38521000,2013,LULO,PERMANENTE,12.0,0.36363636363636365
CAUCA,EL TAMBO,12,63657849,36992898,2013,LULO,PERMANENTE,12.0,0.36363636363636365
CAUCA,CORINTO,0,193564800,108160000,2013,TOMATE DE ARBOL,PERMANENTE,5.0,0.75
CAUCA,CORINTO,500,62000000,9990000,2013,TOMATE DE ARBOL,PERMANENTE,5.0,0.75
CAUCA,CALOTO,256,765016000,36544000,2013,PLATANO,PERMANENTE,12.0,0.8
CAUCA,CALDONO,0,380000000,161500000,2013,MORA,PERMANENTE,2.5,1.0
CAUCA,CALDONO,0,270532000,152260000,2013,MORA,PERMANENTE,2.5,1.0
CAUCA,CAJIBIO,88,315972000,126301972,2013,ASPARRAGUS,PERMANENTE,4.0,1.0
CAUCA,CAJIBIO,0,120000499,62364000,2013,ASPARRAGUS,PERMANENTE,4.0,1.0
CAUCA,CAJIBIO,0,61967500,11320000,2013,ASPARRAGUS,PERMANENTE,4.0,1.0
CAUCA,ALMAGUER,0,656175377,92855000,2013,PAPA,TRANSITORIO,8.0,0.9718403843587349
CASANARE,SAN LUIS DE PALENQUE,60,158831900,36652500,2013,MAIZ,TRANSITORIO,2.15,0.91
CASANARE,PAZ DE ARIPORO,20,56670700,18625000,2013,MARACUYA,PERMANENTE,16.0,1.0
CASANARE,NUNCHIA,0,59210000,12933520,2013,ARROZ,TRANSITORIO,4.5775,1.0
CAQUETA,MILAN,36,120256000,20787500,2013,PIÑA,PERMANENTE,8.4,1.0
CAQUETA,FLORENCIA,360,1296479100,485319642,2013,MAIZ FORRAJERO,TRANSITORIO,32.5,1.0
CALDAS,VILLAMARIA,20,70303604,32709714,2013,TOMATE,TRANSITORIO,132.0,1.0
CALDAS,VILLAMARIA,48,141103794,61728700,2013,TOMATE,TRANSITORIO,132.0,1.0
CALDAS,MANZANARES,16,56558459,30560000,2013,MORA,PERMANENTE,8.0,1.0
CALDAS,LA DORADA,4,14148000,19216800,2013,GUATILA,TRANSITORIO,17.0,0.8372093023255814
CALDAS,LA DORADA,0,0,0,2013,GUATILA,TRANSITORIO,17.0,0.8372093023255814
CALDAS,CHINCHINA,8,28229230,17200000,2013,GUAYABA,PERMANENTE,11.0,1.0
CALDAS,BELALCAZAR,12,42417305,19690000,2013,GUAYABA,PERMANENTE,20.0,0.5
BOYACA,QUIPAMA,104,302011751,100914088,2013,YUCA,ANUAL,16.0,0.9444444444444444
BOYACA,PAUNA,120,353696144,189236502,2013,GUAYABA,PERMANENTE,8.0,0.9666666666666667
BOYACA,OTANCHE,228,671985026,444799891,2013,NARANJA,PERMANENTE,5.0,0.5
BOYACA,LA VICTORIA,80,235739249,105293758,2013,MAIZ,TRANSITORIO,1.0,0.8
BOLIVAR,VILLANUEVA,48,169768000,71670000,2013,ÑAME,ANUAL,14.0,0.7692307692307693
BOLIVAR,VILLANUEVA,16,47011440,23140000,2013,ÑAME,ANUAL,14.0,0.7692307692307693
BOLIVAR,SAN JUAN NEPOMUCENO,44,147445000,94820000,2013,GUAYABA,PERMANENTE,5.0,1.0
BOLIVAR,SAN JACINTO,44,155257444,99089208,2013,AJI,TRANSITORIO,6.5,1.0
BOLIVAR,EL CARMEN DE BOLIVAR,32,112181000,49080000,2013,ÑAME,ANUAL,12.0,0.8939393939393939
BOLIVAR,EL CARMEN DE BOLIVAR,36,127331275,73255000,2013,ÑAME,ANUAL,12.0,0.8939393939393939
BOLIVAR,EL CARMEN DE BOLIVAR,20,70735000,22480000,2013,ÑAME,ANUAL,12.0,0.8939393939393939
BOLIVAR,EL CARMEN DE BOLIVAR,0,0,0,2013,ÑAME,ANUAL,12.0,0.8939393939393939
BOLIVAR,EL CARMEN DE BOLIVAR,36,126092000,59260000,2013,ÑAME,ANUAL,12.0,0.8939393939393939
BOLIVAR,EL CARMEN DE BOLIVAR,12,37858770,16700000,2013,ÑAME,ANUAL,12.0,0.8939393939393939
BOLIVAR,EL CARMEN DE BOLIVAR,0,0,0,2013,ÑAME,ANUAL,12.0,0.8939393939393939
BOLIVAR,EL CARMEN DE BOLIVAR,20,70535000,8990000,2013,ÑAME,ANUAL,12.0,0.8939393939393939
BOLIVAR,EL CARMEN DE BOLIVAR,28,99023000,26460000,2013,ÑAME,ANUAL,12.0,0.8939393939393939
BOLIVAR,EL CARMEN DE BOLIVAR,60,212219863,96240000,2013,ÑAME,ANUAL,12.0,0.8939393939393939
BOLIVAR,EL CARMEN DE BOLIVAR,56,197906080,135060000,2013,ÑAME,ANUAL,12.0,0.8939393939393939
BOLIVAR,EL CARMEN DE BOLIVAR,44,155627100,124200000,2013,ÑAME,ANUAL,12.0,0.8939393939393939
BOLIVAR,EL CARMEN DE BOLIVAR,8,28286444,17449856,2013,ÑAME,ANUAL,12.0,0.8939393939393939
BOLIVAR,EL CARMEN DE BOLIVAR,24,84392320,42350000,2013,ÑAME,ANUAL,12.0,0.8939393939393939
BOLIVAR,EL CARMEN DE BOLIVAR,20,70503000,28520000,2013,ÑAME,ANUAL,12.0,0.8939393939393939
BOLIVAR,EL CARMEN DE BOLIVAR,28,99022540,40550000,2013,ÑAME,ANUAL,12.0,0.8939393939393939
BOLIVAR,EL CARMEN DE BOLIVAR,24,84100000,35170000,2013,ÑAME,ANUAL,12.0,0.8939393939393939
BOLIVAR,EL CARMEN DE BOLIVAR,32,111336000,30440000,2013,ÑAME,ANUAL,12.0,0.8939393939393939
BOLIVAR,EL CARMEN DE BOLIVAR,0,0,0,2013,ÑAME,ANUAL,12.0,0.8939393939393939
BOLIVAR,EL CARMEN DE BOLIVAR,20,58950000,16000000,2013,ÑAME,ANUAL,12.0,0.8939393939393939
BOLIVAR,EL CARMEN DE BOLIVAR,12,35336500,35070000,2013,ÑAME,ANUAL,12.0,0.8939393939393939
BOLIVAR,EL CARMEN DE BOLIVAR,24,70707000,33040000,2013,ÑAME,ANUAL,12.0,0.8939393939393939
BOLIVAR,EL CARMEN DE BOLIVAR,0,0,0,2013,ÑAME,ANUAL,12.0,0.8939393939393939
BOLIVAR,EL CARMEN DE BOLIVAR,20,58918050,20850000,2013,ÑAME,ANUAL,12.0,0.8939393939393939
BOLIVAR,EL CARMEN DE BOLIVAR,36,105935400,68345000,2013,ÑAME,ANUAL,12.0,0.8939393939393939
BOLIVAR,EL CARMEN DE BOLIVAR,0,0,0,2013,ÑAME,ANUAL,12.0,0.8939393939393939
BOLIVAR,EL CARMEN DE BOLIVAR,32,94317138,70600000,2013,ÑAME,ANUAL,12.0,0.8939393939393939
BOLIVAR,EL CARMEN DE BOLIVAR,20,58835000,20700000,2013,ÑAME,ANUAL,12.0,0.8939393939393939
BOLIVAR,EL CARMEN DE BOLIVAR,0,0,0,2013,ÑAME,ANUAL,12.0,0.8939393939393939
BOLIVAR,EL CARMEN DE BOLIVAR,0,0,0,2013,ÑAME,ANUAL,12.0,0.8939393939393939
BOLIVAR,EL CARMEN DE BOLIVAR,4,11744750,6345000,2013,ÑAME,ANUAL,12.0,0.8939393939393939
BOLIVAR,EL CARMEN DE BOLIVAR,4,11786000,9340000,2013,ÑAME,ANUAL,12.0,0.8939393939393939
BOLIVAR,EL CARMEN DE BOLIVAR,0,0,0,2013,ÑAME,ANUAL,12.0,0.8939393939393939
BOLIVAR,EL CARMEN DE BOLIVAR,16,47158000,15340000,2013,ÑAME,ANUAL,12.0,0.8939393939393939
BOLIVAR,EL CARMEN DE BOLIVAR,0,0,0,2013,ÑAME,ANUAL,12.0,0.8939393939393939
BOLIVAR,EL CARMEN DE BOLIVAR,44,129648444,74359208,2013,ÑAME,ANUAL,12.0,0.8939393939393939
BOLIVAR,EL CARMEN DE BOLIVAR,16,47046000,22220000,2013,ÑAME,ANUAL,12.0,0.8939393939393939
BOLIVAR,EL CARMEN DE BOLIVAR,0,0,0,2013,ÑAME,ANUAL,12.0,0.8939393939393939
BOLIVAR,EL CARMEN DE BOLIVAR,0,0,0,2013,ÑAME,ANUAL,12.0,0.8939393939393939
BOLIVAR,EL CARMEN DE BOLIVAR,24,70740000,28700000,2013,ÑAME,ANUAL,12.0,0.8939393939393939
BOLIVAR,EL CARMEN DE BOLIVAR,16,68341511,19250000,2013,ÑAME,ANUAL,12.0,0.8939393939393939
BOLIVAR,EL CARMEN DE BOLIVAR,40,235568000,115640000,2013,ÑAME,ANUAL,12.0,0.8939393939393939
BOLIVAR,EL CARMEN DE BOLIVAR,20,70694589,15820000,2013,ÑAME,ANUAL,12.0,0.8939393939393939
BOLIVAR,EL CARMEN DE BOLIVAR,36,139072822,63414916,2013,ÑAME,ANUAL,12.0,0.8939393939393939
BOLIVAR,EL CARMEN DE BOLIVAR,16,76935000,20084005,2013,ÑAME,ANUAL,12.0,0.8939393939393939
BOLIVAR,EL CARMEN DE BOLIVAR,32,98592000,11440000,2013,ÑAME,ANUAL,12.0,0.8939393939393939
BOLIVAR,EL CARMEN DE BOLIVAR,20,105921031,47953333,2013,ÑAME,ANUAL,12.0,0.8939393939393939
ATLANTICO,USIACURI,92,271105550,114649725,2013,MELON,TRANSITORIO,10.0,1.0
ATLANTICO,SABANALARGA,64,0,0,2013,MELON,TRANSITORIO,25.0,0.8541666666666667
ATLANTICO,SABANALARGA,24,70646842,26068833,2013,MELON,TRANSITORIO,25.0,0.8541666666666667
ATLANTICO,SABANALARGA,136,400860000,219420000,2013,MELON,TRANSITORIO,25.0,0.8541666666666667
ATLANTICO,PONEDERA,92,271170000,125888000,2013,MELON,TRANSITORIO,6.5,0.9393939393939394
ATLANTICO,PONEDERA,40,117680122,69751102,2013,MELON,TRANSITORIO,6.5,0.9393939393939394
ATLANTICO,PIOJO,48,0,0,2013,MANGO,PERMANENTE,3.7,0.1111111111111111
ATLANTICO,PIOJO,40,117857288,61900000,2013,MANGO,PERMANENTE,3.7,0.1111111111111111
ATLANTICO,MANATI,44,129689990,47922733,2013,AHUYAMA,TRANSITORIO,4.0,1.0
ATLANTICO,MANATI,20,58949900,18420000,2013,AHUYAMA,TRANSITORIO,4.0,1.0
ATLANTICO,MANATI,48,0,0,2013,AHUYAMA,TRANSITORIO,4.0,1.0
ATLANTICO,MANATI,16,47160000,30355998,2013,AHUYAMA,TRANSITORIO,4.0,1.0
ATLANTICO,MANATI,48,140639600,96586595,2013,AHUYAMA,TRANSITORIO,4.0,1.0
ATLANTICO,LURUACO,44,129674000,60925731,2013,PAPAYA,PERMANENTE,25.0,0.9411764705882353
ATLANTICO,JUAN DE ACOSTA,40,117182093,77176800,2013,PATILLA,TRANSITORIO,13.5,0.8
ATLANTICO,CANDELARIA,28,67109575,25872500,2013,MELON,TRANSITORIO,7.0,0.7063492063492063
ANTIOQUIA,TURBO,0,0,0,2013,AGUACATE,PERMANENTE,10.0,0.5382882882882883
ANTIOQUIA,SAN ROQUE,88,262948800,249953200,2013,PLATANO,PERMANENTE,3.5,1.0
ANTIOQUIA,SAN LUIS,28,98951100,56350000,2013,CAÑA PANELERA,PERMANENTE,3.0,1.0
ANTIOQUIA,ITUANGO,0,0,0,2013,MARACUYA,PERMANENTE,8.0,0.7
ANTIOQUIA,GIRALDO,32,94295352,64008000,2013,CEBOLLA DE RAMA,TRANSITORIO,15.0,0.8181818181818182
ANTIOQUIA,FRONTINO,120,573040000,442500000,2013,BANANO,PERMANENTE,5.0,1.0
ANTIOQUIA,CAREPA,136,492820370,129135000,2013,MARACUYA,PERMANENTE,18.0,0.75
VICHADA,LA PRIMAVERA,0,1699130500,295685000,2012,PAPAYA,PERMANENTE,3.0,0.75
VICHADA,LA PRIMAVERA,0,1745436000,688619400,2012,PAPAYA,PERMANENTE,3.0,0.75
VALLE DEL CAUCA,YOTOCO,0,149608800,28780920,2012,PAPAYA,PERMANENTE,75.0,0.6785714285714286
VALLE DEL CAUCA,VIJES,0,311458200,69708000,2012,PIÑA,PERMANENTE,67.5,0.631578947368421
VALLE DEL CAUCA,TRUJILLO,0,214607680,72881480,2012,GUAYABA,PERMANENTE,18.5,0.16666666666666666
VALLE DEL CAUCA,TRUJILLO,0,244814400,260737000,2012,GUAYABA,PERMANENTE,18.5,0.16666666666666666
VALLE DEL CAUCA,PALMIRA,0,122069703,67662600,2012,MARACUYA,PERMANENTE,19.0,1.0
VALLE DEL CAUCA,EL CAIRO,0,190389,63027,2012,LULO,PERMANENTE,14.5,0.6666666666666666
VALLE DEL CAUCA,EL CAIRO,0,149608800,124525600,2012,LULO,PERMANENTE,14.5,0.6666666666666666
VALLE DEL CAUCA,EL CAIRO,0,148647860,79374280,2012,LULO,PERMANENTE,14.5,0.6666666666666666
VALLE DEL CAUCA,EL CAIRO,0,0,0,2012,LULO,PERMANENTE,14.5,0.6666666666666666
VALLE DEL CAUCA,EL CAIRO,0,54113220,12500880,2012,LULO,PERMANENTE,14.5,0.6666666666666666
VALLE DEL CAUCA,EL CAIRO,0,39790800,22411200,2012,LULO,PERMANENTE,14.5,0.6666666666666666
VALLE DEL CAUCA,EL CAIRO,0,385360000,44339400,2012,LULO,PERMANENTE,14.5,0.6666666666666666
VALLE DEL CAUCA,BOLIVAR,0,124180,31424,2012,TOMATE,TRANSITORIO,25.0,0.9230769230769231
VALLE DEL CAUCA,ARGELIA,0,81590660,69569736,2012,TOMATE,TRANSITORIO,15.0,0.65
TOLIMA,IBAGUE,0,190410640,33999960,2012,TOMATE,TRANSITORIO,20.0,0.893939393939394
TOLIMA,IBAGUE,0,113339415,33547385,2012,TOMATE,TRANSITORIO,20.0,0.893939393939394
TOLIMA,IBAGUE,0,584833925,179211888,2012,TOMATE,TRANSITORIO,20.0,0.893939393939394
TOLIMA,CHAPARRAL,0,435225600,79358270,2012,NARANJA,PERMANENTE,24.0,0.9818181818181818
TOLIMA,ALVARADO,0,149608025,32296227,2012,AGUACATE,PERMANENTE,9.2,0.8314087759815243
SUCRE,SAN PEDRO,0,158664980,18783900,2012,PLATANO,PERMANENTE,5.0,0.9411764705882353
SUCRE,SAN ONOFRE,0,294684000,111561300,2012,NARANJA,PERMANENTE,5.0,0.6190476190476191
SUCRE,SAN ONOFRE,0,54403200,13792600,2012,NARANJA,PERMANENTE,5.0,0.6190476190476191
SUCRE,SAN BENITO ABAD,0,364954800,132318450,2012,YUCA,ANUAL,9.6,1.0
SUCRE,PALMITO,0,204012000,133765000,2012,YUCA,ANUAL,16.84,0.4818001525553013
SUCRE,OVEJAS,0,217612800,91462000,2012,ÑAME,ANUAL,10.0,0.9354838709677419
SUCRE,OVEJAS,0,138008000,28233000,2012,ÑAME,ANUAL,10.0,0.9354838709677419
SUCRE,MORROA,0,274283,42866,2012,ÑAME,ANUAL,6.77,0.990909090909091
SUCRE,EL ROBLE,0,321885600,79191400,2012,PLATANO,PERMANENTE,5.0,1.0
SANTANDER,SABANA DE TORRES,0,1101655030,322608000,2012,YUCA,ANUAL,6.2,0.5503875968992248
SANTANDER,SABANA DE TORRES,0,192675076,37393200,2012,YUCA,ANUAL,6.2,0.5503875968992248
SANTANDER,RIONEGRO,0,0,0,2012,NARANJA,PERMANENTE,25.29,0.6666666666666666
SANTANDER,RIONEGRO,0,320450000,41760000,2012,NARANJA,PERMANENTE,25.29,0.6666666666666666
SANTANDER,LEBRIJA,0,149531000,4338000,2012,PEPINO COHOMBRO,TRANSITORIO,50.0,0.8333333333333334
SANTANDER,CIMITARRA,92,260679800,73913000,2012,PLATANO,PERMANENTE,20.0,0.5584725536992841
SANTANDER,CIMITARRA,208,605233300,154744000,2012,PLATANO,PERMANENTE,20.0,0.5584725536992841
SANTANDER,CARCASI,80,272016000,82368000,2012,PAPA,TRANSITORIO,20.0,0.9714285714285714
SANTANDER,BARRANCABERMEJA,76,271811480,12246000,2012,PLATANO,PERMANENTE,7.5,0.7962085308056872
NORTE DE SANTANDER,TIBU,0,163204063,39162915,2012,PAPAYA,PERMANENTE,15.0,1.0
NORTE DE SANTANDER,TIBU,0,163204,34058,2012,PAPAYA,PERMANENTE,15.0,1.0
NORTE DE SANTANDER,TIBU,0,68055,20700,2012,PAPAYA,PERMANENTE,15.0,1.0
NORTE DE SANTANDER,TIBU,0,68000000,23781000,2012,PAPAYA,PERMANENTE,15.0,1.0
NORTE DE SANTANDER,SARDINATA,0,272015658,83540000,2012,TOMATE,TRANSITORIO,25.0,0.85
NORTE DE SANTANDER,LABATECA,32,155999200,64978200,2012,CEBOLLA DE BULBO,TRANSITORIO,17.5,0.9375
NORTE DE SANTANDER,CHITAGA,0,804713577,503724925,2012,REPOLLO,TRANSITORIO,15.0,0.75
NORTE DE SANTANDER,CHINACOTA,0,0,0,2012,NARANJA,PERMANENTE,15.0,1.0
NARIÃ‘O,TUMACO,0,0,0,2012,BANANO,PERMANENTE,8.0,0.8780487804878049
NARIÃ‘O,PASTO,56,190411,13041,2012,ZANAHORIA,TRANSITORIO,33.5,0.9913793103448276
NARIÃ‘O,CHACHAGUI,0,456132240,194675520,2012,PAPA,TRANSITORIO,7.375,1.0
NARIÃ‘O,CHACHAGUI,52,104608920,100799280,2012,PAPA,TRANSITORIO,7.375,1.0
META,SAN MARTIN,0,645100,6864,2012,MAIZ FORRAJERO,TRANSITORIO,70.0,1.0
META,PUERTO LOPEZ,0,584834400,18963000,2012,PAPAYA,PERMANENTE,15.0,1.0
META,PUERTO LOPEZ,0,84555470,1440000,2012,PAPAYA,PERMANENTE,15.0,1.0
META,PUERTO LOPEZ,0,584834400,89152000,2012,PAPAYA,PERMANENTE,15.0,1.0
MAGDALENA,SANTA MARTA,0,135966050,21648000,2012,SABILA,PERMANENTE,25.0,1.0
MAGDALENA,SANTA MARTA,0,190400000,50700000,2012,SABILA,PERMANENTE,25.0,1.0
MAGDALENA,SANTA MARTA,0,81603300,25386000,2012,SABILA,PERMANENTE,25.0,1.0
MAGDALENA,SANTA MARTA,0,95205575,37925000,2012,SABILA,PERMANENTE,25.0,1.0
MAGDALENA,PLATO,0,285609447,0,2012,YUCA,ANUAL,6.3,0.5018820577164367
MAGDALENA,PIVIJAY,0,136008,10890,2012,PALMA DE ACEITE,PERMANENTE,3.4,0.7897934386391251
MAGDALENA,FUNDACION,0,95205600,26955600,2012,MELON,TRANSITORIO,8.4,0.9615384615384616
MAGDALENA,FUNDACION,0,299115,51870,2012,MELON,TRANSITORIO,8.4,0.9615384615384616
MAGDALENA,ARIGUANI,0,179067640,5865000,2012,YUCA,ANUAL,7.5,0.6459948320413437
MAGDALENA,ARIGUANI,0,258414900,15285000,2012,YUCA,ANUAL,7.5,0.6459948320413437
MAGDALENA,ARACATACA,0,95201300,19316400,2012,BANANO,PERMANENTE,34.0,1.0
MAGDALENA,ARACATACA,0,108773550,20901000,2012,BANANO,PERMANENTE,34.0,1.0
LA GUAJIRA,RIOHACHA,0,108437600,44400000,2012,YUCA,ANUAL,13.0,0.9701557093425606
LA GUAJIRA,RIOHACHA,0,374022000,38863000,2012,YUCA,ANUAL,13.0,0.9701557093425606
LA GUAJIRA,RIOHACHA,0,163109800,14664000,2012,YUCA,ANUAL,13.0,0.9701557093425606
LA GUAJIRA,RIOHACHA,0,285616600,17449000,2012,YUCA,ANUAL,13.0,0.9701557093425606
LA GUAJIRA,RIOHACHA,0,176810400,12520400,2012,YUCA,ANUAL,13.0,0.9701557093425606
LA GUAJIRA,RIOHACHA,0,149577500,26503000,2012,YUCA,ANUAL,13.0,0.9701557093425606
LA GUAJIRA,RIOHACHA,0,136008000,16346520,2012,YUCA,ANUAL,13.0,0.9701557093425606
LA GUAJIRA,RIOHACHA,0,544032000,34801080,2012,YUCA,ANUAL,13.0,0.9701557093425606
LA GUAJIRA,RIOHACHA,0,244812665,14976000,2012,YUCA,ANUAL,13.0,0.9701557093425606
LA GUAJIRA,MAICAO,0,816048000,49560000,2012,PATILLA,TRANSITORIO,19.0,0.868728184991274
LA GUAJIRA,EL MOLINO,0,1133400000,61440000,2012,ARRACACHA,ANUAL,8.0,1.0
LA GUAJIRA,EL MOLINO,0,190366800,12156000,2012,ARRACACHA,ANUAL,8.0,1.0
LA GUAJIRA,DIBULLA,0,312800400,22401600,2012,MALANGA,ANUAL,8.0,0.9
LA GUAJIRA,DIBULLA,0,285515800,42422400,2012,MALANGA,ANUAL,8.0,0.9
LA GUAJIRA,DIBULLA,0,680040,84876,2012,MALANGA,ANUAL,8.0,0.9
LA GUAJIRA,DIBULLA,0,108806400,17688000,2012,MALANGA,ANUAL,8.0,0.9
LA GUAJIRA,DIBULLA,0,340020000,16981333,2012,MALANGA,ANUAL,8.0,0.9
LA GUAJIRA,BARRANCAS,0,326398298,19848000,2012,YUCA,ANUAL,15.0,0.73
HUILA,PALERMO,0,122402097,31801950,2012,PAPAYA,PERMANENTE,12.0,1.0
HUILA,LA PLATA,0,663760250,81225000,2012,AGUACATE,PERMANENTE,12.0,0.36507936507936506
HUILA,LA PLATA,0,1337411984,182542500,2012,AGUACATE,PERMANENTE,12.0,0.36507936507936506
HUILA,LA PLATA,0,645235250,81225000,2012,AGUACATE,PERMANENTE,12.0,0.36507936507936506
HUILA,LA PLATA,0,487292000,44325000,2012,AGUACATE,PERMANENTE,12.0,0.36507936507936506
HUILA,LA PLATA,0,521204825,54292505,2012,AGUACATE,PERMANENTE,12.0,0.36507936507936506
HUILA,LA ARGENTINA,0,2527478,292838,2012,PIÑA,PERMANENTE,9.0,1.0
HUILA,GARZON,0,149422900,16830000,2012,PAPAYA,PERMANENTE,17.0,0.7647058823529411
CUNDINAMARCA,VENECIA,0,136008000,47924250,2012,TOMATE,TRANSITORIO,17.0,0.6923076923076923
CUNDINAMARCA,VENECIA,0,81604800,39757700,2012,TOMATE,TRANSITORIO,17.0,0.6923076923076923
CUNDINAMARCA,UBAQUE,0,2402808000,444230100,2012,PAPA,TRANSITORIO,12.0,0.9615384615384616
CUNDINAMARCA,PACHO,0,0,0,2012,PAPA,TRANSITORIO,14.0,0.8651368760064412
CUNDINAMARCA,PACHO,0,145991000,13095000,2012,PAPA,TRANSITORIO,14.0,0.8651368760064412
CUNDINAMARCA,PACHO,0,112543000,10500000,2012,PAPA,TRANSITORIO,14.0,0.8651368760064412
CUNDINAMARCA,PACHO,0,111568000,19500000,2012,PAPA,TRANSITORIO,14.0,0.8651368760064412
CUNDINAMARCA,PACHO,0,78368000,9652500,2012,PAPA,TRANSITORIO,14.0,0.8651368760064412
CUNDINAMARCA,PACHO,0,22660000,1620000,2012,PAPA,TRANSITORIO,14.0,0.8651368760064412
CUNDINAMARCA,PACHO,0,11315200,1620000,2012,PAPA,TRANSITORIO,14.0,0.8651368760064412
CUNDINAMARCA,PACHO,0,11299000,1320000,2012,PAPA,TRANSITORIO,14.0,0.8651368760064412
CUNDINAMARCA,PACHO,0,0,0,2012,PAPA,TRANSITORIO,14.0,0.8651368760064412
CUNDINAMARCA,PACHO,0,13590000,2452500,2012,PAPA,TRANSITORIO,14.0,0.8651368760064412
CUNDINAMARCA,PACHO,0,680040000,174000000,2012,PAPA,TRANSITORIO,14.0,0.8651368760064412
CUNDINAMARCA,PACHO,0,0,0,2012,PAPA,TRANSITORIO,14.0,0.8651368760064412
CUNDINAMARCA,FOMEQUE,0,1541424000,150052479,2012,PIMENTON,TRANSITORIO,5.75,1.0
CUNDINAMARCA,CABRERA,0,351354000,361602294,2012,GRANADILLA,PERMANENTE,7.0,0.8571428571428571
CUNDINAMARCA,CABRERA,0,544032000,608628907,2012,GRANADILLA,PERMANENTE,7.0,0.8571428571428571
CUNDINAMARCA,CABRERA,0,113340000,263296620,2012,GRANADILLA,PERMANENTE,7.0,0.8571428571428571
CUNDINAMARCA,CABRERA,0,362688000,449543027,2012,GRANADILLA,PERMANENTE,7.0,0.8571428571428571
CUNDINAMARCA,CABRERA,0,306018000,203111250,2012,GRANADILLA,PERMANENTE,7.0,0.8571428571428571
CORDOBA,TIERRALTA,0,353620800,55335240,2012,YUCA,ANUAL,16.0,1.0
CORDOBA,TIERRALTA,0,258415200,44589388,2012,YUCA,ANUAL,16.0,1.0
CORDOBA,TIERRALTA,0,163209608,16910000,2012,YUCA,ANUAL,16.0,1.0
CORDOBA,MONTELIBANO,0,163209600,13959300,2012,HORTALIZAS VARIAS,TRANSITORIO,5.0,0.7658045977011494
CORDOBA,MONTELIBANO,0,217590800,419200,2012,HORTALIZAS VARIAS,TRANSITORIO,5.0,0.7658045977011494
CORDOBA,LOS CORDOBAS,0,3105516000,572634000,2012,AHUYAMA,TRANSITORIO,10.0,1.0
CORDOBA,LOS CORDOBAS,0,278686400,52566400,2012,AHUYAMA,TRANSITORIO,10.0,1.0
CAUCA,TOTORO,0,226680000,42112000,2012,PAPA,TRANSITORIO,17.0975,0.8660714285714286
CAUCA,TIMBIQUI,0,566700000,229400000,2012,CHONTADURO,PERMANENTE,3.57,0.7
CAUCA,TIMBIO,0,952056000,341898058,2012,TOMATE,TRANSITORIO,20.0,0.8166666666666667
CAUCA,TIMBIO,200,1133400000,585700000,2012,TOMATE,TRANSITORIO,20.0,0.8166666666666667
CAUCA,SUAREZ,480,1356766000,30054000,2012,CAÑA PANELERA,PERMANENTE,4.0,0.6291866028708134
CAUCA,SAN SEBASTIAN,0,113340,18566,2012,HORTALIZAS VARIAS,TRANSITORIO,2.0,1.0
CAUCA,SAN SEBASTIAN,0,112305250,14407600,2012,HORTALIZAS VARIAS,TRANSITORIO,2.0,1.0
CAUCA,POPAYAN,0,306018000,224412000,2012,AGUACATE,PERMANENTE,11.0,1.0
CAUCA,GUAPI,0,1326078000,1943144400,2012,PLATANO,PERMANENTE,5.95,0.8390804597701149
CAUCA,CORINTO,0,487362000,67300580,2012,YUCA,ANUAL,12.5,1.0
CAUCA,CORINTO,0,249348000,91788152,2012,YUCA,ANUAL,12.5,1.0
CAQUETA,MILAN,0,67998800,33875000,2012,PLATANO,PERMANENTE,6.0,0.8827977315689981
CAQUETA,MILAN,0,414824400,165605000,2012,PLATANO,PERMANENTE,6.0,0.8827977315689981
CAQUETA,FLORENCIA,0,612036035,468131250,2012,YUCA,ANUAL,6.0,0.98
CAQUETA,CARTAGENA DEL CHAIRA,0,108806000,74375000,2012,YUCA,ANUAL,7.5,0.9375
CALDAS,VITERBO,0,758353962,173640000,2012,BANANO,PERMANENTE,40.0,1.0
CALDAS,LA DORADA,0,353620800,281081950,2012,MAIZ FORRAJERO,TRANSITORIO,72.50999999999999,0.8717171276502923
CALDAS,LA DORADA,0,136008000,142515000,2012,MAIZ FORRAJERO,TRANSITORIO,72.50999999999999,0.8717171276502923
CALDAS,LA DORADA,0,188144400,141521200,2012,MAIZ FORRAJERO,TRANSITORIO,72.50999999999999,0.8717171276502923
CALDAS,LA DORADA,72,204012000,308846000,2012,MAIZ FORRAJERO,TRANSITORIO,72.50999999999999,0.8717171276502923
BOYACA,VENTAQUEMADA,0,838705,214320,2012,CEBOLLA DE BULBO,TRANSITORIO,15.0,0.8333333333333334
BOYACA,SAN MATEO,0,285900024,108000036,2012,TRIGO,TRANSITORIO,1.25,1.0
BOLIVAR,SAN JACINTO,0,136008000,22260000,2012,ÑAME,ANUAL,12.0,1.0
BOLIVAR,SAN JACINTO,0,745326900,301089000,2012,ÑAME,ANUAL,12.0,1.0
BOLIVAR,SAN JACINTO,0,380819860,54148800,2012,ÑAME,ANUAL,12.0,1.0
BOLIVAR,SAN JACINTO,0,380822400,111238600,2012,ÑAME,ANUAL,12.0,1.0
BOLIVAR,SAN JACINTO,0,258415200,105303800,2012,ÑAME,ANUAL,12.0,1.0
BOLIVAR,EL CARMEN DE BOLIVAR,0,272016000,65754000,2012,ÑAME,ANUAL,13.0,1.0
BOLIVAR,EL CARMEN DE BOLIVAR,0,0,0,2012,ÑAME,ANUAL,13.0,1.0
BOLIVAR,EL CARMEN DE BOLIVAR,0,748044000,221088500,2012,ÑAME,ANUAL,13.0,1.0
ATLANTICO,SABANALARGA,0,612022,20693,2012,PIÑA,PERMANENTE,36.0,1.0
ATLANTICO,REPELON,0,646038,30062493,2012,TOMATE,TRANSITORIO,20.0,1.0
ATLANTICO,PIOJO,0,231213600,23401500,2012,AHUYAMA,TRANSITORIO,4.5,0.7272727272727273
ATLANTICO,PIOJO,0,272001445,11466300,2012,AHUYAMA,TRANSITORIO,4.5,0.7272727272727273
ATLANTICO,MALAMBO,0,122334000,27697087,2012,SABILA,PERMANENTE,40.0,0.5
ATLANTICO,CANDELARIA,0,249348,15817,2012,YUCA,ANUAL,6.5,0.5714285714285714
ATLANTICO,CANDELARIA,0,147335000,31245189,2012,YUCA,ANUAL,6.5,0.5714285714285714
ATLANTICO,CANDELARIA,0,147342,7508,2012,YUCA,ANUAL,6.5,0.5714285714285714
CHOCO,CARMEN DEL DARIÉN,35,250000000,513500000,2017,PLATANO,PERMANENTE,6.472403314917125,0.8317325445740518
CHOCO,BAGADÓ,73,346452142,524040000,2017,PLATANO,PERMANENTE,6.472403314917125,0.8317325445740518
CHOCO,BAGADÓ,73,346452142,524040000,2017,PLATANO,PERMANENTE,6.472403314917125,0.8317325445740518
CHOCO,BAGADÓ,73,346452142,524040000,2017,PLATANO,PERMANENTE,6.472403314917125,0.8317325445740518
CAUCA,TORIBÍO,20,197000000,71010000,2016,TOMATE,TRANSITORIO,33.21751811594203,0.9280274319951272
CAUCA,TORIBÍO,20,197000000,71010000,2016,TOMATE,TRANSITORIO,33.21751811594203,0.9280274319951272
CAUCA,TORIBÍO,20,197000000,71010000,2016,TOMATE,TRANSITORIO,33.21751811594203,0.9280274319951272
ATLANTICO,"LURUACO, PONEDERA",140,1505613100,350547400,2017,MANGO,PERMANENTE,13.72109004739337,0.6851822221355623
CAUCA,"SANTANDER DE QUILICHAO, TORIBÍO",16,410400000,189208102,2016,TOMATE,TRANSITORIO,33.21751811594203,0.9280274319951272
CAUCA,"SANTANDER DE QUILICHAO, TORIBÍO",16,410400000,189208102,2016,TOMATE,TRANSITORIO,33.21751811594203,0.9280274319951272
CAUCA,"SANTANDER DE QUILICHAO, TORIBÍO",16,410400000,189208102,2016,TOMATE,TRANSITORIO,33.21751811594203,0.9280274319951272
CAUCA,"SANTANDER DE QUILICHAO, TORIBÍO",16,410400000,189208102,2016,TOMATE,TRANSITORIO,33.21751811594203,0.9280274319951272
CAUCA,"SANTANDER DE QUILICHAO, TORIBÍO",16,410400000,189208102,2016,TOMATE,TRANSITORIO,33.21751811594203,0.9280274319951272
CHOCO,"ALTO BAUDÓ, MEDIO BAUDÓ Y TADO",300,1500000000,1632000000,2017,CACAO,PERMANENTE,0.36718181818181755,0.5788464676908923
CHOCO,BAGADÓ,72,278014950,134900000,2017,PLATANO,PERMANENTE,6.472403314917125,0.8317325445740518
CHOCO,BAGADÓ,72,278014950,134900000,2017,PLATANO,PERMANENTE,6.472403314917125,0.8317325445740518
CALDAS,ARANZÁZU,50,500000000,130250000,2016,CAFE,PERMANENTE,1.1509666666666671,0.8246049148838842
CALDAS,ARANZÁZU,50,500000000,130250000,2016,CAFE,PERMANENTE,1.1509666666666671,0.8246049148838842
MAGDALENA,PLATO,160,1500000000,336000000,2017,ÑAME,ANUAL,7.466666666666667,0.7693296808716253
CORDOBA,"PUERTO ESCONDIDO, SAN BERNARDO DEL VIENTO",66,999993000,122760000,2017,PLATANO,PERMANENTE,7.946690140845069,0.8635880044313673
HUILA,"PITAL, EL AGRADO",27,353046000,115290000,2017,CAFE,PERMANENTE,1.1607857142857163,0.7912160020615535
CALDAS,"AGUADAS, SALAMINA, MANZANARES, PENSILVANIA, MERCED, SUPÍA",291,1499984371,166700718,2016,AGUACATE,PERMANENTE,9.664391143911438,0.6107572810302274
CALDAS,"MANZANARES, AGUADAS, SAMANÁ",156,1972185600,422136000,2017,AGUACATE,PERMANENTE,9.664391143911438,0.6107572810302274
CUNDINAMARCA,"TOPAIPÍ, PACHO, SAN ANTONIO DE TEQUENDAMA, CABRERA, CHOACHÍ, GAMA, GACHALÁ, GACHETÁ, PANDI, PASCA, FOSCA, FUSAGASUGÁ, EL COLEGIO",170,2479938287,912830408,2017,AGUACATE,PERMANENTE,6.624626865671644,0.5563069963213686
META,"ACACÍAS, RESTREPO, CUMARAL, GUAMAL, CABUYARO, PUERTO LÓPEZ",148,1476660080,489288000,2017,PLATANO,PERMANENTE,15.052385321100918,0.8397589381991163
META,"ACACÍAS, RESTREPO, CUMARAL, GUAMAL, CABUYARO, PUERTO LÓPEZ",148,1476660080,489288000,2017,PLATANO,PERMANENTE,15.052385321100918,0.8397589381991163
SANTANDER,"CURITÍ, CABRERA, JORDÁN, CEPITA, GALÁN",128,2000000000,391568000,2017,TANGELO,PERMANENTE,10.375,0.34659204750368844
SANTANDER,"CURITÍ, CABRERA, JORDÁN, CEPITA, GALÁN",128,2000000000,391568000,2017,TANGELO,PERMANENTE,10.375,0.34659204750368844
CHOCO,BAGADÓ,127,336281247,184327940,2017,PLATANO,PERMANENTE,6.472403314917125,0.8317325445740518
CHOCO,BAGADÓ,127,336281247,184327940,2017,PLATANO,PERMANENTE,6.472403314917125,0.8317325445740518
CHOCO,BAGADÓ,124,418498400,120116000,2017,PLATANO,PERMANENTE,6.472403314917125,0.8317325445740518
CHOCO,BAGADÓ,124,418498400,120116000,2017,PLATANO,PERMANENTE,6.472403314917125,0.8317325445740518
HUILA,ÍQUIRA,53,375495000,78145000,2017,CAFE,PERMANENTE,1.1607857142857163,0.7912160020615535
CORDOBA,MONTERÍA,93,1000000000,314340000,2017,PLATANO,PERMANENTE,7.946690140845069,0.8635880044313673
TOLIMA,LÍBANO,30,200000000,106200000,2017,CAFE,PERMANENTE,0.9529046563192901,0.8537188919852686
TOLIMA,LÍBANO,30,200000000,106200000,2017,CAFE,PERMANENTE,0.9529046563192901,0.8537188919852686
BOLIVAR,"SAN JACINTO, SAN JUAN NEPOMUCENO",205,1979133000,445252000,2017,MAIZ,TRANSITORIO,1.5274977497749782,0.7767031844481462
BOYACA,"CÓMBITA, BELÉN, TUTAZÁ, VENTAQUEMADA, TUNJA, SORACÁ, TURMEQUÉ, TOCA, VIRACACHA, MOTAVITA, GUICAN, ÚMBITA, TUTA, SIACHOQUE, SAMACÁ, AQUITANIA, CUCAITA",347,3618584000,1455284620,2017,PAPA,TRANSITORIO,14.13967684021544,0.9421033946781157
META,"EL DORADO, EL CASTILLO, CASTILLA, LA NUVA, VISTA HERMOSA",87,906940020,264915000,2017,PLATANO,PERMANENTE,15.052385321100918,0.8397589381991163
META,"EL DORADO, EL CASTILLO, CASTILLA, LA NUVA, VISTA HERMOSA",87,906940020,264915000,2017,PLATANO,PERMANENTE,15.052385321100918,0.8397589381991163
BOLIVAR,"CARMEN DE BOLÍVAR, SAN JUAN NEPOMUCENO Y SAN JACINTO",133,2143671000,296640000,2017,MAIZ,TRANSITORIO,1.5274977497749782,0.7767031844481462
BOLIVAR,"CARMEN DE BOLÍVAR, SAN JUAN NEPOMUCENO Y SAN JACINTO",133,2143671000,296640000,2017,MAIZ,TRANSITORIO,1.5274977497749782,0.7767031844481462
CHOCO,MEDIO BAUDÓ,30,249869700,159600000,2017,PLATANO,PERMANENTE,6.472403314917125,0.8317325445740518
CHOCO,MEDIO BAUDÓ,30,249869700,159600000,2017,PLATANO,PERMANENTE,6.472403314917125,0.8317325445740518
CUNDINAMARCA,GUTIÉRREZ,93,566214100,262245320,2017,FRIJOL,TRANSITORIO,1.4449160908193495,0.918845004301724
CALDAS,"SAMANÁ, VICTORIA",353,999522000,529500000,2017,AGUACATE,PERMANENTE,9.664391143911438,0.6107572810302274
CALDAS,"SAMANÁ, VICTORIA",353,999522000,529500000,2017,AGUACATE,PERMANENTE,9.664391143911438,0.6107572810302274
CALDAS,"SAMANÁ, VICTORIA",353,999522000,529500000,2017,AGUACATE,PERMANENTE,9.664391143911438,0.6107572810302274
ARAUCA,"TAME, FORTUL",25,375523000,185194000,2018,MARACUYA,PERMANENTE,17.633548387096774,0.8244968117553494
ANTIOQUIA,DON MATÍAS,20,530010000,71400000,2017,AGUACATE,PERMANENTE,7.915741839762616,0.5693556769983522
ANTIOQUIA,YARUMAL,30,496060000,78225000,2017,FRESA,PERMANENTE,30.813076923076927,0.8494863818537305
CORDOBA,"LOS CORDOBAS
MOÑITOS",79,997569966,379200000,2019,PLATANO,PERMANENTE,7.946690140845069,0.8635880044313673
GUAINIA,"BARRANCO MINAS,
INÍRIDA,
MAPIRIPANA,
CUMARIBO",90,731834400,634457600,2017,CACAO,PERMANENTE,0.3433333333333333,0.4777031287893631
GUAINIA,"BARRANCO MINAS,
INÍRIDA,
MAPIRIPANA,
CUMARIBO",90,731834400,634457600,2017,CACAO,PERMANENTE,0.3433333333333333,0.4777031287893631
CESAR,"La Jagua de Ibirico, Chimichagua y Agustín Codazzi",48,731059536,250892720,2019,FRIJOL,TRANSITORIO,0.6851834862385331,0.8322225630622742
CESAR,"La Jagua de Ibirico, Chimichagua y Agustín Codazzi",48,731059536,250892720,2019,FRIJOL,TRANSITORIO,0.6851834862385331,0.8322225630622742
NORTE DE SANTANDER,LA PLAYA DE BELÉN,69,494040000,421500000,2017,FRIJOL,TRANSITORIO,1.3801149425287367,0.963719897720433
NORTE DE SANTANDER,"OCAÑA,
CÁCHIRA",69,715210000,144491000,2018,MARACUYA,PERMANENTE,9.8510989010989,0.8180889009191573
NORTE DE SANTANDER,"OCAÑA,
CÁCHIRA",69,715210000,144491000,2018,MARACUYA,PERMANENTE,9.8510989010989,0.8180889009191573
NORTE DE SANTANDER,"OCAÑA,
CÁCHIRA",69,715210000,144491000,2018,MARACUYA,PERMANENTE,9.8510989010989,0.8180889009191573
NORTE DE SANTANDER,"OCAÑA,
CÁCHIRA",69,715210000,144491000,2018,MARACUYA,PERMANENTE,9.8510989010989,0.8180889009191573
NORTE DE SANTANDER,CONVENCIÓN,39,345194000,128910000,2017,PLATANO,PERMANENTE,6.617921052631577,0.9472530625198595
CAUCA,INZÁ,400,2966390566,342479053,2019,CAFE,PERMANENTE,0.8981842105263145,0.8118447888203394
CAUCA,INZÁ,400,2966390566,342479053,2019,CAFE,PERMANENTE,0.8981842105263145,0.8118447888203394
VALLE DEL CAUCA,BUENAVENTURA,262,2801926566,956060000,2019,COCO,PERMANENTE,11.948333333333332,0.9923325663814614
VALLE DEL CAUCA,BUENAVENTURA,262,2801926566,956060000,2019,COCO,PERMANENTE,11.948333333333332,0.9923325663814614
VALLE DEL CAUCA,BUENAVENTURA,262,2801926566,956060000,2019,COCO,PERMANENTE,11.948333333333332,0.9923325663814614
CUNDINAMARCA,"Susa, Carmen de Carupa, La Calera, Subachoque, Zipacón, Chocontá y Zipaquirá",220,3085065566,1478103000,2019,PAPA,TRANSITORIO,18.169860568878978,0.9378379215144143
BOYACA,"COPER, MUZO, OTANCHE, SAN PABLO DE BORBUR",241,1598290566,678030000,2019,AGUACATE,PERMANENTE,7.352641509433964,0.5899752274192478
VICHADA,"SANTA ROSALÍA, LA PRIMAVERA",150,1713390566,724500000,2019,PLATANO,PERMANENTE,5.719791666666666,0.8748588342342436
VICHADA,"SANTA ROSALÍA, LA PRIMAVERA",150,1713390566,724500000,2019,PLATANO,PERMANENTE,5.719791666666666,0.8748588342342436
CALDAS,SAN JOSÉ,48,291926566,196880000,2019,PLATANO,PERMANENTE,11.266837349397584,0.8472913042289394
VALLE DEL CAUCA,GUADALAJARA DE BUGA,20,40000000,14675000,2015,AGUACATE,PERMANENTE,9.963549160671459,0.7718659885654117
VALLE DEL CAUCA,GUADALAJARA DE BUGA,52,200928000,27774306,2015,AGUACATE,PERMANENTE,9.963549160671459,0.7718659885654117
PUTUMAYO,VALLE GUAMUEZ,88,215590800,125520000,2015,PLATANO,PERMANENTE,5.554907407407406,0.8846098762896838
PUTUMAYO,PUERTO  LEGUIZAMO,84,0,0,2015,PLATANO,PERMANENTE,5.554907407407406,0.8846098762896838
VALLE DEL CAUCA,GUADALAJARA DE BUGA,52,0,0,2014,AGUACATE,PERMANENTE,9.963549160671459,0.7718659885654117
PUTUMAYO,VALLE GUAMUEZ,60,221727700,84960000,2014,PLATANO,PERMANENTE,5.554907407407406,0.8846098762896838
MAGDALENA,SAN SEBASTIAN BUENAV,0,0,0,2014,ARROZ,TRANSITORIO,4.978828828828828,0.9281871745688999
CAQUETA,LA MONTAÑITA,24,88701600,36690000,2014,CHONTADURO,PERMANENTE,4.194513274336283,0.8431717268882644
CAQUETA,LA MONTAÑITA,72,221760000,183000000,2014,CHONTADURO,PERMANENTE,4.194513274336283,0.8431717268882644
CAQUETA,LA MONTAÑITA,68,208817600,84420000,2014,CHONTADURO,PERMANENTE,4.194513274336283,0.8431717268882644
CAQUETA,LA MONTAÑITA,60,221759890,114379375,2014,CHONTADURO,PERMANENTE,4.194513274336283,0.8431717268882644
VALLE DEL CAUCA,GUADALAJARA DE BUGA,80,282955000,53310000,2013,AGUACATE,PERMANENTE,9.963549160671459,0.7718659885654117
PUTUMAYO,VALLE GUAMUEZ,200,589497660,388350000,2013,PLATANO,PERMANENTE,5.554907407407406,0.8846098762896838
CAQUETA,SAN VICENTE DEL CAGUÁN,20,58945150,17834400,2013,CHONTADURO,PERMANENTE,4.194513274336283,0.8431717268882644
CAQUETA,SAN VICENTE DEL CAGUÁN,20,73054800,12600000,2013,CHONTADURO,PERMANENTE,4.194513274336283,0.8431717268882644
CAQUETA,BELEN DE LOS ANDAQUI,24,99028899,32020650,2013,CHONTADURO,PERMANENTE,4.194513274336283,0.8431717268882644
BOYACA,PISVA,196,577704174,467664844,2013,MAIZ,TRANSITORIO,1.3416312056737631,0.9253526486470531
ATLANTICO,TUBARÁ,48,141412000,121400000,2013,MAIZ,TRANSITORIO,1.2431861804222644,0.724766555061376
CAQUETA,SAN VICENTE DEL CAGUÁN,0,95205600,65750000,2012,CHONTADURO,PERMANENTE,4.194513274336283,0.8431717268882644
ATLANTICO,TUBARÁ,0,734027450,612011450,2012,MAIZ,TRANSITORIO,1.2431861804222644,0.724766555061376
ATLANTICO,TUBARÁ,0,143911620,29273640,2012,MAIZ,TRANSITORIO,1.2431861804222644,0.724766555061376
ATLANTICO,TUBARÁ,0,374021968,93129000,2012,MAIZ,TRANSITORIO,1.2431861804222644,0.724766555061376
