Año,Mes,Cultivo,Índice,Subclase
2018,9,ARROZ,100.0,ARROZ
2018,9,LACTEO,98.81,OTROS DERIVADOS LACTEOS
2018,9,NARANJA,108.64,NARANJAS
2018,9,BANANO,108.64,BANANOS
2018,9,TOMATE DE ARBOL,108.64,TOMATE DE ARBOL
2018,9,MORA,108.64,MORAS
2018,9,PAPA,97.03,PAPA
2018,9,YUCA,97.03,YUCA
2018,9,PLATANO,97.03,PLATANO
2018,9,CEBOLLA,97.03,CEBOLLA
2018,9,TOMATE,97.03,TOMATE
2018,9,ZANAHORIA,97.03,ZANAHORIA
2018,9,FRIJOL,97.03,FRIJOL
2018,9,ARVEJA,97.03,ARVEJA
2018,9,CAFE,99.65,CAFE
2018,8,ARROZ,99.96,ARROZ
2018,8,LACTEO,98.37,OTROS DERIVADOS LACTEOS
2018,8,NARANJA,101.22,NARANJAS
2018,8,BANANO,101.22,BANANOS
2018,8,TOMATE DE ARBOL,101.22,TOMATE DE ARBOL
2018,8,MORA,101.22,MORAS
2018,8,PAPA,97.62,PAPA
2018,8,YUCA,97.62,YUCA
2018,8,PLATANO,97.62,PLATANO
2018,8,CEBOLLA,97.62,CEBOLLA
2018,8,TOMATE,97.62,TOMATE
2018,8,ZANAHORIA,97.62,ZANAHORIA
2018,8,FRIJOL,97.62,FRIJOL
2018,8,ARVEJA,97.62,ARVEJA
2018,8,CAFE,100.08,CAFE
2018,7,ARROZ,99.89,ARROZ
2018,7,LACTEO,98.31,OTROS DERIVADOS LACTEOS
2018,7,NARANJA,96.89,NARANJAS
2018,7,BANANO,96.89,BANANOS
2018,7,TOMATE DE ARBOL,96.89,TOMATE DE ARBOL
2018,7,MORA,96.89,MORAS
2018,7,PAPA,99.12,PAPA
2018,7,YUCA,99.12,YUCA
2018,7,PLATANO,99.12,PLATANO
2018,7,CEBOLLA,99.12,CEBOLLA
2018,7,TOMATE,99.12,TOMATE
2018,7,ZANAHORIA,99.12,ZANAHORIA
2018,7,FRIJOL,99.12,FRIJOL
2018,7,ARVEJA,99.12,ARVEJA
2018,7,CAFE,99.93,CAFE
2018,6,ARROZ,100.02,ARROZ
2018,6,LACTEO,98.54,OTROS DERIVADOS LACTEOS
2018,6,NARANJA,100.26,NARANJAS
2018,6,BANANO,100.26,BANANOS
2018,6,TOMATE DE ARBOL,100.26,TOMATE DE ARBOL
2018,6,MORA,100.26,MORAS
2018,6,PAPA,101.98,PAPA
2018,6,YUCA,101.98,YUCA
2018,6,PLATANO,101.98,PLATANO
2018,6,CEBOLLA,101.98,CEBOLLA
2018,6,TOMATE,101.98,TOMATE
2018,6,ZANAHORIA,101.98,ZANAHORIA
2018,6,FRIJOL,101.98,FRIJOL
2018,6,ARVEJA,101.98,ARVEJA
2018,6,CAFE,100.1,CAFE
2018,5,ARROZ,99.75,ARROZ
2018,5,LACTEO,98.49,OTROS DERIVADOS LACTEOS
2018,5,NARANJA,101.78,NARANJAS
2018,5,BANANO,101.78,BANANOS
2018,5,TOMATE DE ARBOL,101.78,TOMATE DE ARBOL
2018,5,MORA,101.78,MORAS
2018,5,PAPA,101.62,PAPA
2018,5,YUCA,101.62,YUCA
2018,5,PLATANO,101.62,PLATANO
2018,5,CEBOLLA,101.62,CEBOLLA
2018,5,TOMATE,101.62,TOMATE
2018,5,ZANAHORIA,101.62,ZANAHORIA
2018,5,FRIJOL,101.62,FRIJOL
2018,5,ARVEJA,101.62,ARVEJA
2018,5,CAFE,100.42,CAFE
2018,4,ARROZ,99.19,ARROZ
2018,4,LACTEO,98.29,OTROS DERIVADOS LACTEOS
2018,4,NARANJA,103.9,NARANJAS
2018,4,BANANO,103.9,BANANOS
2018,4,TOMATE DE ARBOL,103.9,TOMATE DE ARBOL
2018,4,MORA,103.9,MORAS
2018,4,PAPA,101.72,PAPA
2018,4,YUCA,101.72,YUCA
2018,4,PLATANO,101.72,PLATANO
2018,4,CEBOLLA,101.72,CEBOLLA
2018,4,TOMATE,101.72,TOMATE
2018,4,ZANAHORIA,101.72,ZANAHORIA
2018,4,FRIJOL,101.72,FRIJOL
2018,4,ARVEJA,101.72,ARVEJA
2018,4,CAFE,99.9,CAFE
2018,3,ARROZ,98.43,ARROZ
2018,3,LACTEO,97.98,OTROS DERIVADOS LACTEOS
2018,3,NARANJA,101.39,NARANJAS
2018,3,BANANO,101.39,BANANOS
2018,3,TOMATE DE ARBOL,101.39,TOMATE DE ARBOL
2018,3,MORA,101.39,MORAS
2018,3,PAPA,99.25,PAPA
2018,3,YUCA,99.25,YUCA
2018,3,PLATANO,99.25,PLATANO
2018,3,CEBOLLA,99.25,CEBOLLA
2018,3,TOMATE,99.25,TOMATE
2018,3,ZANAHORIA,99.25,ZANAHORIA
2018,3,FRIJOL,99.25,FRIJOL
2018,3,ARVEJA,99.25,ARVEJA
2018,3,CAFE,99.58,CAFE
2018,2,ARROZ,98.67,ARROZ
2018,2,LACTEO,98.23,OTROS DERIVADOS LACTEOS
2018,2,NARANJA,95.27,NARANJAS
2018,2,BANANO,95.27,BANANOS
2018,2,TOMATE DE ARBOL,95.27,TOMATE DE ARBOL
2018,2,MORA,95.27,MORAS
2018,2,PAPA,99.1,PAPA
2018,2,YUCA,99.1,YUCA
2018,2,PLATANO,99.1,PLATANO
2018,2,CEBOLLA,99.1,CEBOLLA
2018,2,TOMATE,99.1,TOMATE
2018,2,ZANAHORIA,99.1,ZANAHORIA
2018,2,FRIJOL,99.1,FRIJOL
2018,2,ARVEJA,99.1,ARVEJA
2018,2,CAFE,99.52,CAFE
2018,12,ARROZ,100.0,ARROZ
2018,12,LACTEO,100.0,OTROS DERIVADOS LACTEOS
2018,12,NARANJA,100.0,NARANJAS
2018,12,BANANO,100.0,BANANOS
2018,12,TOMATE DE ARBOL,100.0,TOMATE DE ARBOL
2018,12,MORA,100.0,MORAS
2018,12,PAPA,100.0,PAPA
2018,12,YUCA,100.0,YUCA
2018,12,PLATANO,100.0,PLATANO
2018,12,CEBOLLA,100.0,CEBOLLA
2018,12,TOMATE,100.0,TOMATE
2018,12,ZANAHORIA,100.0,ZANAHORIA
2018,12,FRIJOL,100.0,FRIJOL
2018,12,ARVEJA,100.0,ARVEJA
2018,12,CAFE,100.0,CAFE
2018,11,ARROZ,99.84,ARROZ
2018,11,LACTEO,99.44,OTROS DERIVADOS LACTEOS
2018,11,NARANJA,104.43,NARANJAS
2018,11,BANANO,104.43,BANANOS
2018,11,TOMATE DE ARBOL,104.43,TOMATE DE ARBOL
2018,11,MORA,104.43,MORAS
2018,11,PAPA,97.77,PAPA
2018,11,YUCA,97.77,YUCA
2018,11,PLATANO,97.77,PLATANO
2018,11,CEBOLLA,97.77,CEBOLLA
2018,11,TOMATE,97.77,TOMATE
2018,11,ZANAHORIA,97.77,ZANAHORIA
2018,11,FRIJOL,97.77,FRIJOL
2018,11,ARVEJA,97.77,ARVEJA
2018,11,CAFE,100.19,CAFE
2018,10,ARROZ,99.76,ARROZ
2018,10,LACTEO,99.02,OTROS DERIVADOS LACTEOS
2018,10,NARANJA,110.93,NARANJAS
2018,10,BANANO,110.93,BANANOS
2018,10,TOMATE DE ARBOL,110.93,TOMATE DE ARBOL
2018,10,MORA,110.93,MORAS
2018,10,PAPA,96.81,PAPA
2018,10,YUCA,96.81,YUCA
2018,10,PLATANO,96.81,PLATANO
2018,10,CEBOLLA,96.81,CEBOLLA
2018,10,TOMATE,96.81,TOMATE
2018,10,ZANAHORIA,96.81,ZANAHORIA
2018,10,FRIJOL,96.81,FRIJOL
2018,10,ARVEJA,96.81,ARVEJA
2018,10,CAFE,99.58,CAFE
2018,1,ARROZ,98.93,ARROZ
2018,1,LACTEO,98.21,OTROS DERIVADOS LACTEOS
2018,1,NARANJA,92.16,NARANJAS
2018,1,BANANO,92.16,BANANOS
2018,1,TOMATE DE ARBOL,92.16,TOMATE DE ARBOL
2018,1,MORA,92.16,MORAS
2018,1,PAPA,100.27,PAPA
2018,1,YUCA,100.27,YUCA
2018,1,PLATANO,100.27,PLATANO
2018,1,CEBOLLA,100.27,CEBOLLA
2018,1,TOMATE,100.27,TOMATE
2018,1,ZANAHORIA,100.27,ZANAHORIA
2018,1,FRIJOL,100.27,FRIJOL
2018,1,ARVEJA,100.27,ARVEJA
2018,1,CAFE,98.7,CAFE
2017,9,ARROZ,101.67,ARROZ
2017,9,LACTEO,97.26,OTROS DERIVADOS LACTEOS
2017,9,NARANJA,100.15,NARANJAS
2017,9,BANANO,100.15,BANANOS
2017,9,TOMATE DE ARBOL,100.15,TOMATE DE ARBOL
2017,9,MORA,100.15,MORAS
2017,9,PAPA,89.68,PAPA
2017,9,YUCA,89.68,YUCA
2017,9,PLATANO,89.68,PLATANO
2017,9,CEBOLLA,89.68,CEBOLLA
2017,9,TOMATE,89.68,TOMATE
2017,9,ZANAHORIA,89.68,ZANAHORIA
2017,9,FRIJOL,89.68,FRIJOL
2017,9,ARVEJA,89.68,ARVEJA
2017,9,CAFE,97.01,CAFE
2017,8,ARROZ,103.43,ARROZ
2017,8,LACTEO,97.15,OTROS DERIVADOS LACTEOS
2017,8,NARANJA,95.78,NARANJAS
2017,8,BANANO,95.78,BANANOS
2017,8,TOMATE DE ARBOL,95.78,TOMATE DE ARBOL
2017,8,MORA,95.78,MORAS
2017,8,PAPA,93.09,PAPA
2017,8,YUCA,93.09,YUCA
2017,8,PLATANO,93.09,PLATANO
2017,8,CEBOLLA,93.09,CEBOLLA
2017,8,TOMATE,93.09,TOMATE
2017,8,ZANAHORIA,93.09,ZANAHORIA
2017,8,FRIJOL,93.09,FRIJOL
2017,8,ARVEJA,93.09,ARVEJA
2017,8,CAFE,96.9,CAFE
2017,7,ARROZ,103.71,ARROZ
2017,7,LACTEO,96.7,OTROS DERIVADOS LACTEOS
2017,7,NARANJA,90.19,NARANJAS
2017,7,BANANO,90.19,BANANOS
2017,7,TOMATE DE ARBOL,90.19,TOMATE DE ARBOL
2017,7,MORA,90.19,MORAS
2017,7,PAPA,96.17,PAPA
2017,7,YUCA,96.17,YUCA
2017,7,PLATANO,96.17,PLATANO
2017,7,CEBOLLA,96.17,CEBOLLA
2017,7,TOMATE,96.17,TOMATE
2017,7,ZANAHORIA,96.17,ZANAHORIA
2017,7,FRIJOL,96.17,FRIJOL
2017,7,ARVEJA,96.17,ARVEJA
2017,7,CAFE,97.36,CAFE
2017,6,ARROZ,103.84,ARROZ
2017,6,LACTEO,96.78,OTROS DERIVADOS LACTEOS
2017,6,NARANJA,87.48,NARANJAS
2017,6,BANANO,87.48,BANANOS
2017,6,TOMATE DE ARBOL,87.48,TOMATE DE ARBOL
2017,6,MORA,87.48,MORAS
2017,6,PAPA,97.19,PAPA
2017,6,YUCA,97.19,YUCA
2017,6,PLATANO,97.19,PLATANO
2017,6,CEBOLLA,97.19,CEBOLLA
2017,6,TOMATE,97.19,TOMATE
2017,6,ZANAHORIA,97.19,ZANAHORIA
2017,6,FRIJOL,97.19,FRIJOL
2017,6,ARVEJA,97.19,ARVEJA
2017,6,CAFE,97.82,CAFE
2017,5,ARROZ,104.33,ARROZ
2017,5,LACTEO,97.23,OTROS DERIVADOS LACTEOS
2017,5,NARANJA,93.28,NARANJAS
2017,5,BANANO,93.28,BANANOS
2017,5,TOMATE DE ARBOL,93.28,TOMATE DE ARBOL
2017,5,MORA,93.28,MORAS
2017,5,PAPA,95.63,PAPA
2017,5,YUCA,95.63,YUCA
2017,5,PLATANO,95.63,PLATANO
2017,5,CEBOLLA,95.63,CEBOLLA
2017,5,TOMATE,95.63,TOMATE
2017,5,ZANAHORIA,95.63,ZANAHORIA
2017,5,FRIJOL,95.63,FRIJOL
2017,5,ARVEJA,95.63,ARVEJA
2017,5,CAFE,98.71,CAFE
2017,4,ARROZ,104.66,ARROZ
2017,4,LACTEO,97.34,OTROS DERIVADOS LACTEOS
2017,4,NARANJA,96.61,NARANJAS
2017,4,BANANO,96.61,BANANOS
2017,4,TOMATE DE ARBOL,96.61,TOMATE DE ARBOL
2017,4,MORA,96.61,MORAS
2017,4,PAPA,93.57,PAPA
2017,4,YUCA,93.57,YUCA
2017,4,PLATANO,93.57,PLATANO
2017,4,CEBOLLA,93.57,CEBOLLA
2017,4,TOMATE,93.57,TOMATE
2017,4,ZANAHORIA,93.57,ZANAHORIA
2017,4,FRIJOL,93.57,FRIJOL
2017,4,ARVEJA,93.57,ARVEJA
2017,4,CAFE,98.8,CAFE
2017,3,ARROZ,104.65,ARROZ
2017,3,LACTEO,97.51,OTROS DERIVADOS LACTEOS
2017,3,NARANJA,95.12,NARANJAS
2017,3,BANANO,95.12,BANANOS
2017,3,TOMATE DE ARBOL,95.12,TOMATE DE ARBOL
2017,3,MORA,95.12,MORAS
2017,3,PAPA,93.12,PAPA
2017,3,YUCA,93.12,YUCA
2017,3,PLATANO,93.12,PLATANO
2017,3,CEBOLLA,93.12,CEBOLLA
2017,3,TOMATE,93.12,TOMATE
2017,3,ZANAHORIA,93.12,ZANAHORIA
2017,3,FRIJOL,93.12,FRIJOL
2017,3,ARVEJA,93.12,ARVEJA
2017,3,CAFE,99.45,CAFE
2017,2,ARROZ,105.0,ARROZ
2017,2,LACTEO,97.77,OTROS DERIVADOS LACTEOS
2017,2,NARANJA,88.0,NARANJAS
2017,2,BANANO,88.0,BANANOS
2017,2,TOMATE DE ARBOL,88.0,TOMATE DE ARBOL
2017,2,MORA,88.0,MORAS
2017,2,PAPA,95.12,PAPA
2017,2,YUCA,95.12,YUCA
2017,2,PLATANO,95.12,PLATANO
2017,2,CEBOLLA,95.12,CEBOLLA
2017,2,TOMATE,95.12,TOMATE
2017,2,ZANAHORIA,95.12,ZANAHORIA
2017,2,FRIJOL,95.12,FRIJOL
2017,2,ARVEJA,95.12,ARVEJA
2017,2,CAFE,99.46,CAFE
2017,12,ARROZ,98.95,ARROZ
2017,12,LACTEO,97.61,OTROS DERIVADOS LACTEOS
2017,12,NARANJA,89.3,NARANJAS
2017,12,BANANO,89.3,BANANOS
2017,12,TOMATE DE ARBOL,89.3,TOMATE DE ARBOL
2017,12,MORA,89.3,MORAS
2017,12,PAPA,95.45,PAPA
2017,12,YUCA,95.45,YUCA
2017,12,PLATANO,95.45,PLATANO
2017,12,CEBOLLA,95.45,CEBOLLA
2017,12,TOMATE,95.45,TOMATE
2017,12,ZANAHORIA,95.45,ZANAHORIA
2017,12,FRIJOL,95.45,FRIJOL
2017,12,ARVEJA,95.45,ARVEJA
2017,12,CAFE,98.01,CAFE
2017,11,ARROZ,99.2,ARROZ
2017,11,LACTEO,97.41,OTROS DERIVADOS LACTEOS
2017,11,NARANJA,96.2,NARANJAS
2017,11,BANANO,96.2,BANANOS
2017,11,TOMATE DE ARBOL,96.2,TOMATE DE ARBOL
2017,11,MORA,96.2,MORAS
2017,11,PAPA,92.96,PAPA
2017,11,YUCA,92.96,YUCA
2017,11,PLATANO,92.96,PLATANO
2017,11,CEBOLLA,92.96,CEBOLLA
2017,11,TOMATE,92.96,TOMATE
2017,11,ZANAHORIA,92.96,ZANAHORIA
2017,11,FRIJOL,92.96,FRIJOL
2017,11,ARVEJA,92.96,ARVEJA
2017,11,CAFE,97.18,CAFE
2017,10,ARROZ,100.08,ARROZ
2017,10,LACTEO,97.19,OTROS DERIVADOS LACTEOS
2017,10,NARANJA,100.69,NARANJAS
2017,10,BANANO,100.69,BANANOS
2017,10,TOMATE DE ARBOL,100.69,TOMATE DE ARBOL
2017,10,MORA,100.69,MORAS
2017,10,PAPA,90.3,PAPA
2017,10,YUCA,90.3,YUCA
2017,10,PLATANO,90.3,PLATANO
2017,10,CEBOLLA,90.3,CEBOLLA
2017,10,TOMATE,90.3,TOMATE
2017,10,ZANAHORIA,90.3,ZANAHORIA
2017,10,FRIJOL,90.3,FRIJOL
2017,10,ARVEJA,90.3,ARVEJA
2017,10,CAFE,97.19,CAFE
2017,1,ARROZ,104.42,ARROZ
2017,1,LACTEO,97.78,OTROS DERIVADOS LACTEOS
2017,1,NARANJA,83.5,NARANJAS
2017,1,BANANO,83.5,BANANOS
2017,1,TOMATE DE ARBOL,83.5,TOMATE DE ARBOL
2017,1,MORA,83.5,MORAS
2017,1,PAPA,95.32,PAPA
2017,1,YUCA,95.32,YUCA
2017,1,PLATANO,95.32,PLATANO
2017,1,CEBOLLA,95.32,CEBOLLA
2017,1,TOMATE,95.32,TOMATE
2017,1,ZANAHORIA,95.32,ZANAHORIA
2017,1,FRIJOL,95.32,FRIJOL
2017,1,ARVEJA,95.32,ARVEJA
2017,1,CAFE,99.32,CAFE
2016,9,ARROZ,104.23,ARROZ
2016,9,LACTEO,95.25,OTROS DERIVADOS LACTEOS
2016,9,NARANJA,93.13,NARANJAS
2016,9,BANANO,93.13,BANANOS
2016,9,TOMATE DE ARBOL,93.13,TOMATE DE ARBOL
2016,9,MORA,93.13,MORAS
2016,9,PAPA,93.45,PAPA
2016,9,YUCA,93.45,YUCA
2016,9,PLATANO,93.45,PLATANO
2016,9,CEBOLLA,93.45,CEBOLLA
2016,9,TOMATE,93.45,TOMATE
2016,9,ZANAHORIA,93.45,ZANAHORIA
2016,9,FRIJOL,93.45,FRIJOL
2016,9,ARVEJA,93.45,ARVEJA
2016,9,CAFE,95.65,CAFE
2016,8,ARROZ,104.57,ARROZ
2016,8,LACTEO,95.19,OTROS DERIVADOS LACTEOS
2016,8,NARANJA,93.07,NARANJAS
2016,8,BANANO,93.07,BANANOS
2016,8,TOMATE DE ARBOL,93.07,TOMATE DE ARBOL
2016,8,MORA,93.07,MORAS
2016,8,PAPA,104.82,PAPA
2016,8,YUCA,104.82,YUCA
2016,8,PLATANO,104.82,PLATANO
2016,8,CEBOLLA,104.82,CEBOLLA
2016,8,TOMATE,104.82,TOMATE
2016,8,ZANAHORIA,104.82,ZANAHORIA
2016,8,FRIJOL,104.82,FRIJOL
2016,8,ARVEJA,104.82,ARVEJA
2016,8,CAFE,95.63,CAFE
2016,7,ARROZ,104.47,ARROZ
2016,7,LACTEO,94.93,OTROS DERIVADOS LACTEOS
2016,7,NARANJA,95.46,NARANJAS
2016,7,BANANO,95.46,BANANOS
2016,7,TOMATE DE ARBOL,95.46,TOMATE DE ARBOL
2016,7,MORA,95.46,MORAS
2016,7,PAPA,122.48,PAPA
2016,7,YUCA,122.48,YUCA
2016,7,PLATANO,122.48,PLATANO
2016,7,CEBOLLA,122.48,CEBOLLA
2016,7,TOMATE,122.48,TOMATE
2016,7,ZANAHORIA,122.48,ZANAHORIA
2016,7,FRIJOL,122.48,FRIJOL
2016,7,ARVEJA,122.48,ARVEJA
2016,7,CAFE,95.47,CAFE
2016,6,ARROZ,104.56,ARROZ
2016,6,LACTEO,95.0,OTROS DERIVADOS LACTEOS
2016,6,NARANJA,91.19,NARANJAS
2016,6,BANANO,91.19,BANANOS
2016,6,TOMATE DE ARBOL,91.19,TOMATE DE ARBOL
2016,6,MORA,91.19,MORAS
2016,6,PAPA,119.54,PAPA
2016,6,YUCA,119.54,YUCA
2016,6,PLATANO,119.54,PLATANO
2016,6,CEBOLLA,119.54,CEBOLLA
2016,6,TOMATE,119.54,TOMATE
2016,6,ZANAHORIA,119.54,ZANAHORIA
2016,6,FRIJOL,119.54,FRIJOL
2016,6,ARVEJA,119.54,ARVEJA
2016,6,CAFE,95.29,CAFE
2016,5,ARROZ,105.0,ARROZ
2016,5,LACTEO,94.99,OTROS DERIVADOS LACTEOS
2016,5,NARANJA,93.8,NARANJAS
2016,5,BANANO,93.8,BANANOS
2016,5,TOMATE DE ARBOL,93.8,TOMATE DE ARBOL
2016,5,MORA,93.8,MORAS
2016,5,PAPA,118.63,PAPA
2016,5,YUCA,118.63,YUCA
2016,5,PLATANO,118.63,PLATANO
2016,5,CEBOLLA,118.63,CEBOLLA
2016,5,TOMATE,118.63,TOMATE
2016,5,ZANAHORIA,118.63,ZANAHORIA
2016,5,FRIJOL,118.63,FRIJOL
2016,5,ARVEJA,118.63,ARVEJA
2016,5,CAFE,95.11,CAFE
2016,4,ARROZ,107.47,ARROZ
2016,4,LACTEO,93.57,OTROS DERIVADOS LACTEOS
2016,4,NARANJA,102.58,NARANJAS
2016,4,BANANO,102.58,BANANOS
2016,4,TOMATE DE ARBOL,102.58,TOMATE DE ARBOL
2016,4,MORA,102.58,MORAS
2016,4,PAPA,115.5,PAPA
2016,4,YUCA,115.5,YUCA
2016,4,PLATANO,115.5,PLATANO
2016,4,CEBOLLA,115.5,CEBOLLA
2016,4,TOMATE,115.5,TOMATE
2016,4,ZANAHORIA,115.5,ZANAHORIA
2016,4,FRIJOL,115.5,FRIJOL
2016,4,ARVEJA,115.5,ARVEJA
2016,4,CAFE,94.95,CAFE
2016,3,ARROZ,106.28,ARROZ
2016,3,LACTEO,92.36,OTROS DERIVADOS LACTEOS
2016,3,NARANJA,100.15,NARANJAS
2016,3,BANANO,100.15,BANANOS
2016,3,TOMATE DE ARBOL,100.15,TOMATE DE ARBOL
2016,3,MORA,100.15,MORAS
2016,3,PAPA,112.88,PAPA
2016,3,YUCA,112.88,YUCA
2016,3,PLATANO,112.88,PLATANO
2016,3,CEBOLLA,112.88,CEBOLLA
2016,3,TOMATE,112.88,TOMATE
2016,3,ZANAHORIA,112.88,ZANAHORIA
2016,3,FRIJOL,112.88,FRIJOL
2016,3,ARVEJA,112.88,ARVEJA
2016,3,CAFE,94.15,CAFE
2016,2,ARROZ,104.28,ARROZ
2016,2,LACTEO,91.69,OTROS DERIVADOS LACTEOS
2016,2,NARANJA,91.33,NARANJAS
2016,2,BANANO,91.33,BANANOS
2016,2,TOMATE DE ARBOL,91.33,TOMATE DE ARBOL
2016,2,MORA,91.33,MORAS
2016,2,PAPA,108.28,PAPA
2016,2,YUCA,108.28,YUCA
2016,2,PLATANO,108.28,PLATANO
2016,2,CEBOLLA,108.28,CEBOLLA
2016,2,TOMATE,108.28,TOMATE
2016,2,ZANAHORIA,108.28,ZANAHORIA
2016,2,FRIJOL,108.28,FRIJOL
2016,2,ARVEJA,108.28,ARVEJA
2016,2,CAFE,93.89,CAFE
2016,12,ARROZ,104.07,ARROZ
2016,12,LACTEO,97.09,OTROS DERIVADOS LACTEOS
2016,12,NARANJA,81.18,NARANJAS
2016,12,BANANO,81.18,BANANOS
2016,12,TOMATE DE ARBOL,81.18,TOMATE DE ARBOL
2016,12,MORA,81.18,MORAS
2016,12,PAPA,91.32,PAPA
2016,12,YUCA,91.32,YUCA
2016,12,PLATANO,91.32,PLATANO
2016,12,CEBOLLA,91.32,CEBOLLA
2016,12,TOMATE,91.32,TOMATE
2016,12,ZANAHORIA,91.32,ZANAHORIA
2016,12,FRIJOL,91.32,FRIJOL
2016,12,ARVEJA,91.32,ARVEJA
2016,12,CAFE,98.61,CAFE
2016,11,ARROZ,103.84,ARROZ
2016,11,LACTEO,95.59,OTROS DERIVADOS LACTEOS
2016,11,NARANJA,87.39,NARANJAS
2016,11,BANANO,87.39,BANANOS
2016,11,TOMATE DE ARBOL,87.39,TOMATE DE ARBOL
2016,11,MORA,87.39,MORAS
2016,11,PAPA,89.28,PAPA
2016,11,YUCA,89.28,YUCA
2016,11,PLATANO,89.28,PLATANO
2016,11,CEBOLLA,89.28,CEBOLLA
2016,11,TOMATE,89.28,TOMATE
2016,11,ZANAHORIA,89.28,ZANAHORIA
2016,11,FRIJOL,89.28,FRIJOL
2016,11,ARVEJA,89.28,ARVEJA
2016,11,CAFE,97.34,CAFE
2016,10,ARROZ,103.67,ARROZ
2016,10,LACTEO,95.2,OTROS DERIVADOS LACTEOS
2016,10,NARANJA,90.75,NARANJAS
2016,10,BANANO,90.75,BANANOS
2016,10,TOMATE DE ARBOL,90.75,TOMATE DE ARBOL
2016,10,MORA,90.75,MORAS
2016,10,PAPA,90.49,PAPA
2016,10,YUCA,90.49,YUCA
2016,10,PLATANO,90.49,PLATANO
2016,10,CEBOLLA,90.49,CEBOLLA
2016,10,TOMATE,90.49,TOMATE
2016,10,ZANAHORIA,90.49,ZANAHORIA
2016,10,FRIJOL,90.49,FRIJOL
2016,10,ARVEJA,90.49,ARVEJA
2016,10,CAFE,96.06,CAFE
2016,1,ARROZ,100.86,ARROZ
2016,1,LACTEO,90.99,OTROS DERIVADOS LACTEOS
2016,1,NARANJA,88.69,NARANJAS
2016,1,BANANO,88.69,BANANOS
2016,1,TOMATE DE ARBOL,88.69,TOMATE DE ARBOL
2016,1,MORA,88.69,MORAS
2016,1,PAPA,107.62,PAPA
2016,1,YUCA,107.62,YUCA
2016,1,PLATANO,107.62,PLATANO
2016,1,CEBOLLA,107.62,CEBOLLA
2016,1,TOMATE,107.62,TOMATE
2016,1,ZANAHORIA,107.62,ZANAHORIA
2016,1,FRIJOL,107.62,FRIJOL
2016,1,ARVEJA,107.62,ARVEJA
2016,1,CAFE,92.55,CAFE
2015,9,ARROZ,97.4,ARROZ
2015,9,LACTEO,86.08,OTROS DERIVADOS LACTEOS
2015,9,NARANJA,80.01,NARANJAS
2015,9,BANANO,80.01,BANANOS
2015,9,TOMATE DE ARBOL,80.01,TOMATE DE ARBOL
2015,9,MORA,80.01,MORAS
2015,9,PAPA,88.02,PAPA
2015,9,YUCA,88.02,YUCA
2015,9,PLATANO,88.02,PLATANO
2015,9,CEBOLLA,88.02,CEBOLLA
2015,9,TOMATE,88.02,TOMATE
2015,9,ZANAHORIA,88.02,ZANAHORIA
2015,9,FRIJOL,88.02,FRIJOL
2015,9,ARVEJA,88.02,ARVEJA
2015,9,CAFE,90.31,CAFE
2015,8,ARROZ,97.28,ARROZ
2015,8,LACTEO,85.36,OTROS DERIVADOS LACTEOS
2015,8,NARANJA,72.43,NARANJAS
2015,8,BANANO,72.43,BANANOS
2015,8,TOMATE DE ARBOL,72.43,TOMATE DE ARBOL
2015,8,MORA,72.43,MORAS
2015,8,PAPA,85.29,PAPA
2015,8,YUCA,85.29,YUCA
2015,8,PLATANO,85.29,PLATANO
2015,8,CEBOLLA,85.29,CEBOLLA
2015,8,TOMATE,85.29,TOMATE
2015,8,ZANAHORIA,85.29,ZANAHORIA
2015,8,FRIJOL,85.29,FRIJOL
2015,8,ARVEJA,85.29,ARVEJA
2015,8,CAFE,89.82,CAFE
2015,7,ARROZ,97.69,ARROZ
2015,7,LACTEO,85.03,OTROS DERIVADOS LACTEOS
2015,7,NARANJA,69.27,NARANJAS
2015,7,BANANO,69.27,BANANOS
2015,7,TOMATE DE ARBOL,69.27,TOMATE DE ARBOL
2015,7,MORA,69.27,MORAS
2015,7,PAPA,84.12,PAPA
2015,7,YUCA,84.12,YUCA
2015,7,PLATANO,84.12,PLATANO
2015,7,CEBOLLA,84.12,CEBOLLA
2015,7,TOMATE,84.12,TOMATE
2015,7,ZANAHORIA,84.12,ZANAHORIA
2015,7,FRIJOL,84.12,FRIJOL
2015,7,ARVEJA,84.12,ARVEJA
2015,7,CAFE,89.36,CAFE
2015,6,ARROZ,99.12,ARROZ
2015,6,LACTEO,85.12,OTROS DERIVADOS LACTEOS
2015,6,NARANJA,68.93,NARANJAS
2015,6,BANANO,68.93,BANANOS
2015,6,TOMATE DE ARBOL,68.93,TOMATE DE ARBOL
2015,6,MORA,68.93,MORAS
2015,6,PAPA,84.19,PAPA
2015,6,YUCA,84.19,YUCA
2015,6,PLATANO,84.19,PLATANO
2015,6,CEBOLLA,84.19,CEBOLLA
2015,6,TOMATE,84.19,TOMATE
2015,6,ZANAHORIA,84.19,ZANAHORIA
2015,6,FRIJOL,84.19,FRIJOL
2015,6,ARVEJA,84.19,ARVEJA
2015,6,CAFE,89.02,CAFE
2015,5,ARROZ,100.5,ARROZ
2015,5,LACTEO,85.49,OTROS DERIVADOS LACTEOS
2015,5,NARANJA,71.83,NARANJAS
2015,5,BANANO,71.83,BANANOS
2015,5,TOMATE DE ARBOL,71.83,TOMATE DE ARBOL
2015,5,MORA,71.83,MORAS
2015,5,PAPA,83.99,PAPA
2015,5,YUCA,83.99,YUCA
2015,5,PLATANO,83.99,PLATANO
2015,5,CEBOLLA,83.99,CEBOLLA
2015,5,TOMATE,83.99,TOMATE
2015,5,ZANAHORIA,83.99,ZANAHORIA
2015,5,FRIJOL,83.99,FRIJOL
2015,5,ARVEJA,83.99,ARVEJA
2015,5,CAFE,88.72,CAFE
2015,4,ARROZ,100.98,ARROZ
2015,4,LACTEO,85.27,OTROS DERIVADOS LACTEOS
2015,4,NARANJA,74.92,NARANJAS
2015,4,BANANO,74.92,BANANOS
2015,4,TOMATE DE ARBOL,74.92,TOMATE DE ARBOL
2015,4,MORA,74.92,MORAS
2015,4,PAPA,87.05,PAPA
2015,4,YUCA,87.05,YUCA
2015,4,PLATANO,87.05,PLATANO
2015,4,CEBOLLA,87.05,CEBOLLA
2015,4,TOMATE,87.05,TOMATE
2015,4,ZANAHORIA,87.05,ZANAHORIA
2015,4,FRIJOL,87.05,FRIJOL
2015,4,ARVEJA,87.05,ARVEJA
2015,4,CAFE,88.55,CAFE
2015,3,ARROZ,99.66,ARROZ
2015,3,LACTEO,85.07,OTROS DERIVADOS LACTEOS
2015,3,NARANJA,74.06,NARANJAS
2015,3,BANANO,74.06,BANANOS
2015,3,TOMATE DE ARBOL,74.06,TOMATE DE ARBOL
2015,3,MORA,74.06,MORAS
2015,3,PAPA,85.69,PAPA
2015,3,YUCA,85.69,YUCA
2015,3,PLATANO,85.69,PLATANO
2015,3,CEBOLLA,85.69,CEBOLLA
2015,3,TOMATE,85.69,TOMATE
2015,3,ZANAHORIA,85.69,ZANAHORIA
2015,3,FRIJOL,85.69,FRIJOL
2015,3,ARVEJA,85.69,ARVEJA
2015,3,CAFE,87.39,CAFE
2015,2,ARROZ,97.49,ARROZ
2015,2,LACTEO,85.19,OTROS DERIVADOS LACTEOS
2015,2,NARANJA,68.15,NARANJAS
2015,2,BANANO,68.15,BANANOS
2015,2,TOMATE DE ARBOL,68.15,TOMATE DE ARBOL
2015,2,MORA,68.15,MORAS
2015,2,PAPA,81.96,PAPA
2015,2,YUCA,81.96,YUCA
2015,2,PLATANO,81.96,PLATANO
2015,2,CEBOLLA,81.96,CEBOLLA
2015,2,TOMATE,81.96,TOMATE
2015,2,ZANAHORIA,81.96,ZANAHORIA
2015,2,FRIJOL,81.96,FRIJOL
2015,2,ARVEJA,81.96,ARVEJA
2015,2,CAFE,86.92,CAFE
2015,12,ARROZ,98.36,ARROZ
2015,12,LACTEO,89.91,OTROS DERIVADOS LACTEOS
2015,12,NARANJA,83.28,NARANJAS
2015,12,BANANO,83.28,BANANOS
2015,12,TOMATE DE ARBOL,83.28,TOMATE DE ARBOL
2015,12,MORA,83.28,MORAS
2015,12,PAPA,97.69,PAPA
2015,12,YUCA,97.69,YUCA
2015,12,PLATANO,97.69,PLATANO
2015,12,CEBOLLA,97.69,CEBOLLA
2015,12,TOMATE,97.69,TOMATE
2015,12,ZANAHORIA,97.69,ZANAHORIA
2015,12,FRIJOL,97.69,FRIJOL
2015,12,ARVEJA,97.69,ARVEJA
2015,12,CAFE,92.36,CAFE
2015,11,ARROZ,97.94,ARROZ
2015,11,LACTEO,88.58,OTROS DERIVADOS LACTEOS
2015,11,NARANJA,82.79,NARANJAS
2015,11,BANANO,82.79,BANANOS
2015,11,TOMATE DE ARBOL,82.79,TOMATE DE ARBOL
2015,11,MORA,82.79,MORAS
2015,11,PAPA,95.68,PAPA
2015,11,YUCA,95.68,YUCA
2015,11,PLATANO,95.68,PLATANO
2015,11,CEBOLLA,95.68,CEBOLLA
2015,11,TOMATE,95.68,TOMATE
2015,11,ZANAHORIA,95.68,ZANAHORIA
2015,11,FRIJOL,95.68,FRIJOL
2015,11,ARVEJA,95.68,ARVEJA
2015,11,CAFE,91.54,CAFE
2015,10,ARROZ,97.67,ARROZ
2015,10,LACTEO,87.0,OTROS DERIVADOS LACTEOS
2015,10,NARANJA,85.83,NARANJAS
2015,10,BANANO,85.83,BANANOS
2015,10,TOMATE DE ARBOL,85.83,TOMATE DE ARBOL
2015,10,MORA,85.83,MORAS
2015,10,PAPA,93.19,PAPA
2015,10,YUCA,93.19,YUCA
2015,10,PLATANO,93.19,PLATANO
2015,10,CEBOLLA,93.19,CEBOLLA
2015,10,TOMATE,93.19,TOMATE
2015,10,ZANAHORIA,93.19,ZANAHORIA
2015,10,FRIJOL,93.19,FRIJOL
2015,10,ARVEJA,93.19,ARVEJA
2015,10,CAFE,90.76,CAFE
2015,1,ARROZ,90.42,ARROZ
2015,1,LACTEO,85.48,OTROS DERIVADOS LACTEOS
2015,1,NARANJA,67.44,NARANJAS
2015,1,BANANO,67.44,BANANOS
2015,1,TOMATE DE ARBOL,67.44,TOMATE DE ARBOL
2015,1,MORA,67.44,MORAS
2015,1,PAPA,77.66,PAPA
2015,1,YUCA,77.66,YUCA
2015,1,PLATANO,77.66,PLATANO
2015,1,CEBOLLA,77.66,CEBOLLA
2015,1,TOMATE,77.66,TOMATE
2015,1,ZANAHORIA,77.66,ZANAHORIA
2015,1,FRIJOL,77.66,FRIJOL
2015,1,ARVEJA,77.66,ARVEJA
2015,1,CAFE,86.96,CAFE
2014,9,ARROZ,86.12,ARROZ
2014,9,LACTEO,84.26,OTROS DERIVADOS LACTEOS
2014,9,NARANJA,71.64,NARANJAS
2014,9,BANANO,71.64,BANANOS
2014,9,TOMATE DE ARBOL,71.64,TOMATE DE ARBOL
2014,9,MORA,71.64,MORAS
2014,9,PAPA,73.25,PAPA
2014,9,YUCA,73.25,YUCA
2014,9,PLATANO,73.25,PLATANO
2014,9,CEBOLLA,73.25,CEBOLLA
2014,9,TOMATE,73.25,TOMATE
2014,9,ZANAHORIA,73.25,ZANAHORIA
2014,9,FRIJOL,73.25,FRIJOL
2014,9,ARVEJA,73.25,ARVEJA
2014,9,CAFE,86.5,CAFE
2014,8,ARROZ,86.07,ARROZ
2014,8,LACTEO,84.08,OTROS DERIVADOS LACTEOS
2014,8,NARANJA,70.88,NARANJAS
2014,8,BANANO,70.88,BANANOS
2014,8,TOMATE DE ARBOL,70.88,TOMATE DE ARBOL
2014,8,MORA,70.88,MORAS
2014,8,PAPA,73.29,PAPA
2014,8,YUCA,73.29,YUCA
2014,8,PLATANO,73.29,PLATANO
2014,8,CEBOLLA,73.29,CEBOLLA
2014,8,TOMATE,73.29,TOMATE
2014,8,ZANAHORIA,73.29,ZANAHORIA
2014,8,FRIJOL,73.29,FRIJOL
2014,8,ARVEJA,73.29,ARVEJA
2014,8,CAFE,85.99,CAFE
2014,7,ARROZ,85.9,ARROZ
2014,7,LACTEO,83.76,OTROS DERIVADOS LACTEOS
2014,7,NARANJA,68.94,NARANJAS
2014,7,BANANO,68.94,BANANOS
2014,7,TOMATE DE ARBOL,68.94,TOMATE DE ARBOL
2014,7,MORA,68.94,MORAS
2014,7,PAPA,73.85,PAPA
2014,7,YUCA,73.85,YUCA
2014,7,PLATANO,73.85,PLATANO
2014,7,CEBOLLA,73.85,CEBOLLA
2014,7,TOMATE,73.85,TOMATE
2014,7,ZANAHORIA,73.85,ZANAHORIA
2014,7,FRIJOL,73.85,FRIJOL
2014,7,ARVEJA,73.85,ARVEJA
2014,7,CAFE,85.9,CAFE
2014,6,ARROZ,86.06,ARROZ
2014,6,LACTEO,83.69,OTROS DERIVADOS LACTEOS
2014,6,NARANJA,66.97,NARANJAS
2014,6,BANANO,66.97,BANANOS
2014,6,TOMATE DE ARBOL,66.97,TOMATE DE ARBOL
2014,6,MORA,66.97,MORAS
2014,6,PAPA,72.43,PAPA
2014,6,YUCA,72.43,YUCA
2014,6,PLATANO,72.43,PLATANO
2014,6,CEBOLLA,72.43,CEBOLLA
2014,6,TOMATE,72.43,TOMATE
2014,6,ZANAHORIA,72.43,ZANAHORIA
2014,6,FRIJOL,72.43,FRIJOL
2014,6,ARVEJA,72.43,ARVEJA
2014,6,CAFE,86.11,CAFE
2014,5,ARROZ,86.11,ARROZ
2014,5,LACTEO,83.78,OTROS DERIVADOS LACTEOS
2014,5,NARANJA,71.09,NARANJAS
2014,5,BANANO,71.09,BANANOS
2014,5,TOMATE DE ARBOL,71.09,TOMATE DE ARBOL
2014,5,MORA,71.09,MORAS
2014,5,PAPA,74.46,PAPA
2014,5,YUCA,74.46,YUCA
2014,5,PLATANO,74.46,PLATANO
2014,5,CEBOLLA,74.46,CEBOLLA
2014,5,TOMATE,74.46,TOMATE
2014,5,ZANAHORIA,74.46,ZANAHORIA
2014,5,FRIJOL,74.46,FRIJOL
2014,5,ARVEJA,74.46,ARVEJA
2014,5,CAFE,86.21,CAFE
2014,4,ARROZ,85.91,ARROZ
2014,4,LACTEO,83.11,OTROS DERIVADOS LACTEOS
2014,4,NARANJA,72.26,NARANJAS
2014,4,BANANO,72.26,BANANOS
2014,4,TOMATE DE ARBOL,72.26,TOMATE DE ARBOL
2014,4,MORA,72.26,MORAS
2014,4,PAPA,69.49,PAPA
2014,4,YUCA,69.49,YUCA
2014,4,PLATANO,69.49,PLATANO
2014,4,CEBOLLA,69.49,CEBOLLA
2014,4,TOMATE,69.49,TOMATE
2014,4,ZANAHORIA,69.49,ZANAHORIA
2014,4,FRIJOL,69.49,FRIJOL
2014,4,ARVEJA,69.49,ARVEJA
2014,4,CAFE,85.94,CAFE
2014,3,ARROZ,86.01,ARROZ
2014,3,LACTEO,82.47,OTROS DERIVADOS LACTEOS
2014,3,NARANJA,69.93,NARANJAS
2014,3,BANANO,69.93,BANANOS
2014,3,TOMATE DE ARBOL,69.93,TOMATE DE ARBOL
2014,3,MORA,69.93,MORAS
2014,3,PAPA,65.28,PAPA
2014,3,YUCA,65.28,YUCA
2014,3,PLATANO,65.28,PLATANO
2014,3,CEBOLLA,65.28,CEBOLLA
2014,3,TOMATE,65.28,TOMATE
2014,3,ZANAHORIA,65.28,ZANAHORIA
2014,3,FRIJOL,65.28,FRIJOL
2014,3,ARVEJA,65.28,ARVEJA
2014,3,CAFE,86.19,CAFE
2014,2,ARROZ,86.0,ARROZ
2014,2,LACTEO,82.22,OTROS DERIVADOS LACTEOS
2014,2,NARANJA,66.24,NARANJAS
2014,2,BANANO,66.24,BANANOS
2014,2,TOMATE DE ARBOL,66.24,TOMATE DE ARBOL
2014,2,MORA,66.24,MORAS
2014,2,PAPA,63.52,PAPA
2014,2,YUCA,63.52,YUCA
2014,2,PLATANO,63.52,PLATANO
2014,2,CEBOLLA,63.52,CEBOLLA
2014,2,TOMATE,63.52,TOMATE
2014,2,ZANAHORIA,63.52,ZANAHORIA
2014,2,FRIJOL,63.52,FRIJOL
2014,2,ARVEJA,63.52,ARVEJA
2014,2,CAFE,86.24,CAFE
2014,12,ARROZ,86.36,ARROZ
2014,12,LACTEO,85.83,OTROS DERIVADOS LACTEOS
2014,12,NARANJA,66.45,NARANJAS
2014,12,BANANO,66.45,BANANOS
2014,12,TOMATE DE ARBOL,66.45,TOMATE DE ARBOL
2014,12,MORA,66.45,MORAS
2014,12,PAPA,73.47,PAPA
2014,12,YUCA,73.47,YUCA
2014,12,PLATANO,73.47,PLATANO
2014,12,CEBOLLA,73.47,CEBOLLA
2014,12,TOMATE,73.47,TOMATE
2014,12,ZANAHORIA,73.47,ZANAHORIA
2014,12,FRIJOL,73.47,FRIJOL
2014,12,ARVEJA,73.47,ARVEJA
2014,12,CAFE,87.15,CAFE
2014,11,ARROZ,86.02,ARROZ
2014,11,LACTEO,85.49,OTROS DERIVADOS LACTEOS
2014,11,NARANJA,70.45,NARANJAS
2014,11,BANANO,70.45,BANANOS
2014,11,TOMATE DE ARBOL,70.45,TOMATE DE ARBOL
2014,11,MORA,70.45,MORAS
2014,11,PAPA,72.62,PAPA
2014,11,YUCA,72.62,YUCA
2014,11,PLATANO,72.62,PLATANO
2014,11,CEBOLLA,72.62,CEBOLLA
2014,11,TOMATE,72.62,TOMATE
2014,11,ZANAHORIA,72.62,ZANAHORIA
2014,11,FRIJOL,72.62,FRIJOL
2014,11,ARVEJA,72.62,ARVEJA
2014,11,CAFE,86.79,CAFE
2014,10,ARROZ,86.0,ARROZ
2014,10,LACTEO,84.63,OTROS DERIVADOS LACTEOS
2014,10,NARANJA,73.98,NARANJAS
2014,10,BANANO,73.98,BANANOS
2014,10,TOMATE DE ARBOL,73.98,TOMATE DE ARBOL
2014,10,MORA,73.98,MORAS
2014,10,PAPA,72.31,PAPA
2014,10,YUCA,72.31,YUCA
2014,10,PLATANO,72.31,PLATANO
2014,10,CEBOLLA,72.31,CEBOLLA
2014,10,TOMATE,72.31,TOMATE
2014,10,ZANAHORIA,72.31,ZANAHORIA
2014,10,FRIJOL,72.31,FRIJOL
2014,10,ARVEJA,72.31,ARVEJA
2014,10,CAFE,86.73,CAFE
2014,1,ARROZ,85.97,ARROZ
2014,1,LACTEO,81.78,OTROS DERIVADOS LACTEOS
2014,1,NARANJA,62.21,NARANJAS
2014,1,BANANO,62.21,BANANOS
2014,1,TOMATE DE ARBOL,62.21,TOMATE DE ARBOL
2014,1,MORA,62.21,MORAS
2014,1,PAPA,64.29,PAPA
2014,1,YUCA,64.29,YUCA
2014,1,PLATANO,64.29,PLATANO
2014,1,CEBOLLA,64.29,CEBOLLA
2014,1,TOMATE,64.29,TOMATE
2014,1,ZANAHORIA,64.29,ZANAHORIA
2014,1,FRIJOL,64.29,FRIJOL
2014,1,ARVEJA,64.29,ARVEJA
2014,1,CAFE,86.29,CAFE
2013,9,ARROZ,86.05,ARROZ
2013,9,LACTEO,81.37,OTROS DERIVADOS LACTEOS
2013,9,NARANJA,65.28,NARANJAS
2013,9,BANANO,65.28,BANANOS
2013,9,TOMATE DE ARBOL,65.28,TOMATE DE ARBOL
2013,9,MORA,65.28,MORAS
2013,9,PAPA,68.54,PAPA
2013,9,YUCA,68.54,YUCA
2013,9,PLATANO,68.54,PLATANO
2013,9,CEBOLLA,68.54,CEBOLLA
2013,9,TOMATE,68.54,TOMATE
2013,9,ZANAHORIA,68.54,ZANAHORIA
2013,9,FRIJOL,68.54,FRIJOL
2013,9,ARVEJA,68.54,ARVEJA
2013,9,CAFE,87.02,CAFE
2013,8,ARROZ,86.23,ARROZ
2013,8,LACTEO,80.95,OTROS DERIVADOS LACTEOS
2013,8,NARANJA,61.35,NARANJAS
2013,8,BANANO,61.35,BANANOS
2013,8,TOMATE DE ARBOL,61.35,TOMATE DE ARBOL
2013,8,MORA,61.35,MORAS
2013,8,PAPA,68.49,PAPA
2013,8,YUCA,68.49,YUCA
2013,8,PLATANO,68.49,PLATANO
2013,8,CEBOLLA,68.49,CEBOLLA
2013,8,TOMATE,68.49,TOMATE
2013,8,ZANAHORIA,68.49,ZANAHORIA
2013,8,FRIJOL,68.49,FRIJOL
2013,8,ARVEJA,68.49,ARVEJA
2013,8,CAFE,86.81,CAFE
2013,7,ARROZ,86.64,ARROZ
2013,7,LACTEO,80.64,OTROS DERIVADOS LACTEOS
2013,7,NARANJA,59.75,NARANJAS
2013,7,BANANO,59.75,BANANOS
2013,7,TOMATE DE ARBOL,59.75,TOMATE DE ARBOL
2013,7,MORA,59.75,MORAS
2013,7,PAPA,68.88,PAPA
2013,7,YUCA,68.88,YUCA
2013,7,PLATANO,68.88,PLATANO
2013,7,CEBOLLA,68.88,CEBOLLA
2013,7,TOMATE,68.88,TOMATE
2013,7,ZANAHORIA,68.88,ZANAHORIA
2013,7,FRIJOL,68.88,FRIJOL
2013,7,ARVEJA,68.88,ARVEJA
2013,7,CAFE,87.07,CAFE
2013,6,ARROZ,86.79,ARROZ
2013,6,LACTEO,80.92,OTROS DERIVADOS LACTEOS
2013,6,NARANJA,56.36,NARANJAS
2013,6,BANANO,56.36,BANANOS
2013,6,TOMATE DE ARBOL,56.36,TOMATE DE ARBOL
2013,6,MORA,56.36,MORAS
2013,6,PAPA,68.2,PAPA
2013,6,YUCA,68.2,YUCA
2013,6,PLATANO,68.2,PLATANO
2013,6,CEBOLLA,68.2,CEBOLLA
2013,6,TOMATE,68.2,TOMATE
2013,6,ZANAHORIA,68.2,ZANAHORIA
2013,6,FRIJOL,68.2,FRIJOL
2013,6,ARVEJA,68.2,ARVEJA
2013,6,CAFE,86.93,CAFE
2013,5,ARROZ,86.95,ARROZ
2013,5,LACTEO,81.24,OTROS DERIVADOS LACTEOS
2013,5,NARANJA,58.12,NARANJAS
2013,5,BANANO,58.12,BANANOS
2013,5,TOMATE DE ARBOL,58.12,TOMATE DE ARBOL
2013,5,MORA,58.12,MORAS
2013,5,PAPA,68.89,PAPA
2013,5,YUCA,68.89,YUCA
2013,5,PLATANO,68.89,PLATANO
2013,5,CEBOLLA,68.89,CEBOLLA
2013,5,TOMATE,68.89,TOMATE
2013,5,ZANAHORIA,68.89,ZANAHORIA
2013,5,FRIJOL,68.89,FRIJOL
2013,5,ARVEJA,68.89,ARVEJA
2013,5,CAFE,87.53,CAFE
2013,4,ARROZ,87.15,ARROZ
2013,4,LACTEO,81.28,OTROS DERIVADOS LACTEOS
2013,4,NARANJA,62.34,NARANJAS
2013,4,BANANO,62.34,BANANOS
2013,4,TOMATE DE ARBOL,62.34,TOMATE DE ARBOL
2013,4,MORA,62.34,MORAS
2013,4,PAPA,66.88,PAPA
2013,4,YUCA,66.88,YUCA
2013,4,PLATANO,66.88,PLATANO
2013,4,CEBOLLA,66.88,CEBOLLA
2013,4,TOMATE,66.88,TOMATE
2013,4,ZANAHORIA,66.88,ZANAHORIA
2013,4,FRIJOL,66.88,FRIJOL
2013,4,ARVEJA,66.88,ARVEJA
2013,4,CAFE,87.79,CAFE
2013,3,ARROZ,87.39,ARROZ
2013,3,LACTEO,80.76,OTROS DERIVADOS LACTEOS
2013,3,NARANJA,59.27,NARANJAS
2013,3,BANANO,59.27,BANANOS
2013,3,TOMATE DE ARBOL,59.27,TOMATE DE ARBOL
2013,3,MORA,59.27,MORAS
2013,3,PAPA,66.99,PAPA
2013,3,YUCA,66.99,YUCA
2013,3,PLATANO,66.99,PLATANO
2013,3,CEBOLLA,66.99,CEBOLLA
2013,3,TOMATE,66.99,TOMATE
2013,3,ZANAHORIA,66.99,ZANAHORIA
2013,3,FRIJOL,66.99,FRIJOL
2013,3,ARVEJA,66.99,ARVEJA
2013,3,CAFE,88.3,CAFE
2013,2,ARROZ,88.78,ARROZ
2013,2,LACTEO,80.88,OTROS DERIVADOS LACTEOS
2013,2,NARANJA,56.3,NARANJAS
2013,2,BANANO,56.3,BANANOS
2013,2,TOMATE DE ARBOL,56.3,TOMATE DE ARBOL
2013,2,MORA,56.3,MORAS
2013,2,PAPA,65.41,PAPA
2013,2,YUCA,65.41,YUCA
2013,2,PLATANO,65.41,PLATANO
2013,2,CEBOLLA,65.41,CEBOLLA
2013,2,TOMATE,65.41,TOMATE
2013,2,ZANAHORIA,65.41,ZANAHORIA
2013,2,FRIJOL,65.41,FRIJOL
2013,2,ARVEJA,65.41,ARVEJA
2013,2,CAFE,88.32,CAFE
2013,12,ARROZ,86.06,ARROZ
2013,12,LACTEO,81.57,OTROS DERIVADOS LACTEOS
2013,12,NARANJA,58.21,NARANJAS
2013,12,BANANO,58.21,BANANOS
2013,12,TOMATE DE ARBOL,58.21,TOMATE DE ARBOL
2013,12,MORA,58.21,MORAS
2013,12,PAPA,62.49,PAPA
2013,12,YUCA,62.49,YUCA
2013,12,PLATANO,62.49,PLATANO
2013,12,CEBOLLA,62.49,CEBOLLA
2013,12,TOMATE,62.49,TOMATE
2013,12,ZANAHORIA,62.49,ZANAHORIA
2013,12,FRIJOL,62.49,FRIJOL
2013,12,ARVEJA,62.49,ARVEJA
2013,12,CAFE,85.75,CAFE
2013,11,ARROZ,85.86,ARROZ
2013,11,LACTEO,81.53,OTROS DERIVADOS LACTEOS
2013,11,NARANJA,60.13,NARANJAS
2013,11,BANANO,60.13,BANANOS
2013,11,TOMATE DE ARBOL,60.13,TOMATE DE ARBOL
2013,11,MORA,60.13,MORAS
2013,11,PAPA,61.52,PAPA
2013,11,YUCA,61.52,YUCA
2013,11,PLATANO,61.52,PLATANO
2013,11,CEBOLLA,61.52,CEBOLLA
2013,11,TOMATE,61.52,TOMATE
2013,11,ZANAHORIA,61.52,ZANAHORIA
2013,11,FRIJOL,61.52,FRIJOL
2013,11,ARVEJA,61.52,ARVEJA
2013,11,CAFE,85.97,CAFE
2013,10,ARROZ,86.07,ARROZ
2013,10,LACTEO,81.54,OTROS DERIVADOS LACTEOS
2013,10,NARANJA,62.35,NARANJAS
2013,10,BANANO,62.35,BANANOS
2013,10,TOMATE DE ARBOL,62.35,TOMATE DE ARBOL
2013,10,MORA,62.35,MORAS
2013,10,PAPA,63.18,PAPA
2013,10,YUCA,63.18,YUCA
2013,10,PLATANO,63.18,PLATANO
2013,10,CEBOLLA,63.18,CEBOLLA
2013,10,TOMATE,63.18,TOMATE
2013,10,ZANAHORIA,63.18,ZANAHORIA
2013,10,FRIJOL,63.18,FRIJOL
2013,10,ARVEJA,63.18,ARVEJA
2013,10,CAFE,86.58,CAFE
2013,1,ARROZ,90.55,ARROZ
2013,1,LACTEO,80.19,OTROS DERIVADOS LACTEOS
2013,1,NARANJA,54.33,NARANJAS
2013,1,BANANO,54.33,BANANOS
2013,1,TOMATE DE ARBOL,54.33,TOMATE DE ARBOL
2013,1,MORA,54.33,MORAS
2013,1,PAPA,65.71,PAPA
2013,1,YUCA,65.71,YUCA
2013,1,PLATANO,65.71,PLATANO
2013,1,CEBOLLA,65.71,CEBOLLA
2013,1,TOMATE,65.71,TOMATE
2013,1,ZANAHORIA,65.71,ZANAHORIA
2013,1,FRIJOL,65.71,FRIJOL
2013,1,ARVEJA,65.71,ARVEJA
2013,1,CAFE,89.77,CAFE
2012,9,ARROZ,89.46,ARROZ
2012,9,LACTEO,79.9,OTROS DERIVADOS LACTEOS
2012,9,NARANJA,56.12,NARANJAS
2012,9,BANANO,56.12,BANANOS
2012,9,TOMATE DE ARBOL,56.12,TOMATE DE ARBOL
2012,9,MORA,56.12,MORAS
2012,9,PAPA,66.9,PAPA
2012,9,YUCA,66.9,YUCA
2012,9,PLATANO,66.9,PLATANO
2012,9,CEBOLLA,66.9,CEBOLLA
2012,9,TOMATE,66.9,TOMATE
2012,9,ZANAHORIA,66.9,ZANAHORIA
2012,9,FRIJOL,66.9,FRIJOL
2012,9,ARVEJA,66.9,ARVEJA
2012,9,CAFE,90.08,CAFE
2012,8,ARROZ,89.37,ARROZ
2012,8,LACTEO,79.65,OTROS DERIVADOS LACTEOS
2012,8,NARANJA,56.32,NARANJAS
2012,8,BANANO,56.32,BANANOS
2012,8,TOMATE DE ARBOL,56.32,TOMATE DE ARBOL
2012,8,MORA,56.32,MORAS
2012,8,PAPA,66.25,PAPA
2012,8,YUCA,66.25,YUCA
2012,8,PLATANO,66.25,PLATANO
2012,8,CEBOLLA,66.25,CEBOLLA
2012,8,TOMATE,66.25,TOMATE
2012,8,ZANAHORIA,66.25,ZANAHORIA
2012,8,FRIJOL,66.25,FRIJOL
2012,8,ARVEJA,66.25,ARVEJA
2012,8,CAFE,90.22,CAFE
2012,7,ARROZ,89.49,ARROZ
2012,7,LACTEO,79.32,OTROS DERIVADOS LACTEOS
2012,7,NARANJA,57.12,NARANJAS
2012,7,BANANO,57.12,BANANOS
2012,7,TOMATE DE ARBOL,57.12,TOMATE DE ARBOL
2012,7,MORA,57.12,MORAS
2012,7,PAPA,67.08,PAPA
2012,7,YUCA,67.08,YUCA
2012,7,PLATANO,67.08,PLATANO
2012,7,CEBOLLA,67.08,CEBOLLA
2012,7,TOMATE,67.08,TOMATE
2012,7,ZANAHORIA,67.08,ZANAHORIA
2012,7,FRIJOL,67.08,FRIJOL
2012,7,ARVEJA,67.08,ARVEJA
2012,7,CAFE,89.89,CAFE
2012,6,ARROZ,90.38,ARROZ
2012,6,LACTEO,79.54,OTROS DERIVADOS LACTEOS
2012,6,NARANJA,55.68,NARANJAS
2012,6,BANANO,55.68,BANANOS
2012,6,TOMATE DE ARBOL,55.68,TOMATE DE ARBOL
2012,6,MORA,55.68,MORAS
2012,6,PAPA,66.96,PAPA
2012,6,YUCA,66.96,YUCA
2012,6,PLATANO,66.96,PLATANO
2012,6,CEBOLLA,66.96,CEBOLLA
2012,6,TOMATE,66.96,TOMATE
2012,6,ZANAHORIA,66.96,ZANAHORIA
2012,6,FRIJOL,66.96,FRIJOL
2012,6,ARVEJA,66.96,ARVEJA
2012,6,CAFE,90.16,CAFE
2012,5,ARROZ,89.48,ARROZ
2012,5,LACTEO,80.47,OTROS DERIVADOS LACTEOS
2012,5,NARANJA,57.3,NARANJAS
2012,5,BANANO,57.3,BANANOS
2012,5,TOMATE DE ARBOL,57.3,TOMATE DE ARBOL
2012,5,MORA,57.3,MORAS
2012,5,PAPA,67.11,PAPA
2012,5,YUCA,67.11,YUCA
2012,5,PLATANO,67.11,PLATANO
2012,5,CEBOLLA,67.11,CEBOLLA
2012,5,TOMATE,67.11,TOMATE
2012,5,ZANAHORIA,67.11,ZANAHORIA
2012,5,FRIJOL,67.11,FRIJOL
2012,5,ARVEJA,67.11,ARVEJA
2012,5,CAFE,89.78,CAFE
2012,4,ARROZ,85.75,ARROZ
2012,4,LACTEO,80.34,OTROS DERIVADOS LACTEOS
2012,4,NARANJA,62.16,NARANJAS
2012,4,BANANO,62.16,BANANOS
2012,4,TOMATE DE ARBOL,62.16,TOMATE DE ARBOL
2012,4,MORA,62.16,MORAS
2012,4,PAPA,67.25,PAPA
2012,4,YUCA,67.25,YUCA
2012,4,PLATANO,67.25,PLATANO
2012,4,CEBOLLA,67.25,CEBOLLA
2012,4,TOMATE,67.25,TOMATE
2012,4,ZANAHORIA,67.25,ZANAHORIA
2012,4,FRIJOL,67.25,FRIJOL
2012,4,ARVEJA,67.25,ARVEJA
2012,4,CAFE,89.73,CAFE
2012,3,ARROZ,83.45,ARROZ
2012,3,LACTEO,79.75,OTROS DERIVADOS LACTEOS
2012,3,NARANJA,63.18,NARANJAS
2012,3,BANANO,63.18,BANANOS
2012,3,TOMATE DE ARBOL,63.18,TOMATE DE ARBOL
2012,3,MORA,63.18,MORAS
2012,3,PAPA,68.0,PAPA
2012,3,YUCA,68.0,YUCA
2012,3,PLATANO,68.0,PLATANO
2012,3,CEBOLLA,68.0,CEBOLLA
2012,3,TOMATE,68.0,TOMATE
2012,3,ZANAHORIA,68.0,ZANAHORIA
2012,3,FRIJOL,68.0,FRIJOL
2012,3,ARVEJA,68.0,ARVEJA
2012,3,CAFE,89.14,CAFE
2012,2,ARROZ,83.06,ARROZ
2012,2,LACTEO,79.7,OTROS DERIVADOS LACTEOS
2012,2,NARANJA,59.36,NARANJAS
2012,2,BANANO,59.36,BANANOS
2012,2,TOMATE DE ARBOL,59.36,TOMATE DE ARBOL
2012,2,MORA,59.36,MORAS
2012,2,PAPA,70.67,PAPA
2012,2,YUCA,70.67,YUCA
2012,2,PLATANO,70.67,PLATANO
2012,2,CEBOLLA,70.67,CEBOLLA
2012,2,TOMATE,70.67,TOMATE
2012,2,ZANAHORIA,70.67,ZANAHORIA
2012,2,FRIJOL,70.67,FRIJOL
2012,2,ARVEJA,70.67,ARVEJA
2012,2,CAFE,88.55,CAFE
2012,12,ARROZ,90.61,ARROZ
2012,12,LACTEO,80.54,OTROS DERIVADOS LACTEOS
2012,12,NARANJA,53.39,NARANJAS
2012,12,BANANO,53.39,BANANOS
2012,12,TOMATE DE ARBOL,53.39,TOMATE DE ARBOL
2012,12,MORA,53.39,MORAS
2012,12,PAPA,64.91,PAPA
2012,12,YUCA,64.91,YUCA
2012,12,PLATANO,64.91,PLATANO
2012,12,CEBOLLA,64.91,CEBOLLA
2012,12,TOMATE,64.91,TOMATE
2012,12,ZANAHORIA,64.91,ZANAHORIA
2012,12,FRIJOL,64.91,FRIJOL
2012,12,ARVEJA,64.91,ARVEJA
2012,12,CAFE,89.96,CAFE
2012,11,ARROZ,90.14,ARROZ
2012,11,LACTEO,80.4,OTROS DERIVADOS LACTEOS
2012,11,NARANJA,54.24,NARANJAS
2012,11,BANANO,54.24,BANANOS
2012,11,TOMATE DE ARBOL,54.24,TOMATE DE ARBOL
2012,11,MORA,54.24,MORAS
2012,11,PAPA,66.39,PAPA
2012,11,YUCA,66.39,YUCA
2012,11,PLATANO,66.39,PLATANO
2012,11,CEBOLLA,66.39,CEBOLLA
2012,11,TOMATE,66.39,TOMATE
2012,11,ZANAHORIA,66.39,ZANAHORIA
2012,11,FRIJOL,66.39,FRIJOL
2012,11,ARVEJA,66.39,ARVEJA
2012,11,CAFE,89.87,CAFE
2012,10,ARROZ,89.91,ARROZ
2012,10,LACTEO,80.55,OTROS DERIVADOS LACTEOS
2012,10,NARANJA,57.06,NARANJAS
2012,10,BANANO,57.06,BANANOS
2012,10,TOMATE DE ARBOL,57.06,TOMATE DE ARBOL
2012,10,MORA,57.06,MORAS
2012,10,PAPA,68.33,PAPA
2012,10,YUCA,68.33,YUCA
2012,10,PLATANO,68.33,PLATANO
2012,10,CEBOLLA,68.33,CEBOLLA
2012,10,TOMATE,68.33,TOMATE
2012,10,ZANAHORIA,68.33,ZANAHORIA
2012,10,FRIJOL,68.33,FRIJOL
2012,10,ARVEJA,68.33,ARVEJA
2012,10,CAFE,90.07,CAFE
2012,1,ARROZ,83.15,ARROZ
2012,1,LACTEO,79.52,OTROS DERIVADOS LACTEOS
2012,1,NARANJA,55.87,NARANJAS
2012,1,BANANO,55.87,BANANOS
2012,1,TOMATE DE ARBOL,55.87,TOMATE DE ARBOL
2012,1,MORA,55.87,MORAS
2012,1,PAPA,70.91,PAPA
2012,1,YUCA,70.91,YUCA
2012,1,PLATANO,70.91,PLATANO
2012,1,CEBOLLA,70.91,CEBOLLA
2012,1,TOMATE,70.91,TOMATE
2012,1,ZANAHORIA,70.91,ZANAHORIA
2012,1,FRIJOL,70.91,FRIJOL
2012,1,ARVEJA,70.91,ARVEJA
2012,1,CAFE,88.18,CAFE
2011,9,ARROZ,82.2,ARROZ
2011,9,LACTEO,75.93,OTROS DERIVADOS LACTEOS
2011,9,NARANJA,62.01,NARANJAS
2011,9,BANANO,62.01,BANANOS
2011,9,TOMATE DE ARBOL,62.01,TOMATE DE ARBOL
2011,9,MORA,62.01,MORAS
2011,9,PAPA,69.12,PAPA
2011,9,YUCA,69.12,YUCA
2011,9,PLATANO,69.12,PLATANO
2011,9,CEBOLLA,69.12,CEBOLLA
2011,9,TOMATE,69.12,TOMATE
2011,9,ZANAHORIA,69.12,ZANAHORIA
2011,9,FRIJOL,69.12,FRIJOL
2011,9,ARVEJA,69.12,ARVEJA
2011,9,CAFE,86.21,CAFE
2011,8,ARROZ,82.82,ARROZ
2011,8,LACTEO,75.64,OTROS DERIVADOS LACTEOS
2011,8,NARANJA,62.94,NARANJAS
2011,8,BANANO,62.94,BANANOS
2011,8,TOMATE DE ARBOL,62.94,TOMATE DE ARBOL
2011,8,MORA,62.94,MORAS
2011,8,PAPA,68.36,PAPA
2011,8,YUCA,68.36,YUCA
2011,8,PLATANO,68.36,PLATANO
2011,8,CEBOLLA,68.36,CEBOLLA
2011,8,TOMATE,68.36,TOMATE
2011,8,ZANAHORIA,68.36,ZANAHORIA
2011,8,FRIJOL,68.36,FRIJOL
2011,8,ARVEJA,68.36,ARVEJA
2011,8,CAFE,86.01,CAFE
2011,7,ARROZ,83.78,ARROZ
2011,7,LACTEO,75.11,OTROS DERIVADOS LACTEOS
2011,7,NARANJA,64.16,NARANJAS
2011,7,BANANO,64.16,BANANOS
2011,7,TOMATE DE ARBOL,64.16,TOMATE DE ARBOL
2011,7,MORA,64.16,MORAS
2011,7,PAPA,69.77,PAPA
2011,7,YUCA,69.77,YUCA
2011,7,PLATANO,69.77,PLATANO
2011,7,CEBOLLA,69.77,CEBOLLA
2011,7,TOMATE,69.77,TOMATE
2011,7,ZANAHORIA,69.77,ZANAHORIA
2011,7,FRIJOL,69.77,FRIJOL
2011,7,ARVEJA,69.77,ARVEJA
2011,7,CAFE,85.68,CAFE
2011,6,ARROZ,83.92,ARROZ
2011,6,LACTEO,75.01,OTROS DERIVADOS LACTEOS
2011,6,NARANJA,61.05,NARANJAS
2011,6,BANANO,61.05,BANANOS
2011,6,TOMATE DE ARBOL,61.05,TOMATE DE ARBOL
2011,6,MORA,61.05,MORAS
2011,6,PAPA,68.74,PAPA
2011,6,YUCA,68.74,YUCA
2011,6,PLATANO,68.74,PLATANO
2011,6,CEBOLLA,68.74,CEBOLLA
2011,6,TOMATE,68.74,TOMATE
2011,6,ZANAHORIA,68.74,ZANAHORIA
2011,6,FRIJOL,68.74,FRIJOL
2011,6,ARVEJA,68.74,ARVEJA
2011,6,CAFE,85.4,CAFE
2011,5,ARROZ,83.33,ARROZ
2011,5,LACTEO,75.11,OTROS DERIVADOS LACTEOS
2011,5,NARANJA,60.28,NARANJAS
2011,5,BANANO,60.28,BANANOS
2011,5,TOMATE DE ARBOL,60.28,TOMATE DE ARBOL
2011,5,MORA,60.28,MORAS
2011,5,PAPA,66.96,PAPA
2011,5,YUCA,66.96,YUCA
2011,5,PLATANO,66.96,PLATANO
2011,5,CEBOLLA,66.96,CEBOLLA
2011,5,TOMATE,66.96,TOMATE
2011,5,ZANAHORIA,66.96,ZANAHORIA
2011,5,FRIJOL,66.96,FRIJOL
2011,5,ARVEJA,66.96,ARVEJA
2011,5,CAFE,85.31,CAFE
2011,4,ARROZ,81.54,ARROZ
2011,4,LACTEO,74.72,OTROS DERIVADOS LACTEOS
2011,4,NARANJA,61.61,NARANJAS
2011,4,BANANO,61.61,BANANOS
2011,4,TOMATE DE ARBOL,61.61,TOMATE DE ARBOL
2011,4,MORA,61.61,MORAS
2011,4,PAPA,64.84,PAPA
2011,4,YUCA,64.84,YUCA
2011,4,PLATANO,64.84,PLATANO
2011,4,CEBOLLA,64.84,CEBOLLA
2011,4,TOMATE,64.84,TOMATE
2011,4,ZANAHORIA,64.84,ZANAHORIA
2011,4,FRIJOL,64.84,FRIJOL
2011,4,ARVEJA,64.84,ARVEJA
2011,4,CAFE,84.95,CAFE
2011,3,ARROZ,81.21,ARROZ
2011,3,LACTEO,74.71,OTROS DERIVADOS LACTEOS
2011,3,NARANJA,61.24,NARANJAS
2011,3,BANANO,61.24,BANANOS
2011,3,TOMATE DE ARBOL,61.24,TOMATE DE ARBOL
2011,3,MORA,61.24,MORAS
2011,3,PAPA,65.21,PAPA
2011,3,YUCA,65.21,YUCA
2011,3,PLATANO,65.21,PLATANO
2011,3,CEBOLLA,65.21,CEBOLLA
2011,3,TOMATE,65.21,TOMATE
2011,3,ZANAHORIA,65.21,ZANAHORIA
2011,3,FRIJOL,65.21,FRIJOL
2011,3,ARVEJA,65.21,ARVEJA
2011,3,CAFE,84.62,CAFE
2011,2,ARROZ,80.83,ARROZ
2011,2,LACTEO,74.8,OTROS DERIVADOS LACTEOS
2011,2,NARANJA,57.65,NARANJAS
2011,2,BANANO,57.65,BANANOS
2011,2,TOMATE DE ARBOL,57.65,TOMATE DE ARBOL
2011,2,MORA,57.65,MORAS
2011,2,PAPA,67.09,PAPA
2011,2,YUCA,67.09,YUCA
2011,2,PLATANO,67.09,PLATANO
2011,2,CEBOLLA,67.09,CEBOLLA
2011,2,TOMATE,67.09,TOMATE
2011,2,ZANAHORIA,67.09,ZANAHORIA
2011,2,FRIJOL,67.09,FRIJOL
2011,2,ARVEJA,67.09,ARVEJA
2011,2,CAFE,84.03,CAFE
2011,12,ARROZ,82.82,ARROZ
2011,12,LACTEO,78.62,OTROS DERIVADOS LACTEOS
2011,12,NARANJA,55.46,NARANJAS
2011,12,BANANO,55.46,BANANOS
2011,12,TOMATE DE ARBOL,55.46,TOMATE DE ARBOL
2011,12,MORA,55.46,MORAS
2011,12,PAPA,68.77,PAPA
2011,12,YUCA,68.77,YUCA
2011,12,PLATANO,68.77,PLATANO
2011,12,CEBOLLA,68.77,CEBOLLA
2011,12,TOMATE,68.77,TOMATE
2011,12,ZANAHORIA,68.77,ZANAHORIA
2011,12,FRIJOL,68.77,FRIJOL
2011,12,ARVEJA,68.77,ARVEJA
2011,12,CAFE,87.61,CAFE
2011,11,ARROZ,82.56,ARROZ
2011,11,LACTEO,77.67,OTROS DERIVADOS LACTEOS
2011,11,NARANJA,57.43,NARANJAS
2011,11,BANANO,57.43,BANANOS
2011,11,TOMATE DE ARBOL,57.43,TOMATE DE ARBOL
2011,11,MORA,57.43,MORAS
2011,11,PAPA,68.27,PAPA
2011,11,YUCA,68.27,YUCA
2011,11,PLATANO,68.27,PLATANO
2011,11,CEBOLLA,68.27,CEBOLLA
2011,11,TOMATE,68.27,TOMATE
2011,11,ZANAHORIA,68.27,ZANAHORIA
2011,11,FRIJOL,68.27,FRIJOL
2011,11,ARVEJA,68.27,ARVEJA
2011,11,CAFE,86.97,CAFE
2011,10,ARROZ,82.58,ARROZ
2011,10,LACTEO,77.12,OTROS DERIVADOS LACTEOS
2011,10,NARANJA,60.39,NARANJAS
2011,10,BANANO,60.39,BANANOS
2011,10,TOMATE DE ARBOL,60.39,TOMATE DE ARBOL
2011,10,MORA,60.39,MORAS
2011,10,PAPA,69.17,PAPA
2011,10,YUCA,69.17,YUCA
2011,10,PLATANO,69.17,PLATANO
2011,10,CEBOLLA,69.17,CEBOLLA
2011,10,TOMATE,69.17,TOMATE
2011,10,ZANAHORIA,69.17,ZANAHORIA
2011,10,FRIJOL,69.17,FRIJOL
2011,10,ARVEJA,69.17,ARVEJA
2011,10,CAFE,86.7,CAFE
2011,1,ARROZ,80.51,ARROZ
2011,1,LACTEO,74.53,OTROS DERIVADOS LACTEOS
2011,1,NARANJA,51.78,NARANJAS
2011,1,BANANO,51.78,BANANOS
2011,1,TOMATE DE ARBOL,51.78,TOMATE DE ARBOL
2011,1,MORA,51.78,MORAS
2011,1,PAPA,67.96,PAPA
2011,1,YUCA,67.96,YUCA
2011,1,PLATANO,67.96,PLATANO
2011,1,CEBOLLA,67.96,CEBOLLA
2011,1,TOMATE,67.96,TOMATE
2011,1,ZANAHORIA,67.96,ZANAHORIA
2011,1,FRIJOL,67.96,FRIJOL
2011,1,ARVEJA,67.96,ARVEJA
2011,1,CAFE,82.62,CAFE
2010,9,ARROZ,76.82,ARROZ
2010,9,LACTEO,74.13,OTROS DERIVADOS LACTEOS
2010,9,NARANJA,46.46,NARANJAS
2010,9,BANANO,46.46,BANANOS
2010,9,TOMATE DE ARBOL,46.46,TOMATE DE ARBOL
2010,9,MORA,46.46,MORAS
2010,9,PAPA,63.29,PAPA
2010,9,YUCA,63.29,YUCA
2010,9,PLATANO,63.29,PLATANO
2010,9,CEBOLLA,63.29,CEBOLLA
2010,9,TOMATE,63.29,TOMATE
2010,9,ZANAHORIA,63.29,ZANAHORIA
2010,9,FRIJOL,63.29,FRIJOL
2010,9,ARVEJA,63.29,ARVEJA
2010,9,CAFE,80.04,CAFE
2010,8,ARROZ,76.89,ARROZ
2010,8,LACTEO,74.0,OTROS DERIVADOS LACTEOS
2010,8,NARANJA,46.68,NARANJAS
2010,8,BANANO,46.68,BANANOS
2010,8,TOMATE DE ARBOL,46.68,TOMATE DE ARBOL
2010,8,MORA,46.68,MORAS
2010,8,PAPA,66.58,PAPA
2010,8,YUCA,66.58,YUCA
2010,8,PLATANO,66.58,PLATANO
2010,8,CEBOLLA,66.58,CEBOLLA
2010,8,TOMATE,66.58,TOMATE
2010,8,ZANAHORIA,66.58,ZANAHORIA
2010,8,FRIJOL,66.58,FRIJOL
2010,8,ARVEJA,66.58,ARVEJA
2010,8,CAFE,79.38,CAFE
2010,7,ARROZ,77.0,ARROZ
2010,7,LACTEO,73.91,OTROS DERIVADOS LACTEOS
2010,7,NARANJA,47.45,NARANJAS
2010,7,BANANO,47.45,BANANOS
2010,7,TOMATE DE ARBOL,47.45,TOMATE DE ARBOL
2010,7,MORA,47.45,MORAS
2010,7,PAPA,67.17,PAPA
2010,7,YUCA,67.17,YUCA
2010,7,PLATANO,67.17,PLATANO
2010,7,CEBOLLA,67.17,CEBOLLA
2010,7,TOMATE,67.17,TOMATE
2010,7,ZANAHORIA,67.17,ZANAHORIA
2010,7,FRIJOL,67.17,FRIJOL
2010,7,ARVEJA,67.17,ARVEJA
2010,7,CAFE,78.54,CAFE
2010,6,ARROZ,77.31,ARROZ
2010,6,LACTEO,73.92,OTROS DERIVADOS LACTEOS
2010,6,NARANJA,48.84,NARANJAS
2010,6,BANANO,48.84,BANANOS
2010,6,TOMATE DE ARBOL,48.84,TOMATE DE ARBOL
2010,6,MORA,48.84,MORAS
2010,6,PAPA,68.36,PAPA
2010,6,YUCA,68.36,YUCA
2010,6,PLATANO,68.36,PLATANO
2010,6,CEBOLLA,68.36,CEBOLLA
2010,6,TOMATE,68.36,TOMATE
2010,6,ZANAHORIA,68.36,ZANAHORIA
2010,6,FRIJOL,68.36,FRIJOL
2010,6,ARVEJA,68.36,ARVEJA
2010,6,CAFE,77.97,CAFE
2010,5,ARROZ,76.93,ARROZ
2010,5,LACTEO,74.09,OTROS DERIVADOS LACTEOS
2010,5,NARANJA,51.42,NARANJAS
2010,5,BANANO,51.42,BANANOS
2010,5,TOMATE DE ARBOL,51.42,TOMATE DE ARBOL
2010,5,MORA,51.42,MORAS
2010,5,PAPA,69.3,PAPA
2010,5,YUCA,69.3,YUCA
2010,5,PLATANO,69.3,PLATANO
2010,5,CEBOLLA,69.3,CEBOLLA
2010,5,TOMATE,69.3,TOMATE
2010,5,ZANAHORIA,69.3,ZANAHORIA
2010,5,FRIJOL,69.3,FRIJOL
2010,5,ARVEJA,69.3,ARVEJA
2010,5,CAFE,77.81,CAFE
2010,4,ARROZ,76.65,ARROZ
2010,4,LACTEO,74.19,OTROS DERIVADOS LACTEOS
2010,4,NARANJA,53.93,NARANJAS
2010,4,BANANO,53.93,BANANOS
2010,4,TOMATE DE ARBOL,53.93,TOMATE DE ARBOL
2010,4,MORA,53.93,MORAS
2010,4,PAPA,69.83,PAPA
2010,4,YUCA,69.83,YUCA
2010,4,PLATANO,69.83,PLATANO
2010,4,CEBOLLA,69.83,CEBOLLA
2010,4,TOMATE,69.83,TOMATE
2010,4,ZANAHORIA,69.83,ZANAHORIA
2010,4,FRIJOL,69.83,FRIJOL
2010,4,ARVEJA,69.83,ARVEJA
2010,4,CAFE,77.44,CAFE
2010,3,ARROZ,77.01,ARROZ
2010,3,LACTEO,73.99,OTROS DERIVADOS LACTEOS
2010,3,NARANJA,51.21,NARANJAS
2010,3,BANANO,51.21,BANANOS
2010,3,TOMATE DE ARBOL,51.21,TOMATE DE ARBOL
2010,3,MORA,51.21,MORAS
2010,3,PAPA,66.09,PAPA
2010,3,YUCA,66.09,YUCA
2010,3,PLATANO,66.09,PLATANO
2010,3,CEBOLLA,66.09,CEBOLLA
2010,3,TOMATE,66.09,TOMATE
2010,3,ZANAHORIA,66.09,ZANAHORIA
2010,3,FRIJOL,66.09,FRIJOL
2010,3,ARVEJA,66.09,ARVEJA
2010,3,CAFE,77.31,CAFE
2010,2,ARROZ,77.13,ARROZ
2010,2,LACTEO,73.72,OTROS DERIVADOS LACTEOS
2010,2,NARANJA,47.93,NARANJAS
2010,2,BANANO,47.93,BANANOS
2010,2,TOMATE DE ARBOL,47.93,TOMATE DE ARBOL
2010,2,MORA,47.93,MORAS
2010,2,PAPA,64.59,PAPA
2010,2,YUCA,64.59,YUCA
2010,2,PLATANO,64.59,PLATANO
2010,2,CEBOLLA,64.59,CEBOLLA
2010,2,TOMATE,64.59,TOMATE
2010,2,ZANAHORIA,64.59,ZANAHORIA
2010,2,FRIJOL,64.59,FRIJOL
2010,2,ARVEJA,64.59,ARVEJA
2010,2,CAFE,77.41,CAFE
2010,12,ARROZ,80.1,ARROZ
2010,12,LACTEO,74.44,OTROS DERIVADOS LACTEOS
2010,12,NARANJA,49.05,NARANJAS
2010,12,BANANO,49.05,BANANOS
2010,12,TOMATE DE ARBOL,49.05,TOMATE DE ARBOL
2010,12,MORA,49.05,MORAS
2010,12,PAPA,65.61,PAPA
2010,12,YUCA,65.61,YUCA
2010,12,PLATANO,65.61,PLATANO
2010,12,CEBOLLA,65.61,CEBOLLA
2010,12,TOMATE,65.61,TOMATE
2010,12,ZANAHORIA,65.61,ZANAHORIA
2010,12,FRIJOL,65.61,FRIJOL
2010,12,ARVEJA,65.61,ARVEJA
2010,12,CAFE,81.24,CAFE
2010,11,ARROZ,78.62,ARROZ
2010,11,LACTEO,74.06,OTROS DERIVADOS LACTEOS
2010,11,NARANJA,47.18,NARANJAS
2010,11,BANANO,47.18,BANANOS
2010,11,TOMATE DE ARBOL,47.18,TOMATE DE ARBOL
2010,11,MORA,47.18,MORAS
2010,11,PAPA,60.83,PAPA
2010,11,YUCA,60.83,YUCA
2010,11,PLATANO,60.83,PLATANO
2010,11,CEBOLLA,60.83,CEBOLLA
2010,11,TOMATE,60.83,TOMATE
2010,11,ZANAHORIA,60.83,ZANAHORIA
2010,11,FRIJOL,60.83,FRIJOL
2010,11,ARVEJA,60.83,ARVEJA
2010,11,CAFE,80.36,CAFE
2010,10,ARROZ,77.18,ARROZ
2010,10,LACTEO,73.96,OTROS DERIVADOS LACTEOS
2010,10,NARANJA,46.66,NARANJAS
2010,10,BANANO,46.66,BANANOS
2010,10,TOMATE DE ARBOL,46.66,TOMATE DE ARBOL
2010,10,MORA,46.66,MORAS
2010,10,PAPA,60.61,PAPA
2010,10,YUCA,60.61,YUCA
2010,10,PLATANO,60.61,PLATANO
2010,10,CEBOLLA,60.61,CEBOLLA
2010,10,TOMATE,60.61,TOMATE
2010,10,ZANAHORIA,60.61,ZANAHORIA
2010,10,FRIJOL,60.61,FRIJOL
2010,10,ARVEJA,60.61,ARVEJA
2010,10,CAFE,80.2,CAFE
2010,1,ARROZ,76.54,ARROZ
2010,1,LACTEO,72.84,OTROS DERIVADOS LACTEOS
2010,1,NARANJA,44.4,NARANJAS
2010,1,BANANO,44.4,BANANOS
2010,1,TOMATE DE ARBOL,44.4,TOMATE DE ARBOL
2010,1,MORA,44.4,MORAS
2010,1,PAPA,61.52,PAPA
2010,1,YUCA,61.52,YUCA
2010,1,PLATANO,61.52,PLATANO
2010,1,CEBOLLA,61.52,CEBOLLA
2010,1,TOMATE,61.52,TOMATE
2010,1,ZANAHORIA,61.52,ZANAHORIA
2010,1,FRIJOL,61.52,FRIJOL
2010,1,ARVEJA,61.52,ARVEJA
2010,1,CAFE,76.98,CAFE
2009,9,ARROZ,77.46,ARROZ
2009,9,LACTEO,71.92,OTROS DERIVADOS LACTEOS
2009,9,NARANJA,49.68,NARANJAS
2009,9,BANANO,49.68,BANANOS
2009,9,TOMATE DE ARBOL,49.68,TOMATE DE ARBOL
2009,9,MORA,49.68,MORAS
2009,9,PAPA,58.81,PAPA
2009,9,YUCA,58.81,YUCA
2009,9,PLATANO,58.81,PLATANO
2009,9,CEBOLLA,58.81,CEBOLLA
2009,9,TOMATE,58.81,TOMATE
2009,9,ZANAHORIA,58.81,ZANAHORIA
2009,9,FRIJOL,58.81,FRIJOL
2009,9,ARVEJA,58.81,ARVEJA
2009,9,CAFE,75.85,CAFE
2009,8,ARROZ,78.5,ARROZ
2009,8,LACTEO,71.89,OTROS DERIVADOS LACTEOS
2009,8,NARANJA,50.39,NARANJAS
2009,8,BANANO,50.39,BANANOS
2009,8,TOMATE DE ARBOL,50.39,TOMATE DE ARBOL
2009,8,MORA,50.39,MORAS
2009,8,PAPA,59.78,PAPA
2009,8,YUCA,59.78,YUCA
2009,8,PLATANO,59.78,PLATANO
2009,8,CEBOLLA,59.78,CEBOLLA
2009,8,TOMATE,59.78,TOMATE
2009,8,ZANAHORIA,59.78,ZANAHORIA
2009,8,FRIJOL,59.78,FRIJOL
2009,8,ARVEJA,59.78,ARVEJA
2009,8,CAFE,75.73,CAFE
2009,7,ARROZ,79.25,ARROZ
2009,7,LACTEO,71.89,OTROS DERIVADOS LACTEOS
2009,7,NARANJA,50.46,NARANJAS
2009,7,BANANO,50.46,BANANOS
2009,7,TOMATE DE ARBOL,50.46,TOMATE DE ARBOL
2009,7,MORA,50.46,MORAS
2009,7,PAPA,60.58,PAPA
2009,7,YUCA,60.58,YUCA
2009,7,PLATANO,60.58,PLATANO
2009,7,CEBOLLA,60.58,CEBOLLA
2009,7,TOMATE,60.58,TOMATE
2009,7,ZANAHORIA,60.58,ZANAHORIA
2009,7,FRIJOL,60.58,FRIJOL
2009,7,ARVEJA,60.58,ARVEJA
2009,7,CAFE,75.23,CAFE
2009,6,ARROZ,81.34,ARROZ
2009,6,LACTEO,72.24,OTROS DERIVADOS LACTEOS
2009,6,NARANJA,51.0,NARANJAS
2009,6,BANANO,51.0,BANANOS
2009,6,TOMATE DE ARBOL,51.0,TOMATE DE ARBOL
2009,6,MORA,51.0,MORAS
2009,6,PAPA,62.6,PAPA
2009,6,YUCA,62.6,YUCA
2009,6,PLATANO,62.6,PLATANO
2009,6,CEBOLLA,62.6,CEBOLLA
2009,6,TOMATE,62.6,TOMATE
2009,6,ZANAHORIA,62.6,ZANAHORIA
2009,6,FRIJOL,62.6,FRIJOL
2009,6,ARVEJA,62.6,ARVEJA
2009,6,CAFE,74.31,CAFE
2009,5,ARROZ,83.2,ARROZ
2009,5,LACTEO,72.65,OTROS DERIVADOS LACTEOS
2009,5,NARANJA,52.4,NARANJAS
2009,5,BANANO,52.4,BANANOS
2009,5,TOMATE DE ARBOL,52.4,TOMATE DE ARBOL
2009,5,MORA,52.4,MORAS
2009,5,PAPA,65.59,PAPA
2009,5,YUCA,65.59,YUCA
2009,5,PLATANO,65.59,PLATANO
2009,5,CEBOLLA,65.59,CEBOLLA
2009,5,TOMATE,65.59,TOMATE
2009,5,ZANAHORIA,65.59,ZANAHORIA
2009,5,FRIJOL,65.59,FRIJOL
2009,5,ARVEJA,65.59,ARVEJA
2009,5,CAFE,71.93,CAFE
2009,4,ARROZ,83.36,ARROZ
2009,4,LACTEO,72.78,OTROS DERIVADOS LACTEOS
2009,4,NARANJA,55.26,NARANJAS
2009,4,BANANO,55.26,BANANOS
2009,4,TOMATE DE ARBOL,55.26,TOMATE DE ARBOL
2009,4,MORA,55.26,MORAS
2009,4,PAPA,65.58,PAPA
2009,4,YUCA,65.58,YUCA
2009,4,PLATANO,65.58,PLATANO
2009,4,CEBOLLA,65.58,CEBOLLA
2009,4,TOMATE,65.58,TOMATE
2009,4,ZANAHORIA,65.58,ZANAHORIA
2009,4,FRIJOL,65.58,FRIJOL
2009,4,ARVEJA,65.58,ARVEJA
2009,4,CAFE,71.16,CAFE
2009,3,ARROZ,83.81,ARROZ
2009,3,LACTEO,72.4,OTROS DERIVADOS LACTEOS
2009,3,NARANJA,55.1,NARANJAS
2009,3,BANANO,55.1,BANANOS
2009,3,TOMATE DE ARBOL,55.1,TOMATE DE ARBOL
2009,3,MORA,55.1,MORAS
2009,3,PAPA,63.89,PAPA
2009,3,YUCA,63.89,YUCA
2009,3,PLATANO,63.89,PLATANO
2009,3,CEBOLLA,63.89,CEBOLLA
2009,3,TOMATE,63.89,TOMATE
2009,3,ZANAHORIA,63.89,ZANAHORIA
2009,3,FRIJOL,63.89,FRIJOL
2009,3,ARVEJA,63.89,ARVEJA
2009,3,CAFE,70.01,CAFE
2009,2,ARROZ,84.66,ARROZ
2009,2,LACTEO,72.3,OTROS DERIVADOS LACTEOS
2009,2,NARANJA,52.81,NARANJAS
2009,2,BANANO,52.81,BANANOS
2009,2,TOMATE DE ARBOL,52.81,TOMATE DE ARBOL
2009,2,MORA,52.81,MORAS
2009,2,PAPA,63.66,PAPA
2009,2,YUCA,63.66,YUCA
2009,2,PLATANO,63.66,PLATANO
2009,2,CEBOLLA,63.66,CEBOLLA
2009,2,TOMATE,63.66,TOMATE
2009,2,ZANAHORIA,63.66,ZANAHORIA
2009,2,FRIJOL,63.66,FRIJOL
2009,2,ARVEJA,63.66,ARVEJA
2009,2,CAFE,69.51,CAFE
2009,12,ARROZ,76.73,ARROZ
2009,12,LACTEO,72.46,OTROS DERIVADOS LACTEOS
2009,12,NARANJA,43.66,NARANJAS
2009,12,BANANO,43.66,BANANOS
2009,12,TOMATE DE ARBOL,43.66,TOMATE DE ARBOL
2009,12,MORA,43.66,MORAS
2009,12,PAPA,59.22,PAPA
2009,12,YUCA,59.22,YUCA
2009,12,PLATANO,59.22,PLATANO
2009,12,CEBOLLA,59.22,CEBOLLA
2009,12,TOMATE,59.22,TOMATE
2009,12,ZANAHORIA,59.22,ZANAHORIA
2009,12,FRIJOL,59.22,FRIJOL
2009,12,ARVEJA,59.22,ARVEJA
2009,12,CAFE,76.3,CAFE
2009,11,ARROZ,76.76,ARROZ
2009,11,LACTEO,72.03,OTROS DERIVADOS LACTEOS
2009,11,NARANJA,45.4,NARANJAS
2009,11,BANANO,45.4,BANANOS
2009,11,TOMATE DE ARBOL,45.4,TOMATE DE ARBOL
2009,11,MORA,45.4,MORAS
2009,11,PAPA,59.57,PAPA
2009,11,YUCA,59.57,YUCA
2009,11,PLATANO,59.57,PLATANO
2009,11,CEBOLLA,59.57,CEBOLLA
2009,11,TOMATE,59.57,TOMATE
2009,11,ZANAHORIA,59.57,ZANAHORIA
2009,11,FRIJOL,59.57,FRIJOL
2009,11,ARVEJA,59.57,ARVEJA
2009,11,CAFE,75.9,CAFE
2009,10,ARROZ,76.9,ARROZ
2009,10,LACTEO,71.79,OTROS DERIVADOS LACTEOS
2009,10,NARANJA,49.09,NARANJAS
2009,10,BANANO,49.09,BANANOS
2009,10,TOMATE DE ARBOL,49.09,TOMATE DE ARBOL
2009,10,MORA,49.09,MORAS
2009,10,PAPA,59.59,PAPA
2009,10,YUCA,59.59,YUCA
2009,10,PLATANO,59.59,PLATANO
2009,10,CEBOLLA,59.59,CEBOLLA
2009,10,TOMATE,59.59,TOMATE
2009,10,ZANAHORIA,59.59,ZANAHORIA
2009,10,FRIJOL,59.59,FRIJOL
2009,10,ARVEJA,59.59,ARVEJA
2009,10,CAFE,75.78,CAFE
2009,1,ARROZ,85.03,ARROZ
2009,1,LACTEO,71.65,OTROS DERIVADOS LACTEOS
2009,1,NARANJA,51.12,NARANJAS
2009,1,BANANO,51.12,BANANOS
2009,1,TOMATE DE ARBOL,51.12,TOMATE DE ARBOL
2009,1,MORA,51.12,MORAS
2009,1,PAPA,63.55,PAPA
2009,1,YUCA,63.55,YUCA
2009,1,PLATANO,63.55,PLATANO
2009,1,CEBOLLA,63.55,CEBOLLA
2009,1,TOMATE,63.55,TOMATE
2009,1,ZANAHORIA,63.55,ZANAHORIA
2009,1,FRIJOL,63.55,FRIJOL
2009,1,ARVEJA,63.55,ARVEJA
2009,1,CAFE,69.48,CAFE
