ID_Dpto;Nombre_Dpto;ID_Mpio3;ID_Mpio;Nombre_Mpio
05;ANTIOQUIA;001;05001;MEDELLIN
05;ANTIOQUIA;002;05002;ABEJORRAL
05;ANTIOQUIA;004;05004;ABRIAQUI
05;ANTIOQUIA;021;05021;ALEJANDRIA
05;ANTIOQUIA;030;05030;AMAGA
05;ANTIOQUIA;031;05031;AMALFI
05;ANTIOQUIA;034;05034;ANDES
05;ANTIOQUIA;036;05036;ANGELOPOLIS
05;ANTIOQUIA;038;05038;ANGOSTURA
05;ANTIOQUIA;040;05040;ANORI
05;ANTIOQUIA;042;05042;SANTAFE DE ANTIOQUIA
05;ANTIOQUIA;044;05044;ANZA
05;ANTIOQUIA;045;05045;APARTADO
05;ANTIOQUIA;051;05051;ARBOLETES
05;ANTIOQUIA;055;05055;ARGELIA
05;ANTIOQUIA;059;05059;ARMENIA
05;ANTIOQUIA;079;05079;BARBOSA
05;ANTIOQUIA;086;05086;BELMIRA
05;ANTIOQUIA;088;05088;BELLO
05;ANTIOQUIA;091;05091;BETANIA
05;ANTIOQUIA;093;05093;BETULIA
05;ANTIOQUIA;101;05101;CIUDAD BOLIVAR
05;ANTIOQUIA;107;05107;BRICEÑO
05;ANTIOQUIA;113;05113;BURITICA
05;ANTIOQUIA;120;05120;CACERES
05;ANTIOQUIA;125;05125;CAICEDO
05;ANTIOQUIA;129;05129;CALDAS
05;ANTIOQUIA;134;05134;CAMPAMENTO
05;ANTIOQUIA;138;05138;CAÑASGORDAS
05;ANTIOQUIA;142;05142;CARACOLI
05;ANTIOQUIA;145;05145;CARAMANTA
05;ANTIOQUIA;147;05147;CAREPA
05;ANTIOQUIA;148;05148;EL CARMEN DE VIBORAL
05;ANTIOQUIA;150;05150;CAROLINA
05;ANTIOQUIA;154;05154;CAUCASIA
05;ANTIOQUIA;172;05172;CHIGORODO
05;ANTIOQUIA;190;05190;CISNEROS
05;ANTIOQUIA;197;05197;COCORNA
05;ANTIOQUIA;206;05206;CONCEPCION
05;ANTIOQUIA;209;05209;CONCORDIA
05;ANTIOQUIA;212;05212;COPACABANA
05;ANTIOQUIA;234;05234;DABEIBA
05;ANTIOQUIA;237;05237;DON MATIAS
05;ANTIOQUIA;240;05240;EBEJICO
05;ANTIOQUIA;250;05250;EL BAGRE
05;ANTIOQUIA;264;05264;ENTRERRIOS
05;ANTIOQUIA;266;05266;ENVIGADO
05;ANTIOQUIA;282;05282;FREDONIA
05;ANTIOQUIA;284;05284;FRONTINO
05;ANTIOQUIA;306;05306;GIRALDO
05;ANTIOQUIA;308;05308;GIRARDOTA
05;ANTIOQUIA;310;05310;GOMEZ PLATA
05;ANTIOQUIA;313;05313;GRANADA
05;ANTIOQUIA;315;05315;GUADALUPE
05;ANTIOQUIA;318;05318;GUARNE
05;ANTIOQUIA;321;05321;GUATAPE
05;ANTIOQUIA;347;05347;HELICONIA
05;ANTIOQUIA;353;05353;HISPANIA
05;ANTIOQUIA;360;05360;ITAGUI
05;ANTIOQUIA;361;05361;ITUANGO
05;ANTIOQUIA;364;05364;JARDIN
05;ANTIOQUIA;368;05368;JERICO
05;ANTIOQUIA;376;05376;LA CEJA
05;ANTIOQUIA;380;05380;LA ESTRELLA
05;ANTIOQUIA;390;05390;LA PINTADA
05;ANTIOQUIA;400;05400;LA UNION
05;ANTIOQUIA;411;05411;LIBORINA
05;ANTIOQUIA;425;05425;MACEO
05;ANTIOQUIA;440;05440;MARINILLA
05;ANTIOQUIA;467;05467;MONTEBELLO
05;ANTIOQUIA;475;05475;MURINDO
05;ANTIOQUIA;480;05480;MUTATA
05;ANTIOQUIA;483;05483;NARIÑO
05;ANTIOQUIA;490;05490;NECOCLI
05;ANTIOQUIA;495;05495;NECHI
05;ANTIOQUIA;501;05501;OLAYA
05;ANTIOQUIA;541;05541;PEÐOL
05;ANTIOQUIA;543;05543;PEQUE
05;ANTIOQUIA;576;05576;PUEBLORRICO
05;ANTIOQUIA;579;05579;PUERTO BERRIO
05;ANTIOQUIA;585;05585;PUERTO NARE
05;ANTIOQUIA;591;05591;PUERTO TRIUNFO
05;ANTIOQUIA;604;05604;REMEDIOS
05;ANTIOQUIA;607;05607;RETIRO
05;ANTIOQUIA;615;05615;RIONEGRO
05;ANTIOQUIA;628;05628;SABANALARGA
05;ANTIOQUIA;631;05631;SABANETA
05;ANTIOQUIA;642;05642;SALGAR
05;ANTIOQUIA;647;05647;SAN ANDRES DE CUERQUIA
05;ANTIOQUIA;649;05649;SAN CARLOS
05;ANTIOQUIA;652;05652;SAN FRANCISCO
05;ANTIOQUIA;656;05656;SAN JERONIMO
05;ANTIOQUIA;658;05658;SAN JOSE DE LA MONTAÑA
05;ANTIOQUIA;659;05659;SAN JUAN DE URABA
05;ANTIOQUIA;660;05660;SAN LUIS
05;ANTIOQUIA;664;05664;SAN PEDRO
05;ANTIOQUIA;665;05665;SAN PEDRO DE URABA
05;ANTIOQUIA;667;05667;SAN RAFAEL
05;ANTIOQUIA;670;05670;SAN ROQUE
05;ANTIOQUIA;674;05674;SAN VICENTE
05;ANTIOQUIA;679;05679;SANTA BARBARA
05;ANTIOQUIA;686;05686;SANTA ROSA DE OSOS
05;ANTIOQUIA;690;05690;SANTO DOMINGO
05;ANTIOQUIA;697;05697;EL SANTUARIO
05;ANTIOQUIA;736;05736;SEGOVIA
05;ANTIOQUIA;756;05756;SONSON
05;ANTIOQUIA;761;05761;SOPETRAN
05;ANTIOQUIA;789;05789;TAMESIS
05;ANTIOQUIA;790;05790;TARAZA
05;ANTIOQUIA;792;05792;TARSO
05;ANTIOQUIA;809;05809;TITIRIBI
05;ANTIOQUIA;819;05819;TOLEDO
05;ANTIOQUIA;837;05837;TURBO
05;ANTIOQUIA;842;05842;URAMITA
05;ANTIOQUIA;847;05847;URRAO
05;ANTIOQUIA;854;05854;VALDIVIA
05;ANTIOQUIA;856;05856;VALPARAISO
05;ANTIOQUIA;858;05858;VEGACHI
05;ANTIOQUIA;861;05861;VENECIA
05;ANTIOQUIA;873;05873;VIGIA DEL FUERTE
05;ANTIOQUIA;885;05885;YALI
05;ANTIOQUIA;887;05887;YARUMAL
05;ANTIOQUIA;890;05890;YOLOMBO
05;ANTIOQUIA;893;05893;YONDO
05;ANTIOQUIA;895;05895;ZARAGOZA
08;ATLANTICO;001;08001;BARRANQUILLA
08;ATLANTICO;078;08078;BARANOA
08;ATLANTICO;137;08137;CAMPO DE LA CRUZ
08;ATLANTICO;141;08141;CANDELARIA
08;ATLANTICO;296;08296;GALAPA
08;ATLANTICO;372;08372;JUAN DE ACOSTA
08;ATLANTICO;421;08421;LURUACO
08;ATLANTICO;433;08433;MALAMBO
08;ATLANTICO;436;08436;MANATI
08;ATLANTICO;520;08520;PALMAR DE VARELA
08;ATLANTICO;549;08549;PIOJO
08;ATLANTICO;558;08558;POLONUEVO
08;ATLANTICO;560;08560;PONEDERA
08;ATLANTICO;573;08573;PUERTO COLOMBIA
08;ATLANTICO;606;08606;REPELON
08;ATLANTICO;634;08634;SABANAGRANDE
08;ATLANTICO;638;08638;SABANALARGA
08;ATLANTICO;675;08675;SANTA LUCIA
08;ATLANTICO;685;08685;SANTO TOMAS
08;ATLANTICO;758;08758;SOLEDAD
08;ATLANTICO;770;08770;SUAN
08;ATLANTICO;832;08832;TUBARA
08;ATLANTICO;849;08849;USIACURI
11;BOGOTA;001;11001;BOGOTA, D.C.
13;BOLIVAR;001;13001;CARTAGENA
13;BOLIVAR;006;13006;ACHI
13;BOLIVAR;030;13030;ALTOS DEL ROSARIO
13;BOLIVAR;042;13042;ARENAL
13;BOLIVAR;052;13052;ARJONA
13;BOLIVAR;062;13062;ARROYOHONDO
13;BOLIVAR;074;13074;BARRANCO DE LOBA
13;BOLIVAR;140;13140;CALAMAR
13;BOLIVAR;160;13160;CANTAGALLO
13;BOLIVAR;188;13188;CICUCO
13;BOLIVAR;212;13212;CORDOBA
13;BOLIVAR;222;13222;CLEMENCIA
13;BOLIVAR;244;13244;EL CARMEN DE BOLIVAR
13;BOLIVAR;248;13248;EL GUAMO
13;BOLIVAR;268;13268;EL PEÑON
13;BOLIVAR;300;13300;HATILLO DE LOBA
13;BOLIVAR;430;13430;MAGANGUE
13;BOLIVAR;433;13433;MAHATES
13;BOLIVAR;440;13440;MARGARITA
13;BOLIVAR;442;13442;MARIA LA BAJA
13;BOLIVAR;458;13458;MONTECRISTO
13;BOLIVAR;468;13468;MOMPOS
13;BOLIVAR;490;13490;NOROSI
13;BOLIVAR;473;13473;MORALES
13;BOLIVAR;549;13549;PINILLOS
13;BOLIVAR;580;13580;REGIDOR
13;BOLIVAR;600;13600;RIO VIEJO
13;BOLIVAR;620;13620;SAN CRISTOBAL
13;BOLIVAR;647;13647;SAN ESTANISLAO
13;BOLIVAR;650;13650;SAN FERNANDO
13;BOLIVAR;654;13654;SAN JACINTO
13;BOLIVAR;655;13655;SAN JACINTO DEL CAUCA
13;BOLIVAR;657;13657;SAN JUAN NEPOMUCENO
13;BOLIVAR;667;13667;SAN MARTIN DE LOBA
13;BOLIVAR;670;13670;SAN PABLO
13;BOLIVAR;673;13673;SANTA CATALINA
13;BOLIVAR;683;13683;SANTA ROSA
13;BOLIVAR;688;13688;SANTA ROSA DEL SUR
13;BOLIVAR;744;13744;SIMITI
13;BOLIVAR;760;13760;SOPLAVIENTO
13;BOLIVAR;780;13780;TALAIGUA NUEVO
13;BOLIVAR;810;13810;TIQUISIO
13;BOLIVAR;836;13836;TURBACO
13;BOLIVAR;838;13838;TURBANA
13;BOLIVAR;873;13873;VILLANUEVA
13;BOLIVAR;894;13894;ZAMBRANO
15;BOYACA;001;15001;TUNJA
15;BOYACA;022;15022;ALMEIDA
15;BOYACA;047;15047;AQUITANIA
15;BOYACA;051;15051;ARCABUCO
15;BOYACA;087;15087;BELEN
15;BOYACA;090;15090;BERBEO
15;BOYACA;092;15092;BETEITIVA
15;BOYACA;097;15097;BOAVITA
15;BOYACA;104;15104;BOYACA
15;BOYACA;106;15106;BRICEÑO
15;BOYACA;109;15109;BUENAVISTA
15;BOYACA;114;15114;BUSBANZA
15;BOYACA;131;15131;CALDAS
15;BOYACA;135;15135;CAMPOHERMOSO
15;BOYACA;162;15162;CERINZA
15;BOYACA;172;15172;CHINAVITA
15;BOYACA;176;15176;CHIQUINQUIRA
15;BOYACA;180;15180;CHISCAS
15;BOYACA;183;15183;CHITA
15;BOYACA;185;15185;CHITARAQUE
15;BOYACA;187;15187;CHIVATA
15;BOYACA;189;15189;CIENEGA
15;BOYACA;204;15204;COMBITA
15;BOYACA;212;15212;COPER
15;BOYACA;215;15215;CORRALES
15;BOYACA;218;15218;COVARACHIA
15;BOYACA;223;15223;CUBARA
15;BOYACA;224;15224;CUCAITA
15;BOYACA;226;15226;CUITIVA
15;BOYACA;232;15232;CHIQUIZA
15;BOYACA;236;15236;CHIVOR
15;BOYACA;238;15238;DUITAMA
15;BOYACA;244;15244;EL COCUY
15;BOYACA;248;15248;EL ESPINO
15;BOYACA;272;15272;FIRAVITOBA
15;BOYACA;276;15276;FLORESTA
15;BOYACA;293;15293;GACHANTIVA
15;BOYACA;296;15296;GAMEZA
15;BOYACA;299;15299;GARAGOA
15;BOYACA;317;15317;GUACAMAYAS
15;BOYACA;322;15322;GUATEQUE
15;BOYACA;325;15325;GUAYATA
15;BOYACA;332;15332;GsICAN
15;BOYACA;362;15362;IZA
15;BOYACA;367;15367;JENESANO
15;BOYACA;368;15368;JERICO
15;BOYACA;377;15377;LABRANZAGRANDE
15;BOYACA;380;15380;LA CAPILLA
15;BOYACA;401;15401;LA VICTORIA
15;BOYACA;403;15403;LA UVITA
15;BOYACA;407;15407;VILLA DE LEYVA
15;BOYACA;425;15425;MACANAL
15;BOYACA;442;15442;MARIPI
15;BOYACA;455;15455;MIRAFLORES
15;BOYACA;464;15464;MONGUA
15;BOYACA;466;15466;MONGUI
15;BOYACA;469;15469;MONIQUIRA
15;BOYACA;476;15476;MOTAVITA
15;BOYACA;480;15480;MUZO
15;BOYACA;491;15491;NOBSA
15;BOYACA;494;15494;NUEVO COLON
15;BOYACA;500;15500;OICATA
15;BOYACA;507;15507;OTANCHE
15;BOYACA;511;15511;PACHAVITA
15;BOYACA;514;15514;PAEZ
15;BOYACA;516;15516;PAIPA
15;BOYACA;518;15518;PAJARITO
15;BOYACA;522;15522;PANQUEBA
15;BOYACA;531;15531;PAUNA
15;BOYACA;533;15533;PAYA
15;BOYACA;537;15537;PAZ DE RIO
15;BOYACA;542;15542;PESCA
15;BOYACA;550;15550;PISBA
15;BOYACA;572;15572;PUERTO BOYACA
15;BOYACA;580;15580;QUIPAMA
15;BOYACA;599;15599;RAMIRIQUI
15;BOYACA;600;15600;RAQUIRA
15;BOYACA;621;15621;RONDON
15;BOYACA;632;15632;SABOYA
15;BOYACA;638;15638;SACHICA
15;BOYACA;646;15646;SAMACA
15;BOYACA;660;15660;SAN EDUARDO
15;BOYACA;664;15664;SAN JOSE DE PARE
15;BOYACA;667;15667;SAN LUIS DE GACENO
15;BOYACA;673;15673;SAN MATEO
15;BOYACA;676;15676;SAN MIGUEL DE SEMA
15;BOYACA;681;15681;SAN PABLO DE BORBUR
15;BOYACA;686;15686;SANTANA
15;BOYACA;690;15690;SANTA MARIA
15;BOYACA;693;15693;SANTA ROSA DE VITERBO
15;BOYACA;696;15696;SANTA SOFIA
15;BOYACA;720;15720;SATIVANORTE
15;BOYACA;723;15723;SATIVASUR
15;BOYACA;740;15740;SIACHOQUE
15;BOYACA;753;15753;SOATA
15;BOYACA;755;15755;SOCOTA
15;BOYACA;757;15757;SOCHA
15;BOYACA;759;15759;SOGAMOSO
15;BOYACA;761;15761;SOMONDOCO
15;BOYACA;762;15762;SORA
15;BOYACA;763;15763;SOTAQUIRA
15;BOYACA;764;15764;SORACA
15;BOYACA;774;15774;SUSACON
15;BOYACA;776;15776;SUTAMARCHAN
15;BOYACA;778;15778;SUTATENZA
15;BOYACA;790;15790;TASCO
15;BOYACA;798;15798;TENZA
15;BOYACA;804;15804;TIBANA
15;BOYACA;806;15806;TIBASOSA
15;BOYACA;808;15808;TINJACA
15;BOYACA;810;15810;TIPACOQUE
15;BOYACA;814;15814;TOCA
15;BOYACA;816;15816;TOGsI
15;BOYACA;820;15820;TOPAGA
15;BOYACA;822;15822;TOTA
15;BOYACA;832;15832;TUNUNGUA
15;BOYACA;835;15835;TURMEQUE
15;BOYACA;837;15837;TUTA
15;BOYACA;839;15839;TUTAZA
15;BOYACA;842;15842;UMBITA
15;BOYACA;861;15861;VENTAQUEMADA
15;BOYACA;879;15879;VIRACACHA
15;BOYACA;897;15897;ZETAQUIRA
17;CALDAS;001;17001;MANIZALES
17;CALDAS;013;17013;AGUADAS
17;CALDAS;042;17042;ANSERMA
17;CALDAS;050;17050;ARANZAZU
17;CALDAS;088;17088;BELALCAZAR
17;CALDAS;174;17174;CHINCHINA
17;CALDAS;272;17272;FILADELFIA
17;CALDAS;380;17380;LA DORADA
17;CALDAS;388;17388;LA MERCED
17;CALDAS;433;17433;MANZANARES
17;CALDAS;442;17442;MARMATO
17;CALDAS;444;17444;MARQUETALIA
17;CALDAS;446;17446;MARULANDA
17;CALDAS;486;17486;NEIRA
17;CALDAS;495;17495;NORCASIA
17;CALDAS;513;17513;PACORA
17;CALDAS;524;17524;PALESTINA
17;CALDAS;541;17541;PENSILVANIA
17;CALDAS;614;17614;RIOSUCIO
17;CALDAS;616;17616;RISARALDA
17;CALDAS;653;17653;SALAMINA
17;CALDAS;662;17662;SAMANA
17;CALDAS;665;17665;SAN JOSE
17;CALDAS;777;17777;SUPIA
17;CALDAS;867;17867;VICTORIA
17;CALDAS;873;17873;VILLAMARIA
17;CALDAS;877;17877;VITERBO
18;CAQUETA;001;18001;FLORENCIA
18;CAQUETA;029;18029;ALBANIA
18;CAQUETA;094;18094;BELEN DE LOS ANDAQUIES
18;CAQUETA;150;18150;CARTAGENA DEL CHAIRA
18;CAQUETA;205;18205;CURILLO
18;CAQUETA;247;18247;EL DONCELLO
18;CAQUETA;256;18256;EL PAUJIL
18;CAQUETA;410;18410;LA MONTAÑITA
18;CAQUETA;460;18460;MILAN
18;CAQUETA;479;18479;MORELIA
18;CAQUETA;592;18592;PUERTO RICO
18;CAQUETA;610;18610;SAN JOSE DEL FRAGUA
18;CAQUETA;753;18753;SAN VICENTE DEL CAGUAN
18;CAQUETA;756;18756;SOLANO
18;CAQUETA;785;18785;SOLITA
18;CAQUETA;860;18860;VALPARAISO
19;CAUCA;001;19001;POPAYAN
19;CAUCA;022;19022;ALMAGUER
19;CAUCA;050;19050;ARGELIA
19;CAUCA;075;19075;BALBOA
19;CAUCA;100;19100;BOLIVAR
19;CAUCA;110;19110;BUENOS AIRES
19;CAUCA;130;19130;CAJIBIO
19;CAUCA;137;19137;CALDONO
19;CAUCA;142;19142;CALOTO
19;CAUCA;212;19212;CORINTO
19;CAUCA;256;19256;EL TAMBO
19;CAUCA;290;19290;FLORENCIA
19;CAUCA;300;19300;GUACHENE
19;CAUCA;318;19318;GUAPI
19;CAUCA;355;19355;INZA
19;CAUCA;364;19364;JAMBALO
19;CAUCA;392;19392;LA SIERRA
19;CAUCA;397;19397;LA VEGA
19;CAUCA;418;19418;LOPEZ
19;CAUCA;450;19450;MERCADERES
19;CAUCA;455;19455;MIRANDA
19;CAUCA;473;19473;MORALES
19;CAUCA;513;19513;PADILLA
19;CAUCA;517;19517;PAEZ
19;CAUCA;532;19532;PATIA
19;CAUCA;533;19533;PIAMONTE
19;CAUCA;548;19548;PIENDAMO
19;CAUCA;573;19573;PUERTO TEJADA
19;CAUCA;585;19585;PURACE
19;CAUCA;622;19622;ROSAS
19;CAUCA;693;19693;SAN SEBASTIAN
19;CAUCA;698;19698;SANTANDER DE QUILICHAO
19;CAUCA;701;19701;SANTA ROSA
19;CAUCA;743;19743;SILVIA
19;CAUCA;760;19760;SOTARA
19;CAUCA;780;19780;SUAREZ
19;CAUCA;785;19785;SUCRE
19;CAUCA;807;19807;TIMBIO
19;CAUCA;809;19809;TIMBIQUI
19;CAUCA;821;19821;TORIBIO
19;CAUCA;824;19824;TOTORO
19;CAUCA;845;19845;VILLA RICA
20;CESAR;001;20001;VALLEDUPAR
20;CESAR;011;20011;AGUACHICA
20;CESAR;013;20013;AGUSTIN CODAZZI
20;CESAR;032;20032;ASTREA
20;CESAR;045;20045;BECERRIL
20;CESAR;060;20060;BOSCONIA
20;CESAR;175;20175;CHIMICHAGUA
20;CESAR;178;20178;CHIRIGUANA
20;CESAR;228;20228;CURUMANI
20;CESAR;238;20238;EL COPEY
20;CESAR;250;20250;EL PASO
20;CESAR;295;20295;GAMARRA
20;CESAR;310;20310;GONZALEZ
20;CESAR;383;20383;LA GLORIA
20;CESAR;400;20400;LA JAGUA DE IBIRICO
20;CESAR;443;20443;MANAURE
20;CESAR;517;20517;PAILITAS
20;CESAR;550;20550;PELAYA
20;CESAR;570;20570;PUEBLO BELLO
20;CESAR;614;20614;RIO DE ORO
20;CESAR;621;20621;LA PAZ
20;CESAR;710;20710;SAN ALBERTO
20;CESAR;750;20750;SAN DIEGO
20;CESAR;770;20770;SAN MARTIN
20;CESAR;787;20787;TAMALAMEQUE
23;CORDOBA;001;23001;MONTERIA
23;CORDOBA;068;23068;AYAPEL
23;CORDOBA;079;23079;BUENAVISTA
23;CORDOBA;090;23090;CANALETE
23;CORDOBA;162;23162;CERETE
23;CORDOBA;168;23168;CHIMA
23;CORDOBA;182;23182;CHINU
23;CORDOBA;189;23189;CIENAGA DE ORO
23;CORDOBA;300;23300;COTORRA
23;CORDOBA;350;23350;LA APARTADA
23;CORDOBA;417;23417;LORICA
23;CORDOBA;419;23419;LOS CORDOBAS
23;CORDOBA;464;23464;MOMIL
23;CORDOBA;466;23466;MONTELIBANO
23;CORDOBA;500;23500;MOÑITOS
23;CORDOBA;555;23555;PLANETA RICA
23;CORDOBA;570;23570;PUEBLO NUEVO
23;CORDOBA;574;23574;PUERTO ESCONDIDO
23;CORDOBA;580;23580;PUERTO LIBERTADOR
23;CORDOBA;586;23586;PURISIMA
23;CORDOBA;660;23660;SAHAGUN
23;CORDOBA;670;23670;SAN ANDRES SOTAVENTO
23;CORDOBA;672;23672;SAN ANTERO
23;CORDOBA;675;23675;SAN BERNARDO DEL VIENTO
23;CORDOBA;678;23678;SAN CARLOS
23;CORDOBA;686;23686;SAN PELAYO
23;CORDOBA;807;23807;TIERRALTA
23;CORDOBA;855;23855;VALENCIA
25;CUNDINAMARCA;001;25001;AGUA DE DIOS
25;CUNDINAMARCA;019;25019;ALBAN
25;CUNDINAMARCA;035;25035;ANAPOIMA
25;CUNDINAMARCA;040;25040;ANOLAIMA
25;CUNDINAMARCA;053;25053;ARBELAEZ
25;CUNDINAMARCA;086;25086;BELTRAN
25;CUNDINAMARCA;095;25095;BITUIMA
25;CUNDINAMARCA;099;25099;BOJACA
25;CUNDINAMARCA;120;25120;CABRERA
25;CUNDINAMARCA;123;25123;CACHIPAY
25;CUNDINAMARCA;126;25126;CAJICA
25;CUNDINAMARCA;148;25148;CAPARRAPI
25;CUNDINAMARCA;151;25151;CAQUEZA
25;CUNDINAMARCA;154;25154;CARMEN DE CARUPA
25;CUNDINAMARCA;168;25168;CHAGUANI
25;CUNDINAMARCA;175;25175;CHIA
25;CUNDINAMARCA;178;25178;CHIPAQUE
25;CUNDINAMARCA;181;25181;CHOACHI
25;CUNDINAMARCA;183;25183;CHOCONTA
25;CUNDINAMARCA;200;25200;COGUA
25;CUNDINAMARCA;214;25214;COTA
25;CUNDINAMARCA;224;25224;CUCUNUBA
25;CUNDINAMARCA;245;25245;EL COLEGIO
25;CUNDINAMARCA;258;25258;EL PEÑON
25;CUNDINAMARCA;260;25260;EL ROSAL
25;CUNDINAMARCA;269;25269;FACATATIVA
25;CUNDINAMARCA;279;25279;FOMEQUE
25;CUNDINAMARCA;281;25281;FOSCA
25;CUNDINAMARCA;286;25286;FUNZA
25;CUNDINAMARCA;288;25288;FUQUENE
25;CUNDINAMARCA;290;25290;FUSAGASUGA
25;CUNDINAMARCA;293;25293;GACHALA
25;CUNDINAMARCA;295;25295;GACHANCIPA
25;CUNDINAMARCA;297;25297;GACHETA
25;CUNDINAMARCA;299;25299;GAMA
25;CUNDINAMARCA;307;25307;GIRARDOT
25;CUNDINAMARCA;312;25312;GRANADA
25;CUNDINAMARCA;317;25317;GUACHETA
25;CUNDINAMARCA;320;25320;GUADUAS
25;CUNDINAMARCA;322;25322;GUASCA
25;CUNDINAMARCA;324;25324;GUATAQUI
25;CUNDINAMARCA;326;25326;GUATAVITA
25;CUNDINAMARCA;328;25328;GUAYABAL DE SIQUIMA
25;CUNDINAMARCA;335;25335;GUAYABETAL
25;CUNDINAMARCA;339;25339;GUTIERREZ
25;CUNDINAMARCA;368;25368;JERUSALEN
25;CUNDINAMARCA;372;25372;JUNIN
25;CUNDINAMARCA;377;25377;LA CALERA
25;CUNDINAMARCA;386;25386;LA MESA
25;CUNDINAMARCA;394;25394;LA PALMA
25;CUNDINAMARCA;398;25398;LA PEÑA
25;CUNDINAMARCA;402;25402;LA VEGA
25;CUNDINAMARCA;407;25407;LENGUAZAQUE
25;CUNDINAMARCA;426;25426;MACHETA
25;CUNDINAMARCA;430;25430;MADRID
25;CUNDINAMARCA;436;25436;MANTA
25;CUNDINAMARCA;438;25438;MEDINA
25;CUNDINAMARCA;473;25473;MOSQUERA
25;CUNDINAMARCA;483;25483;NARIÑO
25;CUNDINAMARCA;486;25486;NEMOCON
25;CUNDINAMARCA;488;25488;NILO
25;CUNDINAMARCA;489;25489;NIMAIMA
25;CUNDINAMARCA;491;25491;NOCAIMA
25;CUNDINAMARCA;506;25506;VENECIA
25;CUNDINAMARCA;513;25513;PACHO
25;CUNDINAMARCA;518;25518;PAIME
25;CUNDINAMARCA;524;25524;PANDI
25;CUNDINAMARCA;530;25530;PARATEBUENO
25;CUNDINAMARCA;535;25535;PASCA
25;CUNDINAMARCA;572;25572;PUERTO SALGAR
25;CUNDINAMARCA;580;25580;PULI
25;CUNDINAMARCA;592;25592;QUEBRADANEGRA
25;CUNDINAMARCA;594;25594;QUETAME
25;CUNDINAMARCA;596;25596;QUIPILE
25;CUNDINAMARCA;599;25599;APULO
25;CUNDINAMARCA;612;25612;RICAURTE
25;CUNDINAMARCA;645;25645;SAN ANTONIO DEL TEQUENDAMA
25;CUNDINAMARCA;649;25649;SAN BERNARDO
25;CUNDINAMARCA;653;25653;SAN CAYETANO
25;CUNDINAMARCA;658;25658;SAN FRANCISCO
25;CUNDINAMARCA;662;25662;SAN JUAN DE RIO SECO
25;CUNDINAMARCA;718;25718;SASAIMA
25;CUNDINAMARCA;736;25736;SESQUILE
25;CUNDINAMARCA;740;25740;SIBATE
25;CUNDINAMARCA;743;25743;SILVANIA
25;CUNDINAMARCA;745;25745;SIMIJACA
25;CUNDINAMARCA;754;25754;SOACHA
25;CUNDINAMARCA;758;25758;SOPO
25;CUNDINAMARCA;769;25769;SUBACHOQUE
25;CUNDINAMARCA;772;25772;SUESCA
25;CUNDINAMARCA;777;25777;SUPATA
25;CUNDINAMARCA;779;25779;SUSA
25;CUNDINAMARCA;781;25781;SUTATAUSA
25;CUNDINAMARCA;785;25785;TABIO
25;CUNDINAMARCA;793;25793;TAUSA
25;CUNDINAMARCA;797;25797;TENA
25;CUNDINAMARCA;799;25799;TENJO
25;CUNDINAMARCA;805;25805;TIBACUY
25;CUNDINAMARCA;807;25807;TIBIRITA
25;CUNDINAMARCA;815;25815;TOCAIMA
25;CUNDINAMARCA;817;25817;TOCANCIPA
25;CUNDINAMARCA;823;25823;TOPAIPI
25;CUNDINAMARCA;839;25839;UBALA
25;CUNDINAMARCA;841;25841;UBAQUE
25;CUNDINAMARCA;843;25843;VILLA DE SAN DIEGO DE UBATE
25;CUNDINAMARCA;845;25845;UNE
25;CUNDINAMARCA;851;25851;UTICA
25;CUNDINAMARCA;862;25862;VERGARA
25;CUNDINAMARCA;867;25867;VIANI
25;CUNDINAMARCA;871;25871;VILLAGOMEZ
25;CUNDINAMARCA;873;25873;VILLAPINZON
25;CUNDINAMARCA;875;25875;VILLETA
25;CUNDINAMARCA;878;25878;VIOTA
25;CUNDINAMARCA;885;25885;YACOPI
25;CUNDINAMARCA;898;25898;ZIPACON
25;CUNDINAMARCA;899;25899;ZIPAQUIRA
27;CHOCO;001;27001;QUIBDO
27;CHOCO;006;27006;ACANDI
27;CHOCO;025;27025;ALTO BAUDO
27;CHOCO;050;27050;ATRATO
27;CHOCO;073;27073;BAGADO
27;CHOCO;075;27075;BAHIA SOLANO
27;CHOCO;077;27077;BAJO BAUDO
27;CHOCO;099;27099;BOJAYA
27;CHOCO;135;27135;EL CANTON DEL SAN PABLO
27;CHOCO;150;27150;CARMEN DEL DARIEN
27;CHOCO;160;27160;CERTEGUI
27;CHOCO;205;27205;CONDOTO
27;CHOCO;245;27245;EL CARMEN DE ATRATO
27;CHOCO;250;27250;EL LITORAL DEL SAN JUAN
27;CHOCO;361;27361;ISTMINA
27;CHOCO;372;27372;JURADO
27;CHOCO;413;27413;LLORO
27;CHOCO;425;27425;MEDIO ATRATO
27;CHOCO;430;27430;MEDIO BAUDO
27;CHOCO;450;27450;MEDIO SAN JUAN
27;CHOCO;491;27491;NOVITA
27;CHOCO;495;27495;NUQUI
27;CHOCO;580;27580;RIO IRO
27;CHOCO;600;27600;RIO QUITO
27;CHOCO;615;27615;RIOSUCIO
27;CHOCO;660;27660;SAN JOSE DEL PALMAR
27;CHOCO;745;27745;SIPI
27;CHOCO;787;27787;TADO
27;CHOCO;800;27800;UNGUIA
27;CHOCO;810;27810;UNION PANAMERICANA
41;HUILA;001;41001;NEIVA
41;HUILA;006;41006;ACEVEDO
41;HUILA;013;41013;AGRADO
41;HUILA;016;41016;AIPE
41;HUILA;020;41020;ALGECIRAS
41;HUILA;026;41026;ALTAMIRA
41;HUILA;078;41078;BARAYA
41;HUILA;132;41132;CAMPOALEGRE
41;HUILA;206;41206;COLOMBIA
41;HUILA;244;41244;ELIAS
41;HUILA;298;41298;GARZON
41;HUILA;306;41306;GIGANTE
41;HUILA;319;41319;GUADALUPE
41;HUILA;349;41349;HOBO
41;HUILA;357;41357;IQUIRA
41;HUILA;359;41359;ISNOS
41;HUILA;378;41378;LA ARGENTINA
41;HUILA;396;41396;LA PLATA
41;HUILA;483;41483;NATAGA
41;HUILA;503;41503;OPORAPA
41;HUILA;518;41518;PAICOL
41;HUILA;524;41524;PALERMO
41;HUILA;530;41530;PALESTINA
41;HUILA;548;41548;PITAL
41;HUILA;551;41551;PITALITO
41;HUILA;615;41615;RIVERA
41;HUILA;660;41660;SALADOBLANCO
41;HUILA;668;41668;SAN AGUSTIN
41;HUILA;676;41676;SANTA MARIA
41;HUILA;770;41770;SUAZA
41;HUILA;791;41791;TARQUI
41;HUILA;797;41797;TESALIA
41;HUILA;799;41799;TELLO
41;HUILA;801;41801;TERUEL
41;HUILA;807;41807;TIMANA
41;HUILA;872;41872;VILLAVIEJA
41;HUILA;885;41885;YAGUARA
44;LA GUAJIRA;001;44001;RIOHACHA
44;LA GUAJIRA;035;44035;ALBANIA
44;LA GUAJIRA;078;44078;BARRANCAS
44;LA GUAJIRA;090;44090;DIBULLA
44;LA GUAJIRA;098;44098;DISTRACCION
44;LA GUAJIRA;110;44110;EL MOLINO
44;LA GUAJIRA;279;44279;FONSECA
44;LA GUAJIRA;378;44378;HATONUEVO
44;LA GUAJIRA;420;44420;LA JAGUA DEL PILAR
44;LA GUAJIRA;430;44430;MAICAO
44;LA GUAJIRA;560;44560;MANAURE
44;LA GUAJIRA;650;44650;SAN JUAN DEL CESAR
44;LA GUAJIRA;847;44847;URIBIA
44;LA GUAJIRA;855;44855;URUMITA
44;LA GUAJIRA;874;44874;VILLANUEVA
47;MAGDALENA;001;47001;SANTA MARTA
47;MAGDALENA;030;47030;ALGARROBO
47;MAGDALENA;053;47053;ARACATACA
47;MAGDALENA;058;47058;ARIGUANI
47;MAGDALENA;161;47161;CERRO SAN ANTONIO
47;MAGDALENA;170;47170;CHIBOLO
47;MAGDALENA;189;47189;CIENAGA
47;MAGDALENA;205;47205;CONCORDIA
47;MAGDALENA;245;47245;EL BANCO
47;MAGDALENA;258;47258;EL PIÑON
47;MAGDALENA;268;47268;EL RETEN
47;MAGDALENA;288;47288;FUNDACION
47;MAGDALENA;318;47318;GUAMAL
47;MAGDALENA;460;47460;NUEVA GRANADA
47;MAGDALENA;541;47541;PEDRAZA
47;MAGDALENA;545;47545;PIJIÑO DEL CARMEN
47;MAGDALENA;551;47551;PIVIJAY
47;MAGDALENA;555;47555;PLATO
47;MAGDALENA;570;47570;PUEBLOVIEJO
47;MAGDALENA;605;47605;REMOLINO
47;MAGDALENA;660;47660;SABANAS DE SAN ANGEL
47;MAGDALENA;675;47675;SALAMINA
47;MAGDALENA;692;47692;SAN SEBASTIAN DE BUENAVISTA
47;MAGDALENA;703;47703;SAN ZENON
47;MAGDALENA;707;47707;SANTA ANA
47;MAGDALENA;720;47720;SANTA BARBARA DE PINTO
47;MAGDALENA;745;47745;SITIONUEVO
47;MAGDALENA;798;47798;TENERIFE
47;MAGDALENA;960;47960;ZAPAYAN
47;MAGDALENA;980;47980;ZONA BANANERA
50;META;001;50001;VILLAVICENCIO
50;META;006;50006;ACACIAS
50;META;110;50110;BARRANCA DE UPIA
50;META;124;50124;CABUYARO
50;META;150;50150;CASTILLA LA NUEVA
50;META;223;50223;CUBARRAL
50;META;226;50226;CUMARAL
50;META;245;50245;EL CALVARIO
50;META;251;50251;EL CASTILLO
50;META;270;50270;EL DORADO
50;META;287;50287;FUENTE DE ORO
50;META;313;50313;GRANADA
50;META;318;50318;GUAMAL
50;META;325;50325;MAPIRIPAN
50;META;330;50330;MESETAS
50;META;350;50350;LA MACARENA
50;META;370;50370;URIBE
50;META;400;50400;LEJANIAS
50;META;450;50450;PUERTO CONCORDIA
50;META;568;50568;PUERTO GAITAN
50;META;573;50573;PUERTO LOPEZ
50;META;577;50577;PUERTO LLERAS
50;META;590;50590;PUERTO RICO
50;META;606;50606;RESTREPO
50;META;680;50680;SAN CARLOS DE GUAROA
50;META;683;50683;SAN JUAN DE ARAMA
50;META;686;50686;SAN JUANITO
50;META;689;50689;SAN MARTIN
50;META;711;50711;VISTAHERMOSA
52;NARIÑO;001;52001;PASTO
52;NARIÑO;019;52019;ALBAN
52;NARIÑO;022;52022;ALDANA
52;NARIÑO;036;52036;ANCUYA
52;NARIÑO;051;52051;ARBOLEDA
52;NARIÑO;079;52079;BARBACOAS
52;NARIÑO;083;52083;BELEN
52;NARIÑO;110;52110;BUESACO
52;NARIÑO;203;52203;COLON
52;NARIÑO;207;52207;CONSACA
52;NARIÑO;210;52210;CONTADERO
52;NARIÑO;215;52215;CORDOBA
52;NARIÑO;224;52224;CUASPUD
52;NARIÑO;227;52227;CUMBAL
52;NARIÑO;233;52233;CUMBITARA
52;NARIÑO;240;52240;CHACHAGsI
52;NARIÑO;250;52250;EL CHARCO
52;NARIÑO;254;52254;EL PEÑOL
52;NARIÑO;256;52256;EL ROSARIO
52;NARIÑO;258;52258;EL TABLON DE GOMEZ
52;NARIÑO;260;52260;EL TAMBO
52;NARIÑO;287;52287;FUNES
52;NARIÑO;317;52317;GUACHUCAL
52;NARIÑO;320;52320;GUAITARILLA
52;NARIÑO;323;52323;GUALMATAN
52;NARIÑO;352;52352;ILES
52;NARIÑO;354;52354;IMUES
52;NARIÑO;356;52356;IPIALES
52;NARIÑO;378;52378;LA CRUZ
52;NARIÑO;381;52381;LA FLORIDA
52;NARIÑO;385;52385;LA LLANADA
52;NARIÑO;390;52390;LA TOLA
52;NARIÑO;399;52399;LA UNION
52;NARIÑO;405;52405;LEIVA
52;NARIÑO;411;52411;LINARES
52;NARIÑO;418;52418;LOS ANDES
52;NARIÑO;427;52427;MAGsI
52;NARIÑO;435;52435;MALLAMA
52;NARIÑO;473;52473;MOSQUERA
52;NARIÑO;480;52480;NARIÑO
52;NARIÑO;490;52490;OLAYA HERRERA
52;NARIÑO;506;52506;OSPINA
52;NARIÑO;520;52520;FRANCISCO PIZARRO
52;NARIÑO;540;52540;POLICARPA
52;NARIÑO;560;52560;POTOSI
52;NARIÑO;565;52565;PROVIDENCIA
52;NARIÑO;573;52573;PUERRES
52;NARIÑO;585;52585;PUPIALES
52;NARIÑO;612;52612;RICAURTE
52;NARIÑO;621;52621;ROBERTO PAYAN
52;NARIÑO;678;52678;SAMANIEGO
52;NARIÑO;683;52683;SANDONA
52;NARIÑO;685;52685;SAN BERNARDO
52;NARIÑO;687;52687;SAN LORENZO
52;NARIÑO;693;52693;SAN PABLO
52;NARIÑO;694;52694;SAN PEDRO DE CARTAGO
52;NARIÑO;696;52696;SANTA BARBARA
52;NARIÑO;699;52699;SANTACRUZ
52;NARIÑO;720;52720;SAPUYES
52;NARIÑO;786;52786;TAMINANGO
52;NARIÑO;788;52788;TANGUA
52;NARIÑO;835;52835;SAN ANDRES DE TUMACO
52;NARIÑO;838;52838;TUQUERRES
52;NARIÑO;885;52885;YACUANQUER
54;N. DE SANTANDER;001;54001;CUCUTA
54;N. DE SANTANDER;003;54003;ABREGO
54;N. DE SANTANDER;051;54051;ARBOLEDAS
54;N. DE SANTANDER;099;54099;BOCHALEMA
54;N. DE SANTANDER;109;54109;BUCARASICA
54;N. DE SANTANDER;125;54125;CACOTA
54;N. DE SANTANDER;128;54128;CACHIRA
54;N. DE SANTANDER;172;54172;CHINACOTA
54;N. DE SANTANDER;174;54174;CHITAGA
54;N. DE SANTANDER;206;54206;CONVENCION
54;N. DE SANTANDER;223;54223;CUCUTILLA
54;N. DE SANTANDER;239;54239;DURANIA
54;N. DE SANTANDER;245;54245;EL CARMEN
54;N. DE SANTANDER;250;54250;EL TARRA
54;N. DE SANTANDER;261;54261;EL ZULIA
54;N. DE SANTANDER;313;54313;GRAMALOTE
54;N. DE SANTANDER;344;54344;HACARI
54;N. DE SANTANDER;347;54347;HERRAN
54;N. DE SANTANDER;377;54377;LABATECA
54;N. DE SANTANDER;385;54385;LA ESPERANZA
54;N. DE SANTANDER;398;54398;LA PLAYA
54;N. DE SANTANDER;405;54405;LOS PATIOS
54;N. DE SANTANDER;418;54418;LOURDES
54;N. DE SANTANDER;480;54480;MUTISCUA
54;N. DE SANTANDER;498;54498;OCAÑA
54;N. DE SANTANDER;518;54518;PAMPLONA
54;N. DE SANTANDER;520;54520;PAMPLONITA
54;N. DE SANTANDER;553;54553;PUERTO SANTANDER
54;N. DE SANTANDER;599;54599;RAGONVALIA
54;N. DE SANTANDER;660;54660;SALAZAR
54;N. DE SANTANDER;670;54670;SAN CALIXTO
54;N. DE SANTANDER;673;54673;SAN CAYETANO
54;N. DE SANTANDER;680;54680;SANTIAGO
54;N. DE SANTANDER;720;54720;SARDINATA
54;N. DE SANTANDER;743;54743;SILOS
54;N. DE SANTANDER;800;54800;TEORAMA
54;N. DE SANTANDER;810;54810;TIBU
54;N. DE SANTANDER;820;54820;TOLEDO
54;N. DE SANTANDER;871;54871;VILLA CARO
54;N. DE SANTANDER;874;54874;VILLA DEL ROSARIO
63;QUINDIO;001;63001;ARMENIA
63;QUINDIO;111;63111;BUENAVISTA
63;QUINDIO;130;63130;CALARCA
63;QUINDIO;190;63190;CIRCASIA
63;QUINDIO;212;63212;CORDOBA
63;QUINDIO;272;63272;FILANDIA
63;QUINDIO;302;63302;GENOVA
63;QUINDIO;401;63401;LA TEBAIDA
63;QUINDIO;470;63470;MONTENEGRO
63;QUINDIO;548;63548;PIJAO
63;QUINDIO;594;63594;QUIMBAYA
63;QUINDIO;690;63690;SALENTO
66;RISARALDA;001;66001;PEREIRA
66;RISARALDA;045;66045;APIA
66;RISARALDA;075;66075;BALBOA
66;RISARALDA;088;66088;BELEN DE UMBRIA
66;RISARALDA;170;66170;DOSQUEBRADAS
66;RISARALDA;318;66318;GUATICA
66;RISARALDA;383;66383;LA CELIA
66;RISARALDA;400;66400;LA VIRGINIA
66;RISARALDA;440;66440;MARSELLA
66;RISARALDA;456;66456;MISTRATO
66;RISARALDA;572;66572;PUEBLO RICO
66;RISARALDA;594;66594;QUINCHIA
66;RISARALDA;682;66682;SANTA ROSA DE CABAL
66;RISARALDA;687;66687;SANTUARIO
68;SANTANDER;001;68001;BUCARAMANGA
68;SANTANDER;013;68013;AGUADA
68;SANTANDER;020;68020;ALBANIA
68;SANTANDER;051;68051;ARATOCA
68;SANTANDER;077;68077;BARBOSA
68;SANTANDER;079;68079;BARICHARA
68;SANTANDER;081;68081;BARRANCABERMEJA
68;SANTANDER;092;68092;BETULIA
68;SANTANDER;101;68101;BOLIVAR
68;SANTANDER;121;68121;CABRERA
68;SANTANDER;132;68132;CALIFORNIA
68;SANTANDER;147;68147;CAPITANEJO
68;SANTANDER;152;68152;CARCASI
68;SANTANDER;160;68160;CEPITA
68;SANTANDER;162;68162;CERRITO
68;SANTANDER;167;68167;CHARALA
68;SANTANDER;169;68169;CHARTA
68;SANTANDER;176;68176;CHIMA
68;SANTANDER;179;68179;CHIPATA
68;SANTANDER;190;68190;CIMITARRA
68;SANTANDER;207;68207;CONCEPCION
68;SANTANDER;209;68209;CONFINES
68;SANTANDER;211;68211;CONTRATACION
68;SANTANDER;217;68217;COROMORO
68;SANTANDER;229;68229;CURITI
68;SANTANDER;235;68235;EL CARMEN DE CHUCURI
68;SANTANDER;245;68245;EL GUACAMAYO
68;SANTANDER;250;68250;EL PEÑON
68;SANTANDER;255;68255;EL PLAYON
68;SANTANDER;264;68264;ENCINO
68;SANTANDER;266;68266;ENCISO
68;SANTANDER;271;68271;FLORIAN
68;SANTANDER;276;68276;FLORIDABLANCA
68;SANTANDER;296;68296;GALAN
68;SANTANDER;298;68298;GAMBITA
68;SANTANDER;307;68307;GIRON
68;SANTANDER;318;68318;GUACA
68;SANTANDER;320;68320;GUADALUPE
68;SANTANDER;322;68322;GUAPOTA
68;SANTANDER;324;68324;GUAVATA
68;SANTANDER;327;68327;GsEPSA
68;SANTANDER;344;68344;HATO
68;SANTANDER;368;68368;JESUS MARIA
68;SANTANDER;370;68370;JORDAN
68;SANTANDER;377;68377;LA BELLEZA
68;SANTANDER;385;68385;LANDAZURI
68;SANTANDER;397;68397;LA PAZ
68;SANTANDER;406;68406;LEBRIJA
68;SANTANDER;418;68418;LOS SANTOS
68;SANTANDER;425;68425;MACARAVITA
68;SANTANDER;432;68432;MALAGA
68;SANTANDER;444;68444;MATANZA
68;SANTANDER;464;68464;MOGOTES
68;SANTANDER;468;68468;MOLAGAVITA
68;SANTANDER;498;68498;OCAMONTE
68;SANTANDER;500;68500;OIBA
68;SANTANDER;502;68502;ONZAGA
68;SANTANDER;522;68522;PALMAR
68;SANTANDER;524;68524;PALMAS DEL SOCORRO
68;SANTANDER;533;68533;PARAMO
68;SANTANDER;547;68547;PIEDECUESTA
68;SANTANDER;549;68549;PINCHOTE
68;SANTANDER;572;68572;PUENTE NACIONAL
68;SANTANDER;573;68573;PUERTO PARRA
68;SANTANDER;575;68575;PUERTO WILCHES
68;SANTANDER;615;68615;RIONEGRO
68;SANTANDER;655;68655;SABANA DE TORRES
68;SANTANDER;669;68669;SAN ANDRES
68;SANTANDER;673;68673;SAN BENITO
68;SANTANDER;679;68679;SAN GIL
68;SANTANDER;682;68682;SAN JOAQUIN
68;SANTANDER;684;68684;SAN JOSE DE MIRANDA
68;SANTANDER;686;68686;SAN MIGUEL
68;SANTANDER;689;68689;SAN VICENTE DE CHUCURI
68;SANTANDER;705;68705;SANTA BARBARA
68;SANTANDER;720;68720;SANTA HELENA DEL OPON
68;SANTANDER;745;68745;SIMACOTA
68;SANTANDER;755;68755;SOCORRO
68;SANTANDER;770;68770;SUAITA
68;SANTANDER;773;68773;SUCRE
68;SANTANDER;780;68780;SURATA
68;SANTANDER;820;68820;TONA
68;SANTANDER;855;68855;VALLE DE SAN JOSE
68;SANTANDER;861;68861;VELEZ
68;SANTANDER;867;68867;VETAS
68;SANTANDER;872;68872;VILLANUEVA
68;SANTANDER;895;68895;ZAPATOCA
70;SUCRE;001;70001;SINCELEJO
70;SUCRE;110;70110;BUENAVISTA
70;SUCRE;124;70124;CAIMITO
70;SUCRE;204;70204;COLOSO
70;SUCRE;215;70215;COROZAL
70;SUCRE;221;70221;COVEÑAS
70;SUCRE;230;70230;CHALAN
70;SUCRE;233;70233;EL ROBLE
70;SUCRE;235;70235;GALERAS
70;SUCRE;265;70265;GUARANDA
70;SUCRE;400;70400;LA UNION
70;SUCRE;418;70418;LOS PALMITOS
70;SUCRE;429;70429;MAJAGUAL
70;SUCRE;473;70473;MORROA
70;SUCRE;508;70508;OVEJAS
70;SUCRE;523;70523;PALMITO
70;SUCRE;670;70670;SAMPUES
70;SUCRE;678;70678;SAN BENITO ABAD
70;SUCRE;702;70702;SAN JUAN DE BETULIA
70;SUCRE;708;70708;SAN MARCOS
70;SUCRE;713;70713;SAN ONOFRE
70;SUCRE;717;70717;SAN PEDRO
70;SUCRE;742;70742;SAN LUIS DE SINCE
70;SUCRE;771;70771;SUCRE
70;SUCRE;820;70820;SANTIAGO DE TOLU
70;SUCRE;823;70823;TOLU VIEJO
73;TOLIMA;001;73001;IBAGUE
73;TOLIMA;024;73024;ALPUJARRA
73;TOLIMA;026;73026;ALVARADO
73;TOLIMA;030;73030;AMBALEMA
73;TOLIMA;043;73043;ANZOATEGUI
73;TOLIMA;055;73055;ARMERO
73;TOLIMA;067;73067;ATACO
73;TOLIMA;124;73124;CAJAMARCA
73;TOLIMA;148;73148;CARMEN DE APICALA
73;TOLIMA;152;73152;CASABIANCA
73;TOLIMA;168;73168;CHAPARRAL
73;TOLIMA;200;73200;COELLO
73;TOLIMA;217;73217;COYAIMA
73;TOLIMA;226;73226;CUNDAY
73;TOLIMA;236;73236;DOLORES
73;TOLIMA;268;73268;ESPINAL
73;TOLIMA;270;73270;FALAN
73;TOLIMA;275;73275;FLANDES
73;TOLIMA;283;73283;FRESNO
73;TOLIMA;319;73319;GUAMO
73;TOLIMA;347;73347;HERVEO
73;TOLIMA;349;73349;HONDA
73;TOLIMA;352;73352;ICONONZO
73;TOLIMA;408;73408;LERIDA
73;TOLIMA;411;73411;LIBANO
73;TOLIMA;443;73443;MARIQUITA
73;TOLIMA;449;73449;MELGAR
73;TOLIMA;461;73461;MURILLO
73;TOLIMA;483;73483;NATAGAIMA
73;TOLIMA;504;73504;ORTEGA
73;TOLIMA;520;73520;PALOCABILDO
73;TOLIMA;547;73547;PIEDRAS
73;TOLIMA;555;73555;PLANADAS
73;TOLIMA;563;73563;PRADO
73;TOLIMA;585;73585;PURIFICACION
73;TOLIMA;616;73616;RIOBLANCO
73;TOLIMA;622;73622;RONCESVALLES
73;TOLIMA;624;73624;ROVIRA
73;TOLIMA;671;73671;SALDAÑA
73;TOLIMA;675;73675;SAN ANTONIO
73;TOLIMA;678;73678;SAN LUIS
73;TOLIMA;686;73686;SANTA ISABEL
73;TOLIMA;770;73770;SUAREZ
73;TOLIMA;854;73854;VALLE DE SAN JUAN
73;TOLIMA;861;73861;VENADILLO
73;TOLIMA;870;73870;VILLAHERMOSA
73;TOLIMA;873;73873;VILLARRICA
76;VALLE DEL CAUCA;001;76001;CALI
76;VALLE DEL CAUCA;020;76020;ALCALA
76;VALLE DEL CAUCA;036;76036;ANDALUCIA
76;VALLE DEL CAUCA;041;76041;ANSERMANUEVO
76;VALLE DEL CAUCA;054;76054;ARGELIA
76;VALLE DEL CAUCA;100;76100;BOLIVAR
76;VALLE DEL CAUCA;109;76109;BUENAVENTURA
76;VALLE DEL CAUCA;111;76111;GUADALAJARA DE BUGA
76;VALLE DEL CAUCA;113;76113;BUGALAGRANDE
76;VALLE DEL CAUCA;122;76122;CAICEDONIA
76;VALLE DEL CAUCA;126;76126;CALIMA
76;VALLE DEL CAUCA;130;76130;CANDELARIA
76;VALLE DEL CAUCA;147;76147;CARTAGO
76;VALLE DEL CAUCA;233;76233;DAGUA
76;VALLE DEL CAUCA;243;76243;EL AGUILA
76;VALLE DEL CAUCA;246;76246;EL CAIRO
76;VALLE DEL CAUCA;248;76248;EL CERRITO
76;VALLE DEL CAUCA;250;76250;EL DOVIO
76;VALLE DEL CAUCA;275;76275;FLORIDA
76;VALLE DEL CAUCA;306;76306;GINEBRA
76;VALLE DEL CAUCA;318;76318;GUACARI
76;VALLE DEL CAUCA;364;76364;JAMUNDI
76;VALLE DEL CAUCA;377;76377;LA CUMBRE
76;VALLE DEL CAUCA;400;76400;LA UNION
76;VALLE DEL CAUCA;403;76403;LA VICTORIA
76;VALLE DEL CAUCA;497;76497;OBANDO
76;VALLE DEL CAUCA;520;76520;PALMIRA
76;VALLE DEL CAUCA;563;76563;PRADERA
76;VALLE DEL CAUCA;606;76606;RESTREPO
76;VALLE DEL CAUCA;616;76616;RIOFRIO
76;VALLE DEL CAUCA;622;76622;ROLDANILLO
76;VALLE DEL CAUCA;670;76670;SAN PEDRO
76;VALLE DEL CAUCA;736;76736;SEVILLA
76;VALLE DEL CAUCA;823;76823;TORO
76;VALLE DEL CAUCA;828;76828;TRUJILLO
76;VALLE DEL CAUCA;834;76834;TULUA
76;VALLE DEL CAUCA;845;76845;ULLOA
76;VALLE DEL CAUCA;863;76863;VERSALLES
76;VALLE DEL CAUCA;869;76869;VIJES
76;VALLE DEL CAUCA;890;76890;YOTOCO
76;VALLE DEL CAUCA;892;76892;YUMBO
76;VALLE DEL CAUCA;895;76895;ZARZAL
81;ARAUCA;001;81001;ARAUCA
81;ARAUCA;065;81065;ARAUQUITA
81;ARAUCA;220;81220;CRAVO NORTE
81;ARAUCA;300;81300;FORTUL
81;ARAUCA;591;81591;PUERTO RONDON
81;ARAUCA;736;81736;SARAVENA
81;ARAUCA;794;81794;TAME
85;CASANARE;001;85001;YOPAL
85;CASANARE;010;85010;AGUAZUL
85;CASANARE;015;85015;CHAMEZA
85;CASANARE;125;85125;HATO COROZAL
85;CASANARE;136;85136;LA SALINA
85;CASANARE;139;85139;MANI
85;CASANARE;162;85162;MONTERREY
85;CASANARE;225;85225;NUNCHIA
85;CASANARE;230;85230;OROCUE
85;CASANARE;250;85250;PAZ DE ARIPORO
85;CASANARE;263;85263;PORE
85;CASANARE;279;85279;RECETOR
85;CASANARE;300;85300;SABANALARGA
85;CASANARE;315;85315;SACAMA
85;CASANARE;325;85325;SAN LUIS DE PALENQUE
85;CASANARE;400;85400;TAMARA
85;CASANARE;410;85410;TAURAMENA
85;CASANARE;430;85430;TRINIDAD
85;CASANARE;440;85440;VILLANUEVA
86;PUTUMAYO;001;86001;MOCOA
86;PUTUMAYO;219;86219;COLON
86;PUTUMAYO;320;86320;ORITO
86;PUTUMAYO;568;86568;PUERTO ASIS
86;PUTUMAYO;569;86569;PUERTO CAICEDO
86;PUTUMAYO;571;86571;PUERTO GUZMAN
86;PUTUMAYO;573;86573;LEGUIZAMO
86;PUTUMAYO;749;86749;SIBUNDOY
86;PUTUMAYO;755;86755;SAN FRANCISCO
86;PUTUMAYO;757;86757;SAN MIGUEL
86;PUTUMAYO;760;86760;SANTIAGO
86;PUTUMAYO;865;86865;VALLE DEL GUAMUEZ
86;PUTUMAYO;885;86885;VILLAGARZON
88;SAN ANDRES;001;88001;SAN ANDRES
88;SAN ANDRES;564;88564;PROVIDENCIA
91;AMAZONAS;001;91001;LETICIA
91;AMAZONAS;263;91263;EL ENCANTO
91;AMAZONAS;405;91405;LA CHORRERA
91;AMAZONAS;407;91407;LA PEDRERA
91;AMAZONAS;430;91430;LA VICTORIA
91;AMAZONAS;460;91460;MIRITI - PARANA
91;AMAZONAS;530;91530;PUERTO ALEGRIA
91;AMAZONAS;536;91536;PUERTO ARICA
91;AMAZONAS;540;91540;PUERTO NARIÑO
91;AMAZONAS;669;91669;PUERTO SANTANDER
91;AMAZONAS;798;91798;TARAPACA
94;GUAINIA;001;94001;INIRIDA
94;GUAINIA;343;94343;BARRANCO MINAS
94;GUAINIA;663;94663;MAPIRIPANA
94;GUAINIA;883;94883;SAN FELIPE
94;GUAINIA;884;94884;PUERTO COLOMBIA
94;GUAINIA;885;94885;LA GUADALUPE
94;GUAINIA;886;94886;CACAHUAL
94;GUAINIA;887;94887;PANA PANA
94;GUAINIA;888;94888;MORICHAL
95;GUAVIARE;001;95001;SAN JOSE DEL GUAVIARE
95;GUAVIARE;015;95015;CALAMAR
95;GUAVIARE;025;95025;EL RETORNO
95;GUAVIARE;200;95200;MIRAFLORES
97;VAUPES;001;97001;MITU
97;VAUPES;161;97161;CARURU
97;VAUPES;511;97511;PACOA
97;VAUPES;666;97666;TARAIRA
97;VAUPES;777;97777;PAPUNAUA
97;VAUPES;889;97889;YAVARATE
99;VICHADA;001;99001;PUERTO CARREÑO
99;VICHADA;524;99524;LA PRIMAVERA
99;VICHADA;624;99624;SANTA ROSALIA
99;VICHADA;773;99773;CUMARIBO
;;;;
;;;;
;;;;
;;;;
;;;;
;;;;
;;;;
;;;;
;;;;
;;;;
;;;;
;;;;
;;;;
;;;;
;;;;
;;;;
;;;;
;;;;
;;;;
;;;;
